dataset,replicate,C_target,D,R,C_lower95_one_sided,C_upper95_one_sided,D_lower95_one_sided,D_upper95_one_sided,decision,specimen_assignment_coverage,participant_assignment_coverage,validation_evaluability,index_participants,comparator_participants
GSE27262,0,0.055500000000000105,-0.2471737967914438,0.09168286219081288,-0.03721739130434787,0.1504347826086957,-0.3746825396825398,-0.11761764705882355,FAIL,1.0,1.0,1.0,24,25
GSE27262,1,-0.14216666666666672,-0.4448404634581106,-0.23485129564193172,-0.2283333333333334,-0.05716666666666681,-0.5679341736694679,-0.322848303870043,FAIL,1.0,1.0,1.0,24,25
GSE27262,2,-0.020500000000000074,-0.323173796791444,-0.03386484098939941,-0.13066666666666676,0.08400000000000007,-0.4567619047619048,-0.18861111111111117,FAIL,1.0,1.0,1.0,24,25
GSE27262,3,-0.0013333333333331865,-0.3040071301247771,-0.0022025912838631256,-0.08695652173913049,0.08336842105263154,-0.4223611111111111,-0.18161111111111117,FAIL,1.0,1.0,1.0,24,25
GSE27262,4,-0.10349999999999993,-0.40617379679144383,-0.17097614840989384,-0.20149999999999996,-0.00983333333333325,-0.5329498792270531,-0.2802771739130436,FAIL,1.0,1.0,1.0,24,25
GSE27262,5,0.04799999999999982,-0.2546737967914441,0.07929328621908097,-0.04817391304347818,0.14643478260869558,-0.38305357142857155,-0.12210720375106565,FAIL,1.0,1.0,1.0,24,25
GSE27262,6,-0.01433333333333342,-0.3170071301247773,-0.023677856301531353,-0.11843478260869561,0.10000000000000003,-0.4533202614379086,-0.17517797888386116,FAIL,1.0,1.0,1.0,24,25
GSE27262,7,-0.08550000000000002,-0.3881737967914439,-0.1412411660777385,-0.1831304347826087,0.012000000000000122,-0.5145980392156861,-0.25475757575757574,FAIL,1.0,1.0,1.0,24,25
GSE27262,8,-0.08333333333333337,-0.3860071301247773,-0.13766195524146058,-0.1776666666666667,0.013999999999999901,-0.5126904761904763,-0.25566666666666693,FAIL,1.0,1.0,1.0,24,25
GSE27262,9,-0.04133333333333322,-0.3440071301247771,-0.06828032979976423,-0.124,0.04633333333333345,-0.46270265151515144,-0.21772222222222223,FAIL,1.0,1.0,1.0,24,25
GSE27262,10,-0.06033333333333346,-0.36300713012477737,-0.09966725559481762,-0.1660869565217391,0.04800000000000004,-0.5003742588932807,-0.22271022727272732,FAIL,1.0,1.0,1.0,24,25
GSE27262,11,0.030666666666666842,-0.27200713012477706,0.05065959952885776,-0.07200000000000006,0.13043478260869573,-0.4026349206349206,-0.13616993464052285,FAIL,1.0,1.0,1.0,24,25
GSE27262,12,-0.12183333333333335,-0.42450713012477725,-0.2012617785630153,-0.23947826086956508,-0.0119999999999999,-0.5602777777777779,-0.2795460358056267,FAIL,1.0,1.0,1.0,24,25
GSE27262,13,-0.010333333333333417,-0.3130071301247773,-0.01707008244994124,-0.09483333333333333,0.06872727272727275,-0.43313888888888896,-0.19392647058823528,FAIL,1.0,1.0,1.0,24,25
GSE27262,14,-0.03600000000000003,-0.33867379679144394,-0.059469964664310995,-0.1439999999999999,0.07860869565217388,-0.47812499999999997,-0.19577922077922105,FAIL,1.0,1.0,1.0,24,25
GSE27262,15,-0.0731666666666666,-0.3758404634581105,-0.12086719670200223,-0.16800000000000004,0.023999999999999966,-0.49720256916996053,-0.24261111111111106,FAIL,1.0,1.0,1.0,24,25
GSE27262,16,-0.047666666666666746,-0.35034046345811065,-0.07874263839811554,-0.14383333333333337,0.049333333333333285,-0.47425922542930204,-0.21416666666666667,FAIL,1.0,1.0,1.0,24,25
GSE27262,17,-0.1356666666666666,-0.4383404634581105,-0.2241136631330976,-0.23433333333333328,-0.03833333333333333,-0.5624379084967321,-0.3099068627450982,FAIL,1.0,1.0,1.0,24,25
GSE27262,18,0.023500000000000076,-0.27917379679144383,0.03882067137809199,-0.08800000000000019,0.13633333333333325,-0.4172499999999999,-0.1384734654731458,FAIL,1.0,1.0,1.0,24,25
GSE27262,19,-0.0764999999999999,-0.3791737967914438,-0.1263736749116606,-0.16999999999999998,0.020000000000000018,-0.5048823012736057,-0.24812499999999998,FAIL,1.0,1.0,1.0,24,25
GSE27262,20,-0.005499999999999949,-0.30817379679144385,-0.009085689045936311,-0.1120000000000001,0.09599999999999997,-0.4415555555555555,-0.17544444444444446,FAIL,1.0,1.0,1.0,24,25
GSE27262,21,0.008833333333333249,-0.29384046345811066,0.014592167255594675,-0.08800000000000008,0.10666666666666669,-0.41828260869565226,-0.1610808080808082,FAIL,1.0,1.0,1.0,24,25
GSE27262,22,-0.02849999999999997,-0.3311737967914439,-0.047080388692579446,-0.128,0.06799999999999995,-0.46015032679738566,-0.1935980392156863,FAIL,1.0,1.0,1.0,24,25
GSE27262,23,-0.01866666666666661,-0.3213404634581105,-0.03083627797408706,-0.11704347826086942,0.08799999999999997,-0.44932843137254913,-0.1833823529411765,FAIL,1.0,1.0,1.0,24,25
GSE27262,24,-0.16249999999999992,-0.4651737967914438,-0.26844081272084785,-0.264,-0.05600000000000005,-0.5959166666666667,-0.3249375,FAIL,1.0,1.0,1.0,24,25
GSE27262,25,0.1316666666666667,-0.1710071301247772,0.21750588928150769,0.02083333333333337,0.24,-0.30968181818181817,-0.03716666666666668,FAIL,1.0,1.0,1.0,24,25
GSE27262,26,-0.007833333333333359,-0.31050713012477726,-0.01294022379269733,-0.11599999999999999,0.09483333333333321,-0.4431485507246376,-0.17358333333333342,FAIL,1.0,1.0,1.0,24,25
GSE27262,27,0.03950000000000009,-0.2631737967914438,0.06525176678445244,-0.049833333333333285,0.12150000000000005,-0.3828657289002557,-0.14087745098039223,FAIL,1.0,1.0,1.0,24,25
GSE27262,28,-0.04083333333333339,-0.3435071301247773,-0.06745435806831575,-0.14933333333333337,0.0695,-0.47932352941176476,-0.198452380952381,FAIL,1.0,1.0,1.0,24,25
GSE27262,29,-0.0678333333333333,-0.3705071301247772,-0.1120568315665488,-0.1624347826086957,0.02400000000000002,-0.492611111111111,-0.24242735042735047,FAIL,1.0,1.0,1.0,24,25
GSE27262,30,-0.12983333333333336,-0.43250713012477726,-0.21447732626619553,-0.23200000000000004,-0.027833333333333266,-0.5578958333333331,-0.298017094017094,FAIL,1.0,1.0,1.0,24,25
GSE27262,31,-0.01983333333333337,-0.3225071301247773,-0.032763545347467664,-0.136,0.09199999999999997,-0.4601067193675888,-0.1791666666666667,FAIL,1.0,1.0,1.0,24,25
GSE27262,32,0.11483333333333323,-0.18784046345811067,0.18969817432273242,0.03356521739130436,0.196,-0.30089942907334216,-0.07078472222222226,FAIL,1.0,1.0,1.0,24,25
GSE27262,33,-0.06983333333333319,-0.3725071301247771,-0.11536071849234368,-0.17549999999999993,0.034260869565217345,-0.502420814479638,-0.23384239130434786,FAIL,1.0,1.0,1.0,24,25
GSE27262,34,-0.03866666666666663,-0.34134046345811053,-0.06387514723203762,-0.15833333333333344,0.07516666666666671,-0.48346405228758155,-0.1977950089126559,FAIL,1.0,1.0,1.0,24,25
GSE27262,35,0.05399999999999994,-0.24867379679144397,0.0892049469964663,-0.07999999999999996,0.18016666666666664,-0.4089444444444445,-0.09176984126984111,FAIL,1.0,1.0,1.0,24,25
GSE27262,36,-0.09083333333333332,-0.3935071301247772,-0.15005153121319195,-0.20400000000000001,0.024499999999999966,-0.5305245098039215,-0.24416485507246372,FAIL,1.0,1.0,1.0,24,25
GSE27262,37,-0.01983333333333337,-0.3225071301247773,-0.032763545347467664,-0.13095652173913042,0.08800000000000008,-0.4620909090909091,-0.18365196078431367,FAIL,1.0,1.0,1.0,24,25
GSE27262,38,-0.0744999999999999,-0.3771737967914438,-0.12306978798586554,-0.1959999999999999,0.05233333333333334,-0.5178990384615385,-0.22283333333333344,FAIL,1.0,1.0,1.0,24,25
GSE27262,39,0.008833333333333138,-0.29384046345811077,0.014592167255594491,-0.09199999999999997,0.10872727272727278,-0.4233766565914904,-0.15866666666666668,FAIL,1.0,1.0,1.0,24,25
GSE27262,40,0.030833333333333268,-0.27184046345811064,0.050934923439340286,-0.07600000000000007,0.14730434782608692,-0.4095959595959596,-0.12056159420289875,FAIL,1.0,1.0,1.0,24,25
GSE27262,41,-0.0711666666666666,-0.3738404634581105,-0.11756330977620717,-0.1845217391304348,0.04400000000000004,-0.5207046035805627,-0.2321666666666668,FAIL,1.0,1.0,1.0,24,25
GSE27262,42,-0.06333333333333324,-0.36600713012477715,-0.10462308598350985,-0.17316666666666675,0.04999999999999993,-0.5079444444444445,-0.22468749999999993,FAIL,1.0,1.0,1.0,24,25
GSE27262,43,-0.0731666666666666,-0.3758404634581105,-0.12086719670200223,-0.1833333333333334,0.03249999999999997,-0.5116642156862745,-0.23914620162446248,FAIL,1.0,1.0,1.0,24,25
GSE27262,44,-0.07299999999999995,-0.37567379679144386,-0.12059187279151934,-0.16599999999999993,0.022260869565217334,-0.5007990196078432,-0.2490821611253198,FAIL,1.0,1.0,1.0,24,25
GSE27262,45,0.08100000000000007,-0.22167379679144383,0.13380742049469974,-0.01766666666666661,0.18366666666666653,-0.34728991596638675,-0.0882424242424244,FAIL,1.0,1.0,1.0,24,25
GSE27262,46,0.053333333333333344,-0.24934046345811056,0.08810365135453475,-0.052000000000000046,0.157391304347826,-0.3811385869565218,-0.11059313725490202,FAIL,1.0,1.0,1.0,24,25
GSE27262,47,-0.05249999999999999,-0.3551737967914439,-0.08672703180212012,-0.15600000000000003,0.043652173913043546,-0.485115787026273,-0.2225833333333332,FAIL,1.0,1.0,1.0,24,25
GSE27262,48,0.010166666666666546,-0.29250713012477736,0.016794758539457985,-0.08399999999999996,0.10434782608695647,-0.4151060606060606,-0.16344444444444461,FAIL,1.0,1.0,1.0,24,25
GSE27262,49,-0.1933333333333334,-0.4960071301247773,-0.31937573616018855,-0.3141818181818182,-0.073913043478261,-0.6456261334573357,-0.3477107843137253,FAIL,1.0,1.0,1.0,24,25
GSE27262,50,0.010166666666666657,-0.29250713012477725,0.01679475853945817,-0.09808695652173899,0.12208695652173907,-0.4289617918313572,-0.15190942028985494,FAIL,1.0,1.0,1.0,24,25
GSE27262,51,-0.1316666666666666,-0.4343404634581105,-0.2175058892815075,-0.22799999999999987,-0.03649999999999998,-0.5672714932126697,-0.30798792270531405,FAIL,1.0,1.0,1.0,24,25
GSE27262,52,-0.031166666666666676,-0.3338404634581106,-0.05148557126030625,-0.13878260869565218,0.08226086956521739,-0.4683125,-0.19103365384615373,FAIL,1.0,1.0,1.0,24,25
GSE27262,53,-0.1328333333333333,-0.4355071301247772,-0.21943315665488802,-0.2520000000000002,-0.007000000000000006,-0.5827401960784313,-0.2812941176470589,FAIL,1.0,1.0,1.0,24,25
GSE27262,54,0.0471666666666668,-0.2555071301247771,0.07791666666666687,-0.06365217391304334,0.15549999999999997,-0.39091666666666675,-0.11504166666666668,FAIL,1.0,1.0,1.0,24,25
GSE27262,55,-0.05700000000000005,-0.35967379679144396,-0.09416077738515907,-0.1713333333333334,0.051999999999999935,-0.49887254901960776,-0.21974603174603186,FAIL,1.0,1.0,1.0,24,25
GSE27262,56,-0.04683333333333328,-0.3495071301247772,-0.07736601884570073,-0.13733333333333314,0.04800000000000004,-0.4689126984126984,-0.22174242424242424,FAIL,1.0,1.0,1.0,24,25
GSE27262,57,0.03633333333333355,-0.26634046345811035,0.060020612485277146,-0.054476190476190456,0.13199999999999995,-0.38998752228163996,-0.13893076360979179,FAIL,1.0,1.0,1.0,24,25
GSE27262,58,0.03300000000000014,-0.26967379679144377,0.054514134275618596,-0.06033333333333335,0.12939130434782603,-0.3918333333333333,-0.13691787439613515,FAIL,1.0,1.0,1.0,24,25
GSE27262,59,-0.18316666666666653,-0.48584046345811044,-0.30258097762073,-0.2839999999999999,-0.08400000000000007,-0.6127049910873439,-0.3510196078431372,FAIL,1.0,1.0,1.0,24,25
GSE27262,60,0.04816666666666658,-0.2545071301247773,0.07956861012956404,-0.06000000000000005,0.16800000000000004,-0.39222222222222225,-0.10815441176470592,FAIL,1.0,1.0,1.0,24,25
GSE27262,61,-0.01866666666666672,-0.3213404634581106,-0.030836277974087244,-0.11083333333333334,0.07147826086956516,-0.44720231729055254,-0.19470707070707072,FAIL,1.0,1.0,1.0,24,25
GSE27262,62,0.05633333333333346,-0.24634046345811045,0.09305948174322752,-0.05400000000000016,0.16000000000000003,-0.38298989898989916,-0.1027525252525252,FAIL,1.0,1.0,1.0,24,25
GSE27262,63,0.2526666666666667,-0.0500071301247772,0.4173910482921083,0.1216666666666667,0.37533333333333335,-0.20244117647058818,0.10032887700534754,INSUFFICIENT_SUPPORT,1.0,1.0,1.0,24,25
GSE27262,64,-0.11166666666666658,-0.4143404634581105,-0.18446702002355694,-0.21478260869565224,-0.005833333333333357,-0.5405193236714975,-0.2782121212121212,FAIL,1.0,1.0,1.0,24,25
GSE27262,65,-0.08299999999999996,-0.38567379679144387,-0.13711130742049463,-0.18399999999999994,0.015166666666666773,-0.5124705882352941,-0.25527678571428575,FAIL,1.0,1.0,1.0,24,25
GSE27262,66,-0.08833333333333326,-0.39100713012477717,-0.14592167255594804,-0.19321739130434784,0.02533333333333332,-0.5283333333333333,-0.24508333333333338,FAIL,1.0,1.0,1.0,24,25
GSE27262,67,-0.11183333333333334,-0.41450713012477725,-0.18474234393404002,-0.2119999999999999,-0.02399999999999991,-0.5412289002557544,-0.28433333333333344,FAIL,1.0,1.0,1.0,24,25
GSE27262,68,0.12516666666666687,-0.17750713012477704,0.20676825677267402,0.004000000000000115,0.23981818181818165,-0.322111111111111,-0.040423611111111146,FAIL,1.0,1.0,1.0,24,25
GSE27262,69,-0.013833333333333253,-0.31650713012477716,-0.022851884570082314,-0.132,0.10016666666666674,-0.469215415019763,-0.1738333333333334,FAIL,1.0,1.0,1.0,24,25
GSE27262,70,-0.01200000000000001,-0.3146737967914439,-0.019823321554770332,-0.10466666666666669,0.07999999999999996,-0.43495726495726506,-0.19137439613526563,FAIL,1.0,1.0,1.0,24,25
GSE27262,71,0.016166666666666663,-0.28650713012477724,0.026706419316843335,-0.10400000000000015,0.128,-0.4302058823529411,-0.15058333333333346,FAIL,1.0,1.0,1.0,24,25
GSE27262,72,0.03316666666666668,-0.2695071301247772,0.05478945818610131,-0.06163636363636371,0.124,-0.3903088235294117,-0.14091666666666663,FAIL,1.0,1.0,1.0,24,25
GSE27262,73,-0.01783333333333348,-0.3205071301247774,-0.02945965842167279,-0.1286956521739131,0.09599999999999997,-0.45989903846153846,-0.1719362745098041,FAIL,1.0,1.0,1.0,24,25
GSE27262,74,0.03933333333333333,-0.2633404634581106,0.06497644287396936,-0.05599999999999994,0.13,-0.39104061624649866,-0.1353823529411765,FAIL,1.0,1.0,1.0,24,25
GSE27262,75,-0.058833333333333404,-0.3615071301247773,-0.09718934040047124,-0.16933333333333328,0.04349999999999998,-0.4950555555555556,-0.22808333333333336,FAIL,1.0,1.0,1.0,24,25
GSE27262,76,0.07383333333333342,-0.2288404634581105,0.12196849234393416,-0.028000000000000025,0.17233333333333334,-0.3564444444444446,-0.09917559523809516,FAIL,1.0,1.0,1.0,24,25
GSE27262,77,0.06833333333333336,-0.23434046345811055,0.11288280329799766,-0.05283333333333329,0.1840000000000001,-0.38475000000000004,-0.08855555555555553,FAIL,1.0,1.0,1.0,24,25
GSE27262,78,0.09416666666666662,-0.20850713012477728,0.1555580094228503,-0.01617391304347826,0.20800000000000002,-0.3483725490196079,-0.06549999999999995,FAIL,1.0,1.0,1.0,24,25
GSE27262,79,-0.011333333333333195,-0.3140071301247771,-0.018722025912838402,-0.1112727272727273,0.09199999999999997,-0.44938235294117646,-0.18006862745098035,FAIL,1.0,1.0,1.0,24,25
GSE27262,80,-0.0011666666666667602,-0.30384046345811067,-0.0019272673733806017,-0.1022608695652174,0.09733333333333338,-0.4373693181818181,-0.17682427536231876,FAIL,1.0,1.0,1.0,24,25
GSE27262,81,-0.0548333333333334,-0.3575071301247773,-0.09058156654888114,-0.16399999999999998,0.05599999999999994,-0.4937076648841354,-0.21483333333333335,FAIL,1.0,1.0,1.0,24,25
GSE27262,82,0.027000000000000024,-0.2756737967914439,0.04460247349823325,-0.05800000000000005,0.11266666666666669,-0.397377557544757,-0.15128409090909106,FAIL,1.0,1.0,1.0,24,25
GSE27262,83,0.06766666666666665,-0.23500713012477725,0.11178150765606591,-0.022500000000000075,0.1507826086956522,-0.3569465240641712,-0.11281521739130435,FAIL,1.0,1.0,1.0,24,25
GSE27262,84,0.0651666666666666,-0.2375071301247773,0.107651648998822,-0.039999999999999925,0.16921739130434776,-0.3748630952380952,-0.1025208333333334,FAIL,1.0,1.0,1.0,24,25
GSE27262,85,-0.05916666666666659,-0.3618404634581105,-0.09773998822143684,-0.15600000000000014,0.044000000000000095,-0.48501690821256044,-0.22196078431372562,FAIL,1.0,1.0,1.0,24,25
GSE27262,86,0.0023333333333332984,-0.3003404634581106,0.003854534746760837,-0.10383333333333333,0.10400000000000009,-0.4337450980392158,-0.16452380952380946,FAIL,1.0,1.0,1.0,24,25
GSE27262,87,-0.02433333333333343,-0.32700713012477733,-0.04019729093050663,-0.13033333333333325,0.07923809523809533,-0.45922222222222225,-0.1910368906455862,FAIL,1.0,1.0,1.0,24,25
GSE27262,88,0.06566666666666676,-0.23700713012477714,0.10847762073027105,-0.04399999999999993,0.16799999999999987,-0.37375980392156866,-0.09950649350649371,FAIL,1.0,1.0,1.0,24,25
GSE27262,89,-0.08749999999999991,-0.3901737967914438,-0.1445450530035334,-0.20799999999999996,0.039999999999999925,-0.538794117647059,-0.23614215686274515,FAIL,1.0,1.0,1.0,24,25
GSE27262,90,0.06999999999999995,-0.23267379679144395,0.11563604240282675,-0.03913043478260869,0.17600000000000005,-0.37087700534759355,-0.094429292929293,FAIL,1.0,1.0,1.0,24,25
GSE27262,91,-0.179,-0.4816737967914439,-0.2956978798586572,-0.27266666666666683,-0.08000000000000002,-0.6042037768994291,-0.3472525252525252,FAIL,1.0,1.0,1.0,24,25
GSE27262,92,-0.10783333333333334,-0.41050713012477724,-0.17813457008244993,-0.22283333333333338,0.012666666666666715,-0.5512004830917876,-0.25661616161616163,FAIL,1.0,1.0,1.0,24,25
GSE27262,93,0.1233333333333334,-0.1793404634581105,0.20373969375736167,0.016000000000000014,0.23199999999999998,-0.3174886363636363,-0.03816666666666663,FAIL,1.0,1.0,1.0,24,25
GSE27262,94,0.0701666666666666,-0.2325071301247773,0.11591136631330964,-0.03966666666666685,0.184,-0.3696111111111111,-0.09059313725490198,FAIL,1.0,1.0,1.0,24,25
GSE27262,95,0.07966666666666666,-0.22300713012477724,0.13160482921083624,-0.03199999999999992,0.1919999999999999,-0.3610252525252524,-0.08528921568627457,FAIL,1.0,1.0,1.0,24,25
GSE27262,96,0.021500000000000075,-0.28117379679144383,0.03551678445229694,-0.09249999999999992,0.13478260869565228,-0.4141932773109244,-0.1356570048309177,FAIL,1.0,1.0,1.0,24,25
GSE27262,97,-0.1379999999999999,-0.4406737967914438,-0.22796819787985845,-0.24833333333333352,-0.028833333333333266,-0.5795404411764706,-0.3042004830917875,FAIL,1.0,1.0,1.0,24,25
GSE27262,98,0.07366666666666655,-0.22900713012477736,0.1216931684334509,-0.028173913043478382,0.1681739130434784,-0.35875735294117633,-0.09715953654188944,FAIL,1.0,1.0,1.0,24,25
GSE27262,99,-0.058666666666666756,-0.36134046345811066,-0.09691401648998835,-0.1986666666666667,0.07860869565217388,-0.518772378516624,-0.19420588235294112,FAIL,1.0,1.0,1.0,24,25
GSE27262,100,-0.049000000000000044,-0.35167379679144395,-0.08094522968197886,-0.14683333333333332,0.041333333333333444,-0.48072485726833547,-0.2256319073083779,FAIL,1.0,1.0,1.0,24,25
GSE27262,101,0.05233333333333334,-0.25034046345811056,0.08645170789163723,-0.04483333333333328,0.14716666666666667,-0.3754285714285713,-0.1254243199255988,FAIL,1.0,1.0,1.0,24,25
GSE27262,102,-0.08533333333333326,-0.38800713012477717,-0.14096584216725544,-0.1713333333333334,0.0,-0.506634238310709,-0.2627777777777778,FAIL,1.0,1.0,1.0,24,25
GSE27262,103,-0.0628333333333333,-0.3655071301247772,-0.10379711425206117,-0.20666666666666667,0.07200000000000006,-0.5301616161616161,-0.20607539682539688,FAIL,1.0,1.0,1.0,24,25
GSE27262,104,-0.04616666666666669,-0.3488404634581106,-0.07626472320376916,-0.15599999999999986,0.06833333333333336,-0.4851875,-0.2055539215686274,FAIL,1.0,1.0,1.0,24,25
GSE27262,105,0.1253333333333334,-0.1773404634581105,0.20704358068315673,0.03183333333333338,0.21866666666666668,-0.3066666666666669,-0.04707843137254916,FAIL,1.0,1.0,1.0,24,25
GSE27262,106,0.08716666666666661,-0.2155071301247773,0.14399440518256762,-0.007999999999999896,0.18434782608695643,-0.3400265700483094,-0.07976984126984119,FAIL,1.0,1.0,1.0,24,25
GSE27262,107,-0.09249999999999992,-0.3951737967914438,-0.15280477031802103,-0.21066666666666667,0.02400000000000002,-0.5414278074866311,-0.24992647058823533,FAIL,1.0,1.0,1.0,24,25
GSE27262,108,0.054333333333333345,-0.24834046345811056,0.08975559481743227,-0.04956521739130426,0.16052173913043494,-0.38176960784313724,-0.1097222222222223,FAIL,1.0,1.0,1.0,24,25
GSE27262,109,-0.07333333333333325,-0.37600713012477716,-0.12114252061248512,-0.16072727272727272,0.016000000000000014,-0.49877124183006544,-0.2498541666666667,FAIL,1.0,1.0,1.0,24,25
GSE27262,110,0.08383333333333332,-0.2188404634581106,0.13848792697290924,-0.01783333333333348,0.18799999999999983,-0.35394444444444456,-0.08318115942028984,FAIL,1.0,1.0,1.0,24,25
GSE27262,111,0.017166666666666663,-0.28550713012477724,0.02835836277974086,-0.09949999999999992,0.1394545454545455,-0.43076941657376444,-0.13750000000000007,FAIL,1.0,1.0,1.0,24,25
GSE27262,112,0.02950000000000008,-0.2731737967914438,0.048732332155477155,-0.08599999999999997,0.13949999999999996,-0.4142777777777779,-0.13034280303030304,FAIL,1.0,1.0,1.0,24,25
GSE27262,113,-0.027999999999999914,-0.3306737967914438,-0.04625441696113059,-0.11199999999999988,0.051999999999999935,-0.4508067632850241,-0.20832107843137243,FAIL,1.0,1.0,1.0,24,25
GSE27262,114,0.04516666666666669,-0.2575071301247772,0.07461277974087163,-0.05999999999999994,0.14766666666666656,-0.3912222222222223,-0.12254678362573118,FAIL,1.0,1.0,1.0,24,25
GSE27262,115,-0.01550000000000007,-0.318173796791444,-0.02560512367491177,-0.1396521739130434,0.11443478260869566,-0.46511161856046773,-0.16299999999999998,FAIL,1.0,1.0,1.0,24,25
GSE27262,116,-0.025833333333333264,-0.32850713012477717,-0.04267520612485264,-0.15399999999999986,0.10069565217391296,-0.48754044117647055,-0.17693589743589766,FAIL,1.0,1.0,1.0,24,25
GSE27262,117,0.012833333333333474,-0.28984046345811043,0.021199941107185153,-0.09650000000000003,0.124,-0.4279474153297684,-0.1458021390374331,FAIL,1.0,1.0,1.0,24,25
GSE27262,118,-0.05449999999999999,-0.3571737967914439,-0.09003091872791516,-0.1356666666666667,0.02399999999999991,-0.47905555555555557,-0.23861011904761903,FAIL,1.0,1.0,1.0,24,25
GSE27262,119,0.0701666666666666,-0.2325071301247773,0.11591136631330964,-0.03916666666666668,0.184,-0.36705128205128196,-0.0871938159879336,FAIL,1.0,1.0,1.0,24,25
GSE27262,120,0.08750000000000008,-0.21517379679144383,0.14454505300353368,-0.005217391304347729,0.17913043478260865,-0.3350535714285715,-0.08327777777777784,FAIL,1.0,1.0,1.0,24,25
GSE27262,121,0.09283333333333332,-0.20984046345811058,0.153355418138987,-0.0119999999999999,0.1999999999999998,-0.3425,-0.07275000000000004,FAIL,1.0,1.0,1.0,24,25
GSE27262,122,-0.0771666666666666,-0.3798404634581105,-0.12747497055359233,-0.18349999999999983,0.03200000000000003,-0.5132777777777777,-0.23457516339869278,FAIL,1.0,1.0,1.0,24,25
GSE27262,123,-0.06483333333333341,-0.3675071301247773,-0.10710100117785641,-0.14799999999999996,0.02399999999999991,-0.4863088235294118,-0.24460606060606066,FAIL,1.0,1.0,1.0,24,25
GSE27262,124,0.054333333333333456,-0.24834046345811045,0.08975559481743246,-0.05791304347826087,0.1681666666666667,-0.38642081447963794,-0.10061538461538455,FAIL,1.0,1.0,1.0,24,25
GSE27262,125,0.020666666666666722,-0.2820071301247772,0.0341401648998823,-0.10000000000000003,0.132,-0.4262777777777778,-0.13583701464775644,FAIL,1.0,1.0,1.0,24,25
GSE27262,126,-0.04283333333333339,-0.3455071301247773,-0.0707582449941108,-0.15200000000000002,0.07199999999999984,-0.4823088235294118,-0.2041111111111112,FAIL,1.0,1.0,1.0,24,25
GSE27262,127,0.0558333333333334,-0.2468404634581105,0.09223351001177865,-0.06121739130434778,0.16666666666666669,-0.38844444444444454,-0.10328409090909102,FAIL,1.0,1.0,1.0,24,25
GSE27262,128,0.017833333333333368,-0.28484046345811054,0.029459658421672606,-0.11199999999999999,0.14016666666666677,-0.44216512955643383,-0.13011111111111112,FAIL,1.0,1.0,1.0,24,25
GSE27262,129,0.01083333333333325,-0.29184046345811065,0.01789605418138973,-0.07599999999999996,0.09999999999999987,-0.4083333333333335,-0.1658484848484848,FAIL,1.0,1.0,1.0,24,25
GSE27262,130,0.12316666666666654,-0.17950713012477737,0.20346436984687843,0.02109090909090905,0.22799999999999998,-0.3098547008547008,-0.04297612958226754,FAIL,1.0,1.0,1.0,24,25
GSE27262,131,-0.0495000000000001,-0.352173796791444,-0.08177120141342771,-0.1376666666666665,0.040999999999999925,-0.4706919191919193,-0.22481308610400697,FAIL,1.0,1.0,1.0,24,25
GSE27262,132,-0.0728333333333333,-0.3755071301247772,-0.12031654888103645,-0.17373913043478245,0.02399999999999991,-0.5093181818181818,-0.24996078431372543,FAIL,1.0,1.0,1.0,24,25
GSE27262,133,-0.10266666666666657,-0.4053404634581105,-0.1695995288574792,-0.22433333333333322,0.03286956521739126,-0.5621060606060608,-0.24284453781512605,FAIL,1.0,1.0,1.0,24,25
GSE27262,134,-0.04383333333333317,-0.3465071301247771,-0.07241018845700796,-0.1492173913043478,0.06800000000000006,-0.4794438502673795,-0.20500000000000013,FAIL,1.0,1.0,1.0,24,25
GSE27262,135,0.1186666666666667,-0.1840071301247772,0.19603062426383983,0.015999999999999903,0.22452173913043483,-0.32199999999999995,-0.0458970588235294,FAIL,1.0,1.0,1.0,24,25
GSE27262,136,0.023833333333333262,-0.27884046345811064,0.03937131919905759,-0.07433333333333336,0.12818181818181806,-0.41061111111111104,-0.14566911764705892,FAIL,1.0,1.0,1.0,24,25
GSE27262,137,0.018333333333333313,-0.2843404634581106,0.03028563015312128,-0.09095652173913038,0.12416666666666665,-0.4180808080808082,-0.14500000000000007,FAIL,1.0,1.0,1.0,24,25
GSE27262,138,0.12216666666666665,-0.18050713012477726,0.2018124263839811,0.00417391304347825,0.23763636363636365,-0.319998023715415,-0.038000000000000034,FAIL,1.0,1.0,1.0,24,25
GSE27262,139,-0.14266666666666655,-0.44534046345811046,-0.2356772673733802,-0.2703333333333334,-0.013739130434782698,-0.5960833333333333,-0.291921568627451,FAIL,1.0,1.0,1.0,24,25
GSE27262,140,-0.04600000000000004,-0.34867379679144395,-0.07598939929328627,-0.16616666666666668,0.07366666666666677,-0.4941217948717948,-0.19832107843137253,FAIL,1.0,1.0,1.0,24,25
GSE27262,141,-0.04349999999999998,-0.3461737967914439,-0.07185954063604236,-0.13600000000000007,0.046666666666666745,-0.469611111111111,-0.2148333333333335,FAIL,1.0,1.0,1.0,24,25
GSE27262,142,0.07500000000000007,-0.22767379679144384,0.12389575971731458,-0.042545454545454664,0.1971666666666665,-0.3732898550724637,-0.08100980392156856,FAIL,1.0,1.0,1.0,24,25
GSE27262,143,-0.07100000000000006,-0.37367379679144397,-0.11728798586572446,-0.20400000000000018,0.05599999999999994,-0.5283333333333335,-0.21256547619047622,FAIL,1.0,1.0,1.0,24,25
GSE27262,144,-0.010000000000000009,-0.3126737967914439,-0.016519434628975278,-0.10283333333333333,0.08365217391304347,-0.4360965909090908,-0.1816111111111111,FAIL,1.0,1.0,1.0,24,25
GSE27262,145,-0.05483333333333329,-0.3575071301247772,-0.09058156654888094,-0.15600000000000003,0.04127272727272713,-0.4843611111111111,-0.22578787878787887,FAIL,1.0,1.0,1.0,24,25
GSE27262,146,0.05016666666666658,-0.2525071301247773,0.0828724970553591,-0.027999999999999914,0.1309999999999999,-0.3663030303030304,-0.1309375,FAIL,1.0,1.0,1.0,24,25
GSE27262,147,0.006833333333333358,-0.29584046345811055,0.011288280329799803,-0.11599999999999999,0.1306666666666667,-0.44697222222222227,-0.14163043478260878,FAIL,1.0,1.0,1.0,24,25
GSE27262,148,-0.043333333333333335,-0.34600713012477724,-0.07158421672555947,-0.16327272727272724,0.07161904761904764,-0.4868659420289855,-0.20208333333333325,FAIL,1.0,1.0,1.0,24,25
GSE27262,149,-0.02833333333333332,-0.3310071301247772,-0.046805064782096555,-0.11599999999999999,0.05999999999999994,-0.4555565610859728,-0.20700000000000007,FAIL,1.0,1.0,1.0,24,25
GSE27262,150,-0.007833333333333248,-0.31050713012477715,-0.012940223792697146,-0.13199999999999995,0.11200000000000015,-0.4623333333333333,-0.16244444444444422,FAIL,1.0,1.0,1.0,24,25
GSE27262,151,0.025666666666666615,-0.2770071301247773,0.04239988221436976,-0.0663636363636364,0.128,-0.40235353535353546,-0.1468627450980392,FAIL,1.0,1.0,1.0,24,25
GSE27262,152,0.04366666666666674,-0.25900713012477716,0.07213486454652544,-0.06633333333333347,0.15599999999999997,-0.3952777777777777,-0.12039869281045762,FAIL,1.0,1.0,1.0,24,25
GSE27262,153,0.01649999999999996,-0.28617379679144395,0.027257067137809114,-0.07200000000000006,0.10650000000000004,-0.4067626262626263,-0.16427678571428578,FAIL,1.0,1.0,1.0,24,25
GSE27262,154,-0.13016666666666654,-0.43284046345811045,-0.21502797408716112,-0.24495238095238098,-0.012000000000000122,-0.5730409982174687,-0.29210101010101014,FAIL,1.0,1.0,1.0,24,25
GSE27262,155,0.053166666666666695,-0.2495071301247772,0.08782832744405186,-0.05391304347826087,0.16000000000000003,-0.3823939393939394,-0.11883333333333329,FAIL,1.0,1.0,1.0,24,25
GSE27262,156,0.0003333333333332966,-0.3023404634581106,0.0005506478209657814,-0.11860869565217391,0.12316666666666676,-0.4586920289855072,-0.15183333333333324,FAIL,1.0,1.0,1.0,24,25
GSE27262,157,-0.06166666666666665,-0.36434046345811055,-0.10186984687868075,-0.15999999999999992,0.03200000000000003,-0.4900555555555556,-0.23986029411764712,FAIL,1.0,1.0,1.0,24,25
GSE27262,158,-0.03366666666666651,-0.3363404634581104,-0.055615429917549794,-0.1351304347826086,0.07200000000000006,-0.46820588235294114,-0.2001699346405229,FAIL,1.0,1.0,1.0,24,25
GSE27262,159,0.013000000000000123,-0.2896737967914438,0.021475265017668044,-0.09773913043478255,0.12816666666666676,-0.42818067226890766,-0.14686297760210804,FAIL,1.0,1.0,1.0,24,25
GSE27262,160,-0.007333333333333414,-0.3100071301247773,-0.012114252061248658,-0.10566666666666669,0.09600000000000009,-0.43983333333333335,-0.17171895424836608,FAIL,1.0,1.0,1.0,24,25
GSE27262,161,0.02416666666666656,-0.27850713012477735,0.039921967020023374,-0.08539130434782621,0.12490909090909097,-0.41361111111111115,-0.1374298642533937,FAIL,1.0,1.0,1.0,24,25
GSE27262,162,0.028999999999999915,-0.273673796791444,0.04790636042402812,-0.06799999999999995,0.127,-0.40705357142857135,-0.14083333333333325,FAIL,1.0,1.0,1.0,24,25
GSE27262,163,0.06933333333333336,-0.23334046345811055,0.11453474676089519,-0.03283333333333338,0.17200000000000004,-0.36604977375565617,-0.09866666666666674,FAIL,1.0,1.0,1.0,24,25
GSE27262,164,-0.030999999999999917,-0.3336737967914438,-0.05121024734982318,-0.14966666666666667,0.08799999999999997,-0.4763888888888889,-0.18926470588235295,FAIL,1.0,1.0,1.0,24,25
GSE27262,165,0.06649999999999989,-0.236173796791444,0.10985424028268531,-0.05633333333333329,0.18654545454545457,-0.3907222222222223,-0.08340909090909088,FAIL,1.0,1.0,1.0,24,25
GSE27262,166,0.07750000000000001,-0.2251737967914439,0.1280256183745583,-0.012666666666666604,0.16939130434782612,-0.348991452991453,-0.09913306982872211,FAIL,1.0,1.0,1.0,24,25
GSE27262,167,-0.0704999999999999,-0.3731737967914438,-0.11646201413427543,-0.18483333333333324,0.042086956521739105,-0.5129661835748792,-0.22863536719035446,FAIL,1.0,1.0,1.0,24,25
GSE27262,168,-0.04683333333333339,-0.3495071301247773,-0.0773660188457009,-0.17350000000000004,0.07356521739130428,-0.5022777777777776,-0.2026274509803921,FAIL,1.0,1.0,1.0,24,25
GSE27262,169,-0.04266666666666674,-0.34534046345811065,-0.07048292108362791,-0.1480000000000002,0.05999999999999994,-0.48088888888888903,-0.2090833333333334,FAIL,1.0,1.0,1.0,24,25
GSE27262,170,0.07683333333333331,-0.2258404634581106,0.12692432273262655,-0.04200000000000015,0.19200000000000006,-0.3666428571428572,-0.07770588235294121,FAIL,1.0,1.0,1.0,24,25
GSE27262,171,0.03249999999999997,-0.27017379679144393,0.053688162544169554,-0.06900000000000006,0.1349999999999999,-0.40370707070707074,-0.13499758454106303,FAIL,1.0,1.0,1.0,24,25
GSE27262,172,-0.028666666666666618,-0.3313404634581105,-0.04735571260306234,-0.15083333333333343,0.09495652173913044,-0.4840859728506787,-0.1793823529411766,FAIL,1.0,1.0,1.0,24,25
GSE27262,173,-0.14483333333333331,-0.4475071301247772,-0.23925647820965834,-0.24399999999999994,-0.04583333333333339,-0.5823935340022296,-0.3161111111111111,FAIL,1.0,1.0,1.0,24,25
GSE27262,174,-0.033499999999999974,-0.3361737967914439,-0.05534010600706708,-0.1577391304347826,0.08899999999999997,-0.48688888888888887,-0.1857222222222224,FAIL,1.0,1.0,1.0,24,25
GSE27262,175,-0.025833333333333375,-0.3285071301247773,-0.04267520612485283,-0.14016666666666666,0.08516666666666683,-0.4705441176470589,-0.18771040723981913,FAIL,1.0,1.0,1.0,24,25
GSE27262,176,-0.03833333333333322,-0.3410071301247771,-0.06332449941107166,-0.12799999999999995,0.04799999999999993,-0.4619999999999999,-0.21416239316239316,FAIL,1.0,1.0,1.0,24,25
GSE27262,177,0.08199999999999996,-0.22067379679144394,0.13545936395759708,-0.012000000000000122,0.17999999999999994,-0.34582916117698737,-0.09308333333333335,FAIL,1.0,1.0,1.0,24,25
GSE27262,178,0.041166666666666685,-0.2615071301247772,0.06800500588928153,-0.04799999999999993,0.1306666666666666,-0.3851550802139039,-0.14085826939471435,FAIL,1.0,1.0,1.0,24,25
GSE27262,179,-0.03850000000000009,-0.341173796791444,-0.06359982332155491,-0.1427272727272728,0.05583333333333329,-0.47160457516339865,-0.20923015873015866,FAIL,1.0,1.0,1.0,24,25
GSE27262,180,0.01733333333333331,-0.2853404634581106,0.02863368669022375,-0.08218181818181802,0.11466666666666658,-0.4101666666666667,-0.1559397150164413,FAIL,1.0,1.0,1.0,24,25
GSE27262,181,-0.06466666666666665,-0.36734046345811056,-0.10682567726737334,-0.1880000000000001,0.057499999999999996,-0.5174734299516907,-0.21647385620915027,FAIL,1.0,1.0,1.0,24,25
GSE27262,182,0.01966666666666661,-0.2830071301247773,0.032488221436984585,-0.07850000000000001,0.11657142857142855,-0.4081607142857144,-0.1532144522144522,FAIL,1.0,1.0,1.0,24,25
GSE27262,183,0.010666666666666602,-0.2920071301247773,0.01762073027090684,-0.09133333333333327,0.1182608695652172,-0.4226060606060606,-0.1490833333333333,FAIL,1.0,1.0,1.0,24,25
GSE27262,184,0.0678333333333333,-0.2348404634581106,0.1120568315665488,-0.0528695652173915,0.19381818181818172,-0.3863088235294117,-0.08817320261437916,FAIL,1.0,1.0,1.0,24,25
GSE27262,185,-0.08999999999999997,-0.3926737967914439,-0.14867491166077731,-0.1880000000000001,0.012869565217391354,-0.5167460317460318,-0.26055555555555565,FAIL,1.0,1.0,1.0,24,25
GSE27262,186,0.08633333333333326,-0.21634046345811064,0.14261778563015298,-0.02399999999999991,0.19283333333333336,-0.3544379084967321,-0.07952525252525247,FAIL,1.0,1.0,1.0,24,25
GSE27262,187,-0.09366666666666668,-0.3963404634581106,-0.15473203769140165,-0.1919999999999999,0.005818181818181611,-0.527846153846154,-0.26150735294117644,FAIL,1.0,1.0,1.0,24,25
GSE27262,188,0.08633333333333337,-0.21634046345811053,0.14261778563015315,-0.004666666666666597,0.17854545454545456,-0.3404375000000001,-0.09308080808080804,FAIL,1.0,1.0,1.0,24,25
GSE27262,189,-0.04083333333333339,-0.3435071301247773,-0.06745435806831575,-0.14400000000000002,0.06452173913043474,-0.47082887700534765,-0.2085103464310626,FAIL,1.0,1.0,1.0,24,25
GSE27262,190,-0.06066666666666665,-0.36334046345811055,-0.10021790341578322,-0.17999999999999988,0.05599999999999994,-0.5088787878787877,-0.21716666666666673,FAIL,1.0,1.0,1.0,24,25
GSE27262,191,-0.046333333333333226,-0.34900713012477713,-0.07654004711425187,-0.15472727272727266,0.06399999999999995,-0.48150000000000004,-0.2060245098039217,FAIL,1.0,1.0,1.0,24,25
GSE27262,192,0.04616666666666658,-0.2565071301247773,0.07626472320376898,-0.044166666666666576,0.1446666666666666,-0.3798186274509803,-0.12338235294117644,FAIL,1.0,1.0,1.0,24,25
GSE27262,193,-0.04400000000000004,-0.34667379679144394,-0.07268551236749121,-0.1381666666666666,0.04633333333333334,-0.47524386724386736,-0.21738888888888888,FAIL,1.0,1.0,1.0,24,25
GSE27262,194,0.0658333333333333,-0.2368404634581106,0.10875294464075375,-0.016000000000000014,0.15200000000000002,-0.3521151960784313,-0.11482026143790838,FAIL,1.0,1.0,1.0,24,25
GSE27262,195,-0.03616666666666679,-0.3388404634581107,-0.05974528857479407,-0.1701666666666667,0.09866666666666668,-0.49561111111111117,-0.1816256038647343,FAIL,1.0,1.0,1.0,24,25
GSE27262,196,-0.013499999999999956,-0.31617379679144386,-0.02230123674911653,-0.1106086956521739,0.08799999999999997,-0.43797570332480806,-0.17784848484848492,FAIL,1.0,1.0,1.0,24,25
GSE27262,197,0.04349999999999998,-0.2591737967914439,0.07185954063604236,-0.0625,0.14869565217391295,-0.3905021312872975,-0.11884558823529404,FAIL,1.0,1.0,1.0,24,25
GSE27262,198,0.04300000000000004,-0.25967379679144387,0.07103356890459368,-0.05600000000000016,0.1479999999999999,-0.39139663256607,-0.12112384716732544,FAIL,1.0,1.0,1.0,24,25
GSE27262,199,-0.004166666666666763,-0.30684046345811067,-0.006883097762073184,-0.09652173913043482,0.08418181818181814,-0.4289722222222223,-0.17794444444444446,FAIL,1.0,1.0,1.0,24,25
GSE27262,200,0.022333333333333316,-0.2803404634581106,0.03689340400471139,-0.07599999999999996,0.11530434782608695,-0.4020959595959596,-0.15750000000000003,FAIL,1.0,1.0,1.0,24,25
GSE27262,201,0.1678333333333334,-0.13484046345811052,0.2772511778563016,0.052000000000000046,0.284,-0.28164772727272736,0.010547348484848562,INSUFFICIENT_SUPPORT,1.0,1.0,1.0,24,25
GSE27262,202,0.0045000000000000595,-0.29817379679144385,0.007433745583038966,-0.0685,0.08000000000000002,-0.4054105392156863,-0.1811792108147608,FAIL,1.0,1.0,1.0,24,25
GSE27262,203,-0.061000000000000054,-0.36367379679144396,-0.10076855123674919,-0.20000000000000007,0.08166666666666667,-0.5229242424242426,-0.2025588235294118,FAIL,1.0,1.0,1.0,24,25
GSE27262,204,-0.06299999999999994,-0.36567379679144385,-0.10407243816254406,-0.1672727272727273,0.044499999999999984,-0.49866666666666665,-0.231279340721796,FAIL,1.0,1.0,1.0,24,25
GSE27262,205,0.07983333333333331,-0.2228404634581106,0.13188015312131915,-0.014666666666666606,0.1824347826086956,-0.3464444444444444,-0.08905555555555555,FAIL,1.0,1.0,1.0,24,25
GSE27262,206,-0.08299999999999996,-0.38567379679144387,-0.13711130742049463,-0.1896666666666667,0.03200000000000003,-0.5222499999999999,-0.2356764705882353,FAIL,1.0,1.0,1.0,24,25
GSE27262,207,-0.011833333333333362,-0.31450713012477727,-0.01954799764428744,-0.11750000000000005,0.09600000000000009,-0.44812500000000005,-0.18128921568627449,FAIL,1.0,1.0,1.0,24,25
GSE27262,208,-0.10333333333333328,-0.4060071301247772,-0.17070082449941096,-0.20800000000000013,-0.003478260869565264,-0.5376617647058825,-0.2712222222222222,FAIL,1.0,1.0,1.0,24,25
GSE27262,209,-0.07550000000000001,-0.3781737967914439,-0.12472173144876325,-0.15599999999999997,0.016000000000000125,-0.49250000000000016,-0.25497727272727283,FAIL,1.0,1.0,1.0,24,25
GSE27262,210,-0.012666666666666715,-0.3153404634581106,-0.020924617196702078,-0.11999999999999994,0.09416666666666651,-0.4470028011204483,-0.17700980392156865,FAIL,1.0,1.0,1.0,24,25
GSE27262,211,0.10199999999999992,-0.20067379679144398,0.16849823321554755,0.0,0.20799999999999985,-0.33080917874396143,-0.0628146167557933,FAIL,1.0,1.0,1.0,24,25
GSE27262,212,0.11233333333333334,-0.19034046345811056,0.1855683156654888,-0.01333333333333342,0.24521739130434778,-0.3379444444444444,-0.0285555555555555,FAIL,1.0,1.0,1.0,24,25
GSE27262,213,-0.08233333333333326,-0.38500713012477716,-0.13601001177856287,-0.1956521739130434,0.03200000000000003,-0.5225217391304349,-0.24075252525252533,FAIL,1.0,1.0,1.0,24,25
GSE27262,214,-0.02650000000000008,-0.329173796791444,-0.043776501766784576,-0.1243333333333333,0.06400000000000006,-0.4540454545454546,-0.20276068376068374,FAIL,1.0,1.0,1.0,24,25
GSE27262,215,-0.13666666666666655,-0.43934046345811045,-0.22576560659599504,-0.22399999999999987,-0.05634782608695654,-0.5586385869565218,-0.31985714285714284,FAIL,1.0,1.0,1.0,24,25
GSE27262,216,0.1416666666666666,-0.1610071301247773,0.23402532391048278,0.051999999999999935,0.23847619047619045,-0.2838333333333334,-0.035813725490196124,FAIL,1.0,1.0,1.0,24,25
GSE27262,217,-0.011666666666666603,-0.3143404634581105,-0.01927267373380437,-0.10933333333333328,0.08516666666666672,-0.44229586834733897,-0.18145454545454542,FAIL,1.0,1.0,1.0,24,25
GSE27262,218,-0.05666666666666664,-0.35934046345811055,-0.09361012956419311,-0.14799999999999996,0.03316666666666668,-0.48372398190045257,-0.23601680672268896,FAIL,1.0,1.0,1.0,24,25
GSE27262,219,0.03300000000000014,-0.26967379679144377,0.054514134275618596,-0.09199999999999997,0.14939130434782621,-0.4212222222222221,-0.12505555555555553,FAIL,1.0,1.0,1.0,24,25
GSE27262,220,-0.01416666666666666,-0.31684046345811057,-0.023402532391048277,-0.11549999999999994,0.08800000000000002,-0.44448039215686286,-0.1831135265700482,FAIL,1.0,1.0,1.0,24,25
GSE27262,221,-0.03633333333333333,-0.33900713012477723,-0.06002061248527678,-0.132,0.06233333333333335,-0.46131512605041997,-0.20483333333333342,FAIL,1.0,1.0,1.0,24,25
GSE27262,222,-0.08333333333333348,-0.3860071301247774,-0.13766195524146077,-0.20433333333333337,0.03833333333333322,-0.5358419117647059,-0.23845701357466065,FAIL,1.0,1.0,1.0,24,25
GSE27262,223,-0.05499999999999994,-0.35767379679144384,-0.09085689045936383,-0.14649999999999996,0.03550000000000009,-0.4853096179183136,-0.23088888888888892,FAIL,1.0,1.0,1.0,24,25
GSE27262,224,0.03483333333333338,-0.2678404634581105,0.057542697290930575,-0.05883333333333329,0.124,-0.38787500000000014,-0.14094444444444454,FAIL,1.0,1.0,1.0,24,25
GSE27262,225,-0.07250000000000001,-0.3751737967914439,-0.11976590106007066,-0.1999999999999999,0.05033333333333334,-0.5274254049445866,-0.22466666666666646,FAIL,1.0,1.0,1.0,24,25
GSE27262,226,0.08016666666666661,-0.2225071301247773,0.13243080094228493,-0.02400000000000002,0.1800000000000001,-0.3545634057971015,-0.09022222222222223,FAIL,1.0,1.0,1.0,24,25
GSE27262,227,0.016666666666666607,-0.2860071301247773,0.027532391048292006,-0.06800000000000017,0.09716666666666657,-0.4050555555555556,-0.1641702898550725,FAIL,1.0,1.0,1.0,24,25
GSE27262,228,-0.002166666666666761,-0.30484046345811067,-0.0035792108362781294,-0.09781818181818192,0.08799999999999991,-0.4285056818181818,-0.17632352941176466,FAIL,1.0,1.0,1.0,24,25
GSE27262,229,0.026666666666666616,-0.2760071301247773,0.04405182567726728,-0.08695652173913049,0.132,-0.40915686274509794,-0.14016666666666666,FAIL,1.0,1.0,1.0,24,25
GSE27262,230,-0.06283333333333341,-0.3655071301247773,-0.10379711425206135,-0.17999999999999994,0.05599999999999994,-0.5096313405797102,-0.22516666666666668,FAIL,1.0,1.0,1.0,24,25
GSE27262,231,-0.0011666666666666492,-0.30384046345811055,-0.0019272673733804185,-0.09945454545454535,0.10000000000000003,-0.43106372549019606,-0.16485858585858587,FAIL,1.0,1.0,1.0,24,25
GSE27262,232,0.008500000000000063,-0.29417379679144384,0.014041519434629076,-0.07999999999999996,0.09866666666666657,-0.41760256410256397,-0.1708333333333334,FAIL,1.0,1.0,1.0,24,25
GSE27262,233,0.024833333333333374,-0.27784046345811053,0.0410232626619553,-0.10399999999999998,0.15400000000000003,-0.42960795454545436,-0.12284453781512611,FAIL,1.0,1.0,1.0,24,25
GSE27262,234,0.12716666666666676,-0.17550713012477714,0.2100721436984689,0.008000000000000118,0.24116666666666664,-0.3230624999999999,-0.026721014492753603,FAIL,1.0,1.0,1.0,24,25
GSE27262,235,-0.07933333333333337,-0.38200713012477727,-0.13105418138987046,-0.18278260869565222,0.027826086956521667,-0.5136666666666666,-0.2455105580693816,FAIL,1.0,1.0,1.0,24,25
GSE27262,236,-0.06033333333333324,-0.36300713012477714,-0.09966725559481726,-0.1895652173913045,0.06800000000000006,-0.515888888888889,-0.20960606060606063,FAIL,1.0,1.0,1.0,24,25
GSE27262,237,-0.05883333333333329,-0.3615071301247772,-0.09718934040047106,-0.16399999999999998,0.04683333333333328,-0.4935427807486631,-0.2255073529411766,FAIL,1.0,1.0,1.0,24,25
GSE27262,238,0.05300000000000005,-0.24967379679144386,0.08755300353356897,-0.05266666666666664,0.1543333333333332,-0.38906857416879786,-0.1191666666666667,FAIL,1.0,1.0,1.0,24,25
GSE27262,239,-0.05249999999999988,-0.3551737967914438,-0.08672703180211992,-0.17199999999999993,0.06066666666666676,-0.4963492469451549,-0.21025,FAIL,1.0,1.0,1.0,24,25
GSE27262,240,0.04700000000000004,-0.25567379679144386,0.0776413427561838,-0.08000000000000007,0.17299999999999993,-0.4103181818181819,-0.10802287581699344,FAIL,1.0,1.0,1.0,24,25
GSE27262,241,0.0024999999999999467,-0.30017379679144396,0.0041298586572437275,-0.10699999999999998,0.10833333333333328,-0.4408282828282826,-0.16217647058823526,FAIL,1.0,1.0,1.0,24,25
GSE27262,242,0.062000000000000055,-0.24067379679144385,0.10242049469964672,-0.03200000000000014,0.15200000000000002,-0.3622843137254903,-0.10886507936507939,FAIL,1.0,1.0,1.0,24,25
GSE27262,243,-0.048833333333333284,-0.3515071301247772,-0.08066990577149578,-0.14799999999999996,0.05286956521739128,-0.4788958333333334,-0.2179444444444445,FAIL,1.0,1.0,1.0,24,25
GSE27262,244,-0.11066666666666658,-0.4133404634581105,-0.18281507656065943,-0.22121739130434775,-0.0013333333333332975,-0.5501666666666665,-0.27835858585858586,FAIL,1.0,1.0,1.0,24,25
GSE27262,245,0.08599999999999997,-0.21667379679144394,0.1420671378091872,-0.023666666666666725,0.1951304347826086,-0.35637292199488496,-0.07476262626262628,FAIL,1.0,1.0,1.0,24,25
GSE27262,246,-0.1334999999999999,-0.4361737967914438,-0.2205344522968196,-0.24365217391304345,-0.02799999999999997,-0.5713541666666666,-0.30351583710407243,FAIL,1.0,1.0,1.0,24,25
GSE27262,247,-0.05633333333333346,-0.35900713012477736,-0.09305948174322752,-0.16399999999999998,0.05218181818181811,-0.5011944444444444,-0.21960677749360627,FAIL,1.0,1.0,1.0,24,25
GSE27262,248,-0.00649999999999995,-0.30917379679144386,-0.010737632508833838,-0.1251666666666666,0.10799999999999993,-0.45811538461538465,-0.16717676767676767,FAIL,1.0,1.0,1.0,24,25
GSE27262,249,0.1276666666666666,-0.1750071301247773,0.2108981154299174,-0.0039999999999998925,0.2546666666666666,-0.3259444444444445,-0.02028676470588231,FAIL,1.0,1.0,1.0,24,25
GSE27262,250,0.005499999999999949,-0.29717379679144396,0.009085689045936311,-0.09983333333333333,0.11166666666666669,-0.42466176470588246,-0.16406300860265066,FAIL,1.0,1.0,1.0,24,25
GSE27262,251,0.02883333333333349,-0.2738404634581104,0.0476310365135456,-0.06121739130434778,0.11999999999999977,-0.4000833333333334,-0.1465858585858587,FAIL,1.0,1.0,1.0,24,25
GSE27262,252,0.1066666666666668,-0.1960071301247771,0.17620730270906967,0.0010909090909091423,0.22399999999999987,-0.3342777777777778,-0.05408823529411774,FAIL,1.0,1.0,1.0,24,25
GSE27262,253,0.031166666666666676,-0.27150713012477723,0.05148557126030625,-0.07218181818181824,0.13000000000000012,-0.4015416666666665,-0.13926470588235296,FAIL,1.0,1.0,1.0,24,25
GSE27262,254,0.11033333333333323,-0.19234046345811068,0.18226442873969356,0.0119999999999999,0.20800000000000007,-0.32232118499573736,-0.05573303167420829,FAIL,1.0,1.0,1.0,24,25
GSE27262,255,-0.10466666666666657,-0.4073404634581105,-0.17290341578327426,-0.19982608695652176,-0.002666666666666706,-0.5335,-0.2763088235294117,FAIL,1.0,1.0,1.0,24,25
GSE27262,256,-0.00883333333333336,-0.31150713012477727,-0.01459216725559486,-0.09099999999999997,0.07654545454545447,-0.4275795454545456,-0.19188888888888894,FAIL,1.0,1.0,1.0,24,25
GSE27262,257,-0.05066666666666664,-0.35334046345811054,-0.08369846878680795,-0.17283333333333345,0.07530434782608708,-0.500259963768116,-0.2061666666666666,FAIL,1.0,1.0,1.0,24,25
GSE27262,258,-0.15816666666666668,-0.4608404634581106,-0.2612823910482921,-0.2839999999999999,-0.019333333333333202,-0.6122777777777779,-0.29618954248366025,FAIL,1.0,1.0,1.0,24,25
GSE27262,259,-0.058666666666666756,-0.36134046345811066,-0.09691401648998835,-0.1519999999999999,0.03966666666666663,-0.4840990338164252,-0.23248376942750348,FAIL,1.0,1.0,1.0,24,25
GSE27262,260,-0.032333333333333325,-0.33500713012477723,-0.05341283863368667,-0.14399999999999985,0.07704347826086955,-0.47155643390426005,-0.19341091219096335,FAIL,1.0,1.0,1.0,24,25
GSE27262,261,0.1716666666666667,-0.13100713012477722,0.2835836277974087,0.07100000000000006,0.26933333333333326,-0.25916029863855955,-0.005904761904761802,FAIL,1.0,1.0,1.0,24,25
GSE27262,262,0.12066666666666659,-0.18200713012477732,0.1993345111896347,0.01883333333333337,0.22033333333333333,-0.31085491746105565,-0.04905555555555574,FAIL,1.0,1.0,1.0,24,25
GSE27262,263,-0.057666666666666755,-0.36034046345811066,-0.09526207302709082,-0.1439999999999999,0.028000000000000025,-0.4830625,-0.2370833333333332,FAIL,1.0,1.0,1.0,24,25
GSE27262,264,0.03283333333333338,-0.2698404634581105,0.054238810365135524,-0.08083333333333342,0.1464347826086957,-0.41564364876385346,-0.12630193236714976,FAIL,1.0,1.0,1.0,24,25
GSE27262,265,-0.02833333333333332,-0.3310071301247772,-0.046805064782096555,-0.13495652173913053,0.07999999999999996,-0.4654975490196078,-0.1889375000000001,FAIL,1.0,1.0,1.0,24,25
GSE27262,266,0.09799999999999998,-0.20467379679144393,0.16189045936395752,0.0039999999999998925,0.1925217391304347,-0.32799999999999996,-0.07083333333333336,FAIL,1.0,1.0,1.0,24,25
GSE27262,267,-0.0465000000000001,-0.349173796791444,-0.07681537102473512,-0.16799999999999993,0.06799999999999995,-0.49469886363636345,-0.20771590909090915,FAIL,1.0,1.0,1.0,24,25
GSE27262,268,-0.0688333333333333,-0.3715071301247772,-0.11370877502944633,-0.17199999999999993,0.036347826086956636,-0.5012426470588234,-0.2350416666666666,FAIL,1.0,1.0,1.0,24,25
GSE27262,269,-0.0708333333333333,-0.3735071301247772,-0.11701266195524139,-0.148695652173913,0.0024347826086956736,-0.4846111111111111,-0.25756875860712175,FAIL,1.0,1.0,1.0,24,25
GSE27262,270,0.04200000000000004,-0.26067379679144387,0.06938162544169617,-0.06433333333333335,0.15200000000000002,-0.39360256410256395,-0.12171212121212122,FAIL,1.0,1.0,1.0,24,25
GSE27262,271,-0.046666666666666634,-0.34934046345811054,-0.07709069493521784,-0.128,0.03828571428571437,-0.46825,-0.22848376942750348,FAIL,1.0,1.0,1.0,24,25
GSE27262,272,0.018000000000000016,-0.2846737967914439,0.029734982332155498,-0.07339130434782604,0.11549999999999999,-0.4131041666666668,-0.15192934782608697,FAIL,1.0,1.0,1.0,24,25
GSE27262,273,0.05349999999999999,-0.2491737967914439,0.08837897526501765,-0.0421818181818181,0.1463333333333332,-0.37380917874396147,-0.12503030303030305,FAIL,1.0,1.0,1.0,24,25
GSE27262,274,-0.04366666666666674,-0.34634046345811065,-0.07213486454652544,-0.1544347826086957,0.06545454545454543,-0.4802834224598931,-0.20661111111111102,FAIL,1.0,1.0,1.0,24,25
GSE27262,275,-0.05900000000000005,-0.36167379679144396,-0.09746466431095413,-0.16150000000000014,0.048347826086956536,-0.49397058823529416,-0.2190196078431373,FAIL,1.0,1.0,1.0,24,25
GSE27262,276,-0.03083333333333338,-0.3335071301247773,-0.05093492343934047,-0.12849999999999995,0.07436363636363641,-0.46443939393939404,-0.19969085677749368,FAIL,1.0,1.0,1.0,24,25
GSE27262,277,0.004666666666666708,-0.2980071301247772,0.007709069493521857,-0.09999999999999998,0.1185000000000001,-0.4373009049773756,-0.15787172929372423,FAIL,1.0,1.0,1.0,24,25
GSE27262,278,-0.01983333333333326,-0.32250713012477716,-0.032763545347467476,-0.12000000000000005,0.08299999999999996,-0.458,-0.1859260249554367,FAIL,1.0,1.0,1.0,24,25
GSE27262,279,-0.038999999999999924,-0.34167379679144383,-0.0644257950530034,-0.1316666666666665,0.05999999999999994,-0.46431249999999996,-0.2105324361628711,FAIL,1.0,1.0,1.0,24,25
GSE27262,280,0.05733333333333335,-0.24534046345811056,0.09471142520612486,-0.08000000000000007,0.18700000000000006,-0.41112354908518606,-0.09019841269841272,FAIL,1.0,1.0,1.0,24,25
GSE27262,281,-0.022166666666666557,-0.32484046345811046,-0.03661808009422832,-0.14000000000000007,0.09216666666666662,-0.4701974789915966,-0.17829166666666674,FAIL,1.0,1.0,1.0,24,25
GSE27262,282,-0.0038333333333332442,-0.30650713012477715,-0.0063324499411070365,-0.10399999999999998,0.10400000000000009,-0.43721541501976297,-0.17061111111111105,FAIL,1.0,1.0,1.0,24,25
GSE27262,283,0.03100000000000014,-0.27167379679144377,0.05121024734982354,-0.09982608695652184,0.16347826086956518,-0.4254803921568626,-0.11753475935828883,FAIL,1.0,1.0,1.0,24,25
GSE27262,284,0.06716666666666671,-0.2355071301247772,0.11095553592461724,-0.052000000000000046,0.18400000000000005,-0.3857463768115943,-0.09042119565217391,FAIL,1.0,1.0,1.0,24,25
GSE27262,285,-0.0674999999999999,-0.3701737967914438,-0.11150618374558284,-0.15999999999999992,0.024000000000000132,-0.49361616161616156,-0.23996078431372547,FAIL,1.0,1.0,1.0,24,25
GSE27262,286,-0.06933333333333325,-0.37200713012477715,-0.114534746760895,-0.16449999999999998,0.02983333333333338,-0.4992222222222223,-0.24019318181818167,FAIL,1.0,1.0,1.0,24,25
GSE27262,287,-0.02633333333333332,-0.3290071301247772,-0.043501177856301504,-0.14608695652173898,0.09116666666666673,-0.4776919191919192,-0.18486604859335043,FAIL,1.0,1.0,1.0,24,25
GSE27262,288,-0.07916666666666661,-0.3818404634581105,-0.1307788574793874,-0.17283333333333334,0.014500000000000068,-0.5074438502673797,-0.2522450980392157,FAIL,1.0,1.0,1.0,24,25
GSE27262,289,-0.056499999999999995,-0.3591737967914439,-0.09333480565371022,-0.14200000000000002,0.029000000000000137,-0.47830392156862744,-0.24228548593350385,FAIL,1.0,1.0,1.0,24,25
GSE27262,290,0.08416666666666672,-0.21850713012477718,0.1390385747938752,-0.009500000000000064,0.17286956521739133,-0.34478074866310177,-0.09459313725490201,FAIL,1.0,1.0,1.0,24,25
GSE27262,291,0.06183333333333341,-0.2408404634581105,0.10214517078916382,-0.04400000000000004,0.1681666666666667,-0.37729166666666664,-0.09863636363636363,FAIL,1.0,1.0,1.0,24,25
GSE27262,292,-0.03583333333333327,-0.3385071301247772,-0.05919464075382792,-0.12483333333333335,0.059304347826086956,-0.4633167420814481,-0.21068181818181836,FAIL,1.0,1.0,1.0,24,25
GSE27262,293,0.04133333333333333,-0.2613404634581106,0.06828032979976442,-0.04849999999999999,0.12816666666666665,-0.38560256410256405,-0.1368838383838384,FAIL,1.0,1.0,1.0,24,25
GSE27262,294,-0.07066666666666666,-0.37334046345811056,-0.1167373380447585,-0.19000000000000006,0.05916666666666681,-0.5202222222222223,-0.21477807486631006,FAIL,1.0,1.0,1.0,24,25
GSE27262,295,0.002166666666666761,-0.30050713012477714,0.0035792108362781294,-0.10399999999999998,0.10400000000000009,-0.4339705882352942,-0.16205555555555565,FAIL,1.0,1.0,1.0,24,25
GSE27262,296,-0.0814999999999999,-0.3841737967914438,-0.13463339222614823,-0.2119999999999999,0.03949999999999998,-0.5334999999999999,-0.23341048593350394,FAIL,1.0,1.0,1.0,24,25
GSE27262,297,-0.036666666666666625,-0.33934046345811053,-0.06057126030624256,-0.1622608695652173,0.08939130434782605,-0.48688560799814,-0.1850833333333332,FAIL,1.0,1.0,1.0,24,25
GSE27262,298,0.05149999999999999,-0.2511737967914439,0.08507508833922259,-0.06799999999999995,0.16799999999999998,-0.400332961724266,-0.10285954816709286,FAIL,1.0,1.0,1.0,24,25
GSE27262,299,0.09399999999999997,-0.20867379679144393,0.15528268551236743,-0.04600000000000004,0.23266666666666658,-0.3678888888888888,-0.05005392156862737,FAIL,1.0,1.0,1.0,24,25
GSE27262,300,0.0001666666666666483,-0.30250713012477726,0.0002753239104828907,-0.13200000000000012,0.13766666666666671,-0.4495000000000001,-0.1451755952380953,FAIL,1.0,1.0,1.0,24,25
GSE27262,301,0.12949999999999995,-0.17317379679144396,0.21392667844522956,0.039999999999999925,0.22799999999999987,-0.29739743589743595,-0.038959156785243865,FAIL,1.0,1.0,1.0,24,25
GSE27262,302,0.14533333333333337,-0.15734046345811054,0.2400824499411072,0.04800000000000004,0.23999999999999994,-0.2792073936293885,-0.02973809523809548,FAIL,1.0,1.0,1.0,24,25
GSE27262,303,-0.06116666666666659,-0.3638404634581105,-0.1010438751472319,-0.13816666666666666,0.02000000000000013,-0.47523737373737374,-0.2415073529411764,FAIL,1.0,1.0,1.0,24,25
GSE27262,304,-0.01433333333333342,-0.3170071301247773,-0.023677856301531353,-0.136,0.10999999999999999,-0.46459722222222205,-0.16428676470588222,FAIL,1.0,1.0,1.0,24,25
GSE27262,305,0.041166666666666796,-0.2615071301247771,0.06800500588928171,-0.040000000000000036,0.1279999999999999,-0.3760519480519481,-0.13856631348191445,FAIL,1.0,1.0,1.0,24,25
GSE27262,306,-0.1153333333333334,-0.4180071301247773,-0.19052414605418147,-0.23366666666666674,0.006500000000000061,-0.5652028985507246,-0.27044607843137247,FAIL,1.0,1.0,1.0,24,25
GSE27262,307,0.028666666666666618,-0.2740071301247773,0.04735571260306234,-0.08933333333333326,0.136,-0.41530171277997374,-0.13666666666666666,FAIL,1.0,1.0,1.0,24,25
GSE27262,308,0.052000000000000046,-0.25067379679144386,0.08590106007067144,-0.062181818181818005,0.16116666666666657,-0.3933260869565217,-0.10700000000000004,FAIL,1.0,1.0,1.0,24,25
GSE27262,309,0.006833333333333358,-0.29584046345811055,0.011288280329799803,-0.08250000000000002,0.09599999999999997,-0.41936526389211803,-0.17219429590017815,FAIL,1.0,1.0,1.0,24,25
GSE27262,310,0.01433333333333342,-0.2883404634581105,0.023677856301531353,-0.10000000000000014,0.132,-0.4281666666666667,-0.14661322463768106,FAIL,1.0,1.0,1.0,24,25
GSE27262,311,-0.09783333333333333,-0.40050713012477723,-0.16161513545347464,-0.21200000000000008,0.012499999999999845,-0.5403333333333333,-0.25881932773109245,FAIL,1.0,1.0,1.0,24,25
GSE27262,312,0.006000000000000005,-0.2966737967914439,0.009911660777385166,-0.10066666666666674,0.12066666666666664,-0.43338888888888877,-0.15557575757575764,FAIL,1.0,1.0,1.0,24,25
GSE27262,313,0.038833333333333386,-0.2638404634581105,0.06415047114252069,-0.07666666666666655,0.1533913043478261,-0.398,-0.12075757575757581,FAIL,1.0,1.0,1.0,24,25
GSE27262,314,0.1433333333333333,-0.1593404634581106,0.23677856301531205,0.038956521739130445,0.24483333333333318,-0.29430882352941184,-0.028944444444444606,FAIL,1.0,1.0,1.0,24,25
GSE27262,315,-0.08566666666666667,-0.3883404634581106,-0.14151648998822142,-0.19721739130434784,0.028000000000000025,-0.5290153743315508,-0.2452058823529412,FAIL,1.0,1.0,1.0,24,25
GSE27262,316,0.00033333333333340764,-0.3023404634581105,0.0005506478209659648,-0.10799999999999998,0.10333333333333328,-0.43825490196078415,-0.16133333333333322,FAIL,1.0,1.0,1.0,24,25
GSE27262,317,0.10049999999999992,-0.20217379679144398,0.16602031802120126,0.0,0.20099999999999985,-0.3252727272727273,-0.06617559523809535,FAIL,1.0,1.0,1.0,24,25
GSE27262,318,0.047666666666666635,-0.25500713012477727,0.07874263839811536,-0.073913043478261,0.1640000000000001,-0.40425757575757587,-0.10573757763975145,FAIL,1.0,1.0,1.0,24,25
GSE27262,319,0.12283333333333335,-0.17984046345811056,0.20291372202591282,0.015999999999999903,0.23199999999999998,-0.3136136363636363,-0.04610656436487626,FAIL,1.0,1.0,1.0,24,25
GSE27262,320,-0.045499999999999985,-0.3481737967914439,-0.07516342756183741,-0.1478333333333332,0.05716666666666681,-0.48251715686274527,-0.20964705882352944,FAIL,1.0,1.0,1.0,24,25
GSE27262,321,0.01649999999999996,-0.28617379679144395,0.027257067137809114,-0.0685,0.1069565217391305,-0.40585470085470077,-0.15553846153846151,FAIL,1.0,1.0,1.0,24,25
GSE27262,322,-0.04683333333333339,-0.3495071301247773,-0.0773660188457009,-0.15999999999999992,0.05966666666666676,-0.4913907563025212,-0.20840909090909093,FAIL,1.0,1.0,1.0,24,25
GSE27262,323,0.0028333333333333544,-0.29984046345811055,0.004680506478209692,-0.10400000000000009,0.10883333333333323,-0.4355661764705882,-0.16226797385620917,FAIL,1.0,1.0,1.0,24,25
GSE27262,324,-0.021333333333333315,-0.3240071301247772,-0.03524146054181386,-0.1243333333333333,0.0751666666666666,-0.4545823578595317,-0.19065441176470593,FAIL,1.0,1.0,1.0,24,25
GSE27262,325,-0.13499999999999995,-0.43767379679144386,-0.22301236749116596,-0.24216666666666675,-0.020000000000000018,-0.5726111111111111,-0.29505555555555557,FAIL,1.0,1.0,1.0,24,25
GSE27262,326,-0.1296666666666667,-0.4323404634581106,-0.21420200235571263,-0.22266666666666673,-0.036666666666666625,-0.5550000000000002,-0.30266666666666675,FAIL,1.0,1.0,1.0,24,25
GSE27262,327,-0.005833333333333357,-0.30850713012477726,-0.009636336866902274,-0.09133333333333338,0.08260869565217388,-0.42905555555555563,-0.17938235294117644,FAIL,1.0,1.0,1.0,24,25
GSE27262,328,-0.044333333333333336,-0.34700713012477724,-0.073236160188457,-0.15199999999999997,0.055652173913043446,-0.4792254901960785,-0.2106594202898551,FAIL,1.0,1.0,1.0,24,25
GSE27262,329,-0.02966666666666662,-0.3323404634581105,-0.049007656065959866,-0.1103333333333334,0.051999999999999935,-0.44767391304347826,-0.21235369532428355,FAIL,1.0,1.0,1.0,24,25
GSE27262,330,0.02749999999999997,-0.27517379679144394,0.04542844522968192,-0.07599999999999985,0.1319999999999999,-0.40711111111111115,-0.1363787878787879,FAIL,1.0,1.0,1.0,24,25
GSE27262,331,-0.04266666666666674,-0.34534046345811065,-0.07048292108362791,-0.13599999999999995,0.05633333333333346,-0.46256249999999993,-0.20906862745098037,FAIL,1.0,1.0,1.0,24,25
GSE27262,332,-0.04133333333333333,-0.34400713012477724,-0.06828032979976442,-0.15166666666666656,0.06800000000000006,-0.47755555555555557,-0.2035555555555556,FAIL,1.0,1.0,1.0,24,25
GSE27262,333,0.025499999999999967,-0.27717379679144394,0.042124558303886867,-0.08699999999999997,0.14400000000000013,-0.41856249999999995,-0.1218030303030303,FAIL,1.0,1.0,1.0,24,25
GSE27262,334,-0.16066666666666657,-0.4633404634581105,-0.26541224970553573,-0.2721666666666666,-0.04800000000000004,-0.6012916666666666,-0.32147537878787874,FAIL,1.0,1.0,1.0,24,25
GSE27262,335,0.16166666666666674,-0.14100713012477717,0.2670641931684335,0.07130434782608686,0.25466666666666665,-0.26388888888888884,-0.013750000000000095,FAIL,1.0,1.0,1.0,24,25
GSE27262,336,0.10833333333333328,-0.19434046345811062,0.1789605418138986,-0.024000000000000132,0.24365217391304345,-0.3552626262626262,-0.038333333333333275,FAIL,1.0,1.0,1.0,24,25
GSE27262,337,0.022166666666666668,-0.28050713012477724,0.0366180800942285,-0.08333333333333337,0.13183333333333336,-0.41606250000000006,-0.1452058823529412,FAIL,1.0,1.0,1.0,24,25
GSE27262,338,-0.07566666666666666,-0.37834046345811057,-0.12499705535924614,-0.18033333333333335,0.028000000000000025,-0.5126764705882352,-0.23925935828876999,FAIL,1.0,1.0,1.0,24,25
GSE27262,339,-0.14316666666666672,-0.4458404634581106,-0.23650323910482926,-0.263,-0.03933333333333344,-0.5897222222222221,-0.30338888888888876,FAIL,1.0,1.0,1.0,24,25
GSE27262,340,0.08166666666666655,-0.22100713012477735,0.1349087161366311,-0.027999999999999914,0.19286956521739124,-0.3571413956887103,-0.08050000000000002,FAIL,1.0,1.0,1.0,24,25
GSE27262,341,-0.06266666666666665,-0.36534046345811055,-0.10352179034157828,-0.16486956521739132,0.040000000000000036,-0.5002009803921568,-0.2313645147123409,FAIL,1.0,1.0,1.0,24,25
GSE27262,342,0.0045000000000000595,-0.29817379679144385,0.007433745583038966,-0.10616666666666663,0.11633333333333318,-0.44073214285714285,-0.15397222222222218,FAIL,1.0,1.0,1.0,24,25
GSE27262,343,0.09199999999999997,-0.21067379679144393,0.15197879858657237,-0.03083333333333338,0.21200000000000002,-0.36135005574136014,-0.05859829059829058,FAIL,1.0,1.0,1.0,24,25
GSE27262,344,0.047833333333333394,-0.2548404634581105,0.07901796230859844,-0.03649999999999998,0.132,-0.3686020531400966,-0.13208333333333339,FAIL,1.0,1.0,1.0,24,25
GSE27262,345,0.08416666666666661,-0.2185071301247773,0.13903857479387502,0.0001666666666666483,0.16556521739130425,-0.33785858585858586,-0.09863636363636358,FAIL,1.0,1.0,1.0,24,25
GSE27262,346,0.02516666666666678,-0.2775071301247771,0.041573910482921264,-0.06800000000000006,0.11850000000000005,-0.4012403846153846,-0.1529299242424243,FAIL,1.0,1.0,1.0,24,25
GSE27262,347,-0.10599999999999998,-0.4086737967914439,-0.17510600706713775,-0.21200000000000002,0.004869565217391347,-0.5426666666666669,-0.2641014492753624,FAIL,1.0,1.0,1.0,24,25
GSE27262,348,0.006166666666666654,-0.29650713012477725,0.010186984687868057,-0.10973913043478256,0.1276666666666667,-0.4411388888888889,-0.1488585858585859,FAIL,1.0,1.0,1.0,24,25
GSE27262,349,0.07466666666666666,-0.22800713012477725,0.12334511189634861,-0.04383333333333328,0.18800000000000022,-0.36922994652406427,-0.0826764705882354,FAIL,1.0,1.0,1.0,24,25
GSE27262,350,-0.0771666666666666,-0.3798404634581105,-0.12747497055359233,-0.18981818181818172,0.02866666666666673,-0.5195833333333333,-0.23308333333333336,FAIL,1.0,1.0,1.0,24,25
GSE27262,351,-0.019500000000000073,-0.322173796791444,-0.03221289752650188,-0.09349999999999992,0.05366666666666664,-0.430874835309618,-0.20508333333333345,FAIL,1.0,1.0,1.0,24,25
GSE27262,352,0.041000000000000036,-0.26167379679144387,0.06772968197879864,-0.06799999999999995,0.14400000000000002,-0.3982474747474747,-0.12536651583710395,FAIL,1.0,1.0,1.0,24,25
GSE27262,353,-0.016833333333333367,-0.31950713012477727,-0.02780771495877508,-0.12949999999999995,0.09436363636363632,-0.4620897435897436,-0.1862184873949579,FAIL,1.0,1.0,1.0,24,25
GSE27262,354,0.041166666666666685,-0.2615071301247772,0.06800500588928153,-0.08608695652173926,0.16016666666666668,-0.4086642156862744,-0.11360606060606065,FAIL,1.0,1.0,1.0,24,25
GSE27262,355,-0.017833333333333257,-0.32050713012477716,-0.029459658421672422,-0.1069565217391304,0.06799999999999995,-0.445138888888889,-0.19611111111111107,FAIL,1.0,1.0,1.0,24,25
GSE27262,356,0.10566666666666669,-0.19700713012477722,0.17455535924617196,-0.0004999999999999449,0.20800000000000007,-0.33144385026737955,-0.059352657004831055,FAIL,1.0,1.0,1.0,24,25
GSE27262,357,-0.0050000000000000044,-0.3076737967914439,-0.008259717314487639,-0.09916666666666674,0.10116666666666652,-0.4333500557413601,-0.1708333333333334,FAIL,1.0,1.0,1.0,24,25
GSE27262,358,0.03716666666666679,-0.2655071301247771,0.061397232037691596,-0.06400000000000017,0.14309090909090916,-0.3948970588235295,-0.13137439613526553,FAIL,1.0,1.0,1.0,24,25
GSE27262,359,-0.036833333333333274,-0.3395071301247772,-0.06084658421672545,-0.11599999999999983,0.04799999999999993,-0.4533846153846152,-0.2166920289855073,FAIL,1.0,1.0,1.0,24,25
GSE27262,360,-0.022666666666666724,-0.32534046345811063,-0.03744405182567735,-0.12799999999999995,0.08399999999999996,-0.45729166666666654,-0.19073529411764706,FAIL,1.0,1.0,1.0,24,25
GSE27262,361,-0.02433333333333343,-0.32700713012477733,-0.04019729093050663,-0.10816666666666663,0.06399999999999995,-0.4426225490196079,-0.20422222222222214,FAIL,1.0,1.0,1.0,24,25
GSE27262,362,-0.048833333333333395,-0.3515071301247773,-0.08066990577149596,-0.15009523809523811,0.05426086956521736,-0.48555555555555563,-0.2157119274587304,FAIL,1.0,1.0,1.0,24,25
GSE27262,363,-0.0035000000000000586,-0.30617379679144396,-0.005781802120141438,-0.11599999999999999,0.10973913043478256,-0.4457598039215686,-0.1566479500891267,FAIL,1.0,1.0,1.0,24,25
GSE27262,364,-0.06366666666666676,-0.36634046345811067,-0.10517373380447599,-0.184,0.05116666666666658,-0.5091111111111111,-0.22215196078431382,FAIL,1.0,1.0,1.0,24,25
GSE27262,365,-0.015833333333333366,-0.31850713012477727,-0.026155771495877552,-0.13400000000000006,0.09999999999999992,-0.46371518251569405,-0.17617647058823543,FAIL,1.0,1.0,1.0,24,25
GSE27262,366,0.07333333333333336,-0.22934046345811054,0.1211425206124853,-0.028000000000000025,0.16699999999999993,-0.36404061624649864,-0.10125170502983816,FAIL,1.0,1.0,1.0,24,25
GSE27262,367,-0.01416666666666666,-0.31684046345811057,-0.023402532391048277,-0.14799999999999985,0.11199999999999993,-0.4659829545454543,-0.16051339481774252,FAIL,1.0,1.0,1.0,24,25
GSE27262,368,0.08016666666666661,-0.2225071301247773,0.13243080094228493,-0.02966666666666662,0.19333333333333336,-0.36150000000000015,-0.07785144927536242,FAIL,1.0,1.0,1.0,24,25
GSE27262,369,0.017333333333333423,-0.2853404634581105,0.028633686690223936,-0.1276521739130435,0.16533333333333322,-0.45005555555555543,-0.11410144927536237,FAIL,1.0,1.0,1.0,24,25
GSE27262,370,-0.04066666666666663,-0.34334046345811053,-0.06717903415783268,-0.1514999999999999,0.07165217391304346,-0.4803282828282828,-0.19255555555555545,FAIL,1.0,1.0,1.0,24,25
GSE27262,371,-0.05483333333333329,-0.3575071301247772,-0.09058156654888094,-0.16099999999999998,0.046782608695652095,-0.4948055555555556,-0.22714583333333344,FAIL,1.0,1.0,1.0,24,25
GSE27262,372,0.05283333333333329,-0.24984046345811062,0.0872776796230859,-0.04183333333333328,0.14400000000000002,-0.3713285024154591,-0.12203092304115315,FAIL,1.0,1.0,1.0,24,25
GSE27262,373,-0.02400000000000002,-0.3266737967914439,-0.039646643109540664,-0.1399999999999999,0.08799999999999997,-0.47239613526570057,-0.18400116252034415,FAIL,1.0,1.0,1.0,24,25
GSE27262,374,0.004166666666666652,-0.29850713012477725,0.006883097762073001,-0.11533333333333345,0.1250434782608697,-0.44612500000000005,-0.14972222222222215,FAIL,1.0,1.0,1.0,24,25
GSE27262,375,0.08166666666666667,-0.22100713012477724,0.1349087161366313,-0.03408695652173921,0.192,-0.3634583333333333,-0.08089898989898991,FAIL,1.0,1.0,1.0,24,25
GSE27262,376,-0.028833333333333266,-0.33150713012477717,-0.04763103651354523,-0.14666666666666678,0.08660869565217394,-0.47228877005347586,-0.18508333333333332,FAIL,1.0,1.0,1.0,24,25
GSE27262,377,-0.02066666666666661,-0.3233404634581105,-0.034140164899882114,-0.11433333333333329,0.07999999999999996,-0.4472714932126698,-0.19089320728291326,FAIL,1.0,1.0,1.0,24,25
GSE27262,378,0.07250000000000001,-0.2301737967914439,0.11976590106007066,-0.023130434782608567,0.16330434782608694,-0.3553333333333334,-0.10262500000000002,FAIL,1.0,1.0,1.0,24,25
GSE27262,379,-0.04366666666666674,-0.34634046345811065,-0.07213486454652544,-0.1456666666666666,0.06660869565217387,-0.4746666666666668,-0.21006862745098048,FAIL,1.0,1.0,1.0,24,25
GSE27262,380,-0.0039999999999998925,-0.3066737967914438,-0.006607773851589927,-0.09433333333333327,0.08999999999999986,-0.427111111111111,-0.17497478991596638,FAIL,1.0,1.0,1.0,24,25
GSE27262,381,-0.08033333333333326,-0.38300713012477716,-0.1327061248527678,-0.1935652173913044,0.029565217391304244,-0.5192065217391305,-0.2418125000000001,FAIL,1.0,1.0,1.0,24,25
GSE27262,382,-0.07883333333333331,-0.3815071301247772,-0.1302282096584216,-0.18800000000000006,0.04066666666666674,-0.5242499999999999,-0.2333484848484849,FAIL,1.0,1.0,1.0,24,25
GSE27262,383,0.12350000000000005,-0.17917379679144385,0.20401501766784458,0.016666666666666607,0.2381666666666667,-0.314885026737968,-0.035710407239819,FAIL,1.0,1.0,1.0,24,25
GSE27262,384,-0.05700000000000016,-0.35967379679144407,-0.09416077738515927,-0.1928333333333333,0.07300000000000006,-0.5238461538461539,-0.20301960784313727,FAIL,1.0,1.0,1.0,24,25
GSE27262,385,-0.0718333333333333,-0.3745071301247772,-0.11866460541813892,-0.1542608695652174,0.012000000000000122,-0.49266071428571434,-0.25402434039390576,FAIL,1.0,1.0,1.0,24,25
GSE27262,386,0.09366666666666662,-0.20900713012477729,0.15473203769140154,-0.007130434782608774,0.188,-0.3368529411764706,-0.07894512903975826,FAIL,1.0,1.0,1.0,24,25
GSE27262,387,0.0678333333333333,-0.2348404634581106,0.1120568315665488,-0.05033333333333334,0.19049999999999995,-0.3770387566397797,-0.08580808080808083,FAIL,1.0,1.0,1.0,24,25
GSE27262,388,0.006333333333333191,-0.2963404634581107,0.010462308598350765,-0.08765217391304347,0.09634782608695658,-0.42055050505050495,-0.17161050724637672,FAIL,1.0,1.0,1.0,24,25
GSE27262,389,0.03416666666666668,-0.2685071301247772,0.05644140164899883,-0.07233333333333325,0.13843478260869574,-0.4046329923273656,-0.12999206349206344,FAIL,1.0,1.0,1.0,24,25
GSE27262,390,-0.025499999999999856,-0.32817379679144376,-0.04212455830388668,-0.11878260869565227,0.0691666666666666,-0.4571645353793691,-0.2008888888888888,FAIL,1.0,1.0,1.0,24,25
GSE27262,391,0.016666666666666607,-0.2860071301247773,0.027532391048292006,-0.08399999999999996,0.11600000000000005,-0.41326328502415455,-0.14984848484848484,FAIL,1.0,1.0,1.0,24,25
GSE27262,392,0.029000000000000026,-0.2736737967914439,0.0479063604240283,-0.09749999999999992,0.14800000000000002,-0.4220980392156863,-0.1206041666666667,FAIL,1.0,1.0,1.0,24,25
GSE27262,393,0.010666666666666602,-0.2920071301247773,0.01762073027090684,-0.09216666666666667,0.10799999999999998,-0.42483333333333345,-0.15874509803921577,FAIL,1.0,1.0,1.0,24,25
GSE27262,394,-0.16666666666666663,-0.46934046345811054,-0.275323910482921,-0.276,-0.05633333333333346,-0.6060380434782608,-0.32672549019607844,FAIL,1.0,1.0,1.0,24,25
GSE27262,395,0.03283333333333327,-0.26984046345811064,0.05423881036513534,-0.06782608695652159,0.1309999999999999,-0.39787878787878794,-0.13628598484848486,FAIL,1.0,1.0,1.0,24,25
GSE27262,396,-0.0018333333333334645,-0.30450713012477737,-0.003028563015312348,-0.1080000000000001,0.11200000000000015,-0.4393076923076923,-0.1571327985739751,FAIL,1.0,1.0,1.0,24,25
GSE27262,397,-0.020000000000000018,-0.3226737967914439,-0.033038869257950555,-0.1305,0.08199999999999996,-0.45859426379247353,-0.1882045454545455,FAIL,1.0,1.0,1.0,24,25
GSE27262,398,-0.022333333333333427,-0.32500713012477733,-0.036893404004711576,-0.13180952380952382,0.09363636363636363,-0.4626666666666668,-0.18294607843137256,FAIL,1.0,1.0,1.0,24,25
GSE27262,399,0.03866666666666663,-0.2640071301247773,0.06387514723203762,-0.07095652173913058,0.1479999999999999,-0.4019781639928699,-0.12579076086956528,FAIL,1.0,1.0,1.0,24,25
GSE27262,400,-0.0035000000000000586,-0.30617379679144396,-0.005781802120141438,-0.11199999999999999,0.10416666666666663,-0.4452941176470588,-0.16737878787878796,FAIL,1.0,1.0,1.0,24,25
GSE27262,401,0.07383333333333342,-0.2288404634581105,0.12196849234393416,-0.039999999999999925,0.18556521739130455,-0.37119075021312875,-0.08763405797101442,FAIL,1.0,1.0,1.0,24,25
GSE27262,402,-0.020166666666666777,-0.3228404634581107,-0.03331419316843363,-0.13599999999999995,0.08399999999999996,-0.46158333333333335,-0.1867777777777778,FAIL,1.0,1.0,1.0,24,25
GSE27262,403,-0.16083333333333333,-0.46350713012477723,-0.2656875736160188,-0.2880000000000001,-0.04249999999999998,-0.6125416666666667,-0.3223208556149733,FAIL,1.0,1.0,1.0,24,25
GSE27262,404,-0.10949999999999993,-0.41217379679144384,-0.180887809187279,-0.2355,0.01826086956521733,-0.5594347826086957,-0.25306417112299456,FAIL,1.0,1.0,1.0,24,25
GSE27262,405,0.017000000000000015,-0.2856737967914439,0.02808303886925797,-0.06799999999999995,0.09704347826086945,-0.3991837606837607,-0.1651386554621847,FAIL,1.0,1.0,1.0,24,25
GSE27262,406,-0.13383333333333336,-0.43650713012477727,-0.22108510011778562,-0.23600000000000004,-0.03466666666666662,-0.5671960784313727,-0.3014298642533936,FAIL,1.0,1.0,1.0,24,25
GSE27262,407,-0.04716666666666658,-0.3498404634581105,-0.07791666666666651,-0.16950000000000004,0.07166666666666666,-0.4939113993423457,-0.20672222222222233,FAIL,1.0,1.0,1.0,24,25
GSE27262,408,-0.007333333333333303,-0.3100071301247772,-0.012114252061248476,-0.0891666666666665,0.07933333333333337,-0.4236820377689943,-0.18108333333333332,FAIL,1.0,1.0,1.0,24,25
GSE27262,409,0.05183333333333329,-0.2508404634581106,0.08562573616018837,-0.0363809523809524,0.132,-0.36736898395721945,-0.12925735294117657,FAIL,1.0,1.0,1.0,24,25
GSE27262,410,-0.014166666666666772,-0.3168404634581107,-0.02340253239104846,-0.1106086956521739,0.08278260869565224,-0.44121541501976297,-0.18636324786324793,FAIL,1.0,1.0,1.0,24,25
GSE27262,411,0.022666666666666724,-0.2800071301247772,0.03744405182567735,-0.09927272727272735,0.136,-0.4315555555555556,-0.1317239819004526,FAIL,1.0,1.0,1.0,24,25
GSE27262,412,0.041166666666666796,-0.2615071301247771,0.06800500588928171,-0.06833333333333336,0.15150000000000013,-0.39263190730837794,-0.12498331137461566,FAIL,1.0,1.0,1.0,24,25
GSE27262,413,-0.11999999999999977,-0.4226737967914437,-0.19823321554770276,-0.21583333333333338,-0.01790476190476198,-0.549375,-0.2838695652173915,FAIL,1.0,1.0,1.0,24,25
GSE27262,414,-0.02433333333333343,-0.32700713012477733,-0.04019729093050663,-0.15133333333333338,0.10156521739130431,-0.47900840336134437,-0.1759068627450981,FAIL,1.0,1.0,1.0,24,25
GSE27262,415,-0.06300000000000006,-0.36567379679144396,-0.10407243816254425,-0.18309090909090903,0.04800000000000004,-0.5109950980392157,-0.22127777777777785,FAIL,1.0,1.0,1.0,24,25
GSE27262,416,0.04533333333333334,-0.25734046345811057,0.07488810365135452,-0.06156521739130438,0.15485714285714292,-0.3904630124777183,-0.11426797385620907,FAIL,1.0,1.0,1.0,24,25
GSE27262,417,-0.04466666666666663,-0.34734046345811054,-0.07378680800942278,-0.15333333333333338,0.05733333333333346,-0.48374999999999996,-0.21261111111111097,FAIL,1.0,1.0,1.0,24,25
GSE27262,418,-0.10583333333333322,-0.40850713012477713,-0.17483068315665468,-0.2160000000000002,0.0039999999999998925,-0.5473888888888889,-0.26855555555555566,FAIL,1.0,1.0,1.0,24,25
GSE27262,419,-0.16433333333333328,-0.4670071301247772,-0.27146937573616003,-0.236,-0.08699999999999997,-0.573388888888889,-0.34608333333333335,FAIL,1.0,1.0,1.0,24,25
GSE27262,420,0.16933333333333322,-0.13334046345811068,0.2797290930506476,0.06800000000000012,0.2716666666666668,-0.2595795454545454,0.0022303921568625484,INSUFFICIENT_SUPPORT,1.0,1.0,1.0,24,25
GSE27262,421,0.03049999999999997,-0.27217379679144393,0.050384275618374504,-0.05566666666666664,0.12695652173913047,-0.3937222222222223,-0.1452525252525253,FAIL,1.0,1.0,1.0,24,25
GSE27262,422,-0.0006666666666667043,-0.3033404634581106,-0.0011012956419317462,-0.11599999999999999,0.1173333333333334,-0.44504901960784304,-0.16002999302487803,FAIL,1.0,1.0,1.0,24,25
GSE27262,423,0.10016666666666674,-0.20250713012477717,0.16546967020023565,-0.0119999999999999,0.21599999999999997,-0.33587499999999987,-0.05796969696969706,FAIL,1.0,1.0,1.0,24,25
GSE27262,424,0.12316666666666665,-0.17950713012477726,0.2034643698468786,0.04466666666666674,0.20933333333333332,-0.29729917184265015,-0.05480083120204604,FAIL,1.0,1.0,1.0,24,25
GSE27262,425,0.01100000000000001,-0.2916737967914439,0.018171378091872803,-0.08000000000000007,0.09999999999999998,-0.4137259383128947,-0.15871022727272727,FAIL,1.0,1.0,1.0,24,25
GSE27262,426,-0.13866666666666666,-0.44134046345811057,-0.2290694935217903,-0.21200000000000013,-0.06399999999999995,-0.5489141414141412,-0.32573809523809527,FAIL,1.0,1.0,1.0,24,25
GSE27262,427,0.0028333333333332433,-0.29984046345811066,0.0046805064782095085,-0.1377391304347826,0.14,-0.4628181818181817,-0.13308333333333328,FAIL,1.0,1.0,1.0,24,25
GSE27262,428,-0.03249999999999997,-0.3351737967914439,-0.053688162544169554,-0.1403478260869564,0.08583333333333332,-0.4716111111111111,-0.1860539215686275,FAIL,1.0,1.0,1.0,24,25
GSE27262,429,0.03149999999999997,-0.27117379679144393,0.05203621908127203,-0.0728695652173913,0.13333333333333341,-0.40294444444444444,-0.13066666666666665,FAIL,1.0,1.0,1.0,24,25
GSE27262,430,-0.03249999999999997,-0.3351737967914439,-0.053688162544169554,-0.13582608695652176,0.07199999999999995,-0.46843055555555557,-0.20084803921568628,FAIL,1.0,1.0,1.0,24,25
GSE27262,431,-0.07499999999999996,-0.37767379679144386,-0.1238957597173144,-0.16866666666666663,0.027666666666666728,-0.5053484848484848,-0.2476666666666667,FAIL,1.0,1.0,1.0,24,25
GSE27262,432,0.04349999999999998,-0.2591737967914439,0.07185954063604236,-0.06000000000000005,0.1466666666666666,-0.3925504201680672,-0.12367178175618071,FAIL,1.0,1.0,1.0,24,25
GSE27262,433,-0.019999999999999907,-0.3226737967914438,-0.03303886925795037,-0.10666666666666663,0.06486956521739129,-0.4424761904761905,-0.20487771739130445,FAIL,1.0,1.0,1.0,24,25
GSE27262,434,0.02850000000000008,-0.2741737967914438,0.04708038869257963,-0.05766666666666653,0.11599999999999988,-0.39433317833062087,-0.1530951086956522,FAIL,1.0,1.0,1.0,24,25
GSE27262,435,0.031500000000000083,-0.2711737967914438,0.05203621908127221,-0.0645217391304348,0.12983333333333336,-0.3995615942028985,-0.13719589920948616,FAIL,1.0,1.0,1.0,24,25
GSE27262,436,-0.07733333333333337,-0.38000713012477727,-0.1277502944640754,-0.17466666666666658,0.02183333333333326,-0.508967482645232,-0.24579888398046962,FAIL,1.0,1.0,1.0,24,25
GSE27262,437,-0.1756666666666667,-0.4783404634581106,-0.2901914016489988,-0.2829999999999999,-0.0695,-0.612266139657444,-0.3386388888888888,FAIL,1.0,1.0,1.0,24,25
GSE27262,438,-0.00666666666666671,-0.3093404634581106,-0.011012956419316912,-0.11199999999999999,0.10626086956521735,-0.44662500000000005,-0.16566063348416304,FAIL,1.0,1.0,1.0,24,25
GSE27262,439,-0.07299999999999995,-0.37567379679144386,-0.12059187279151934,-0.16799999999999993,0.024666666666666726,-0.507568414322251,-0.243888888888889,FAIL,1.0,1.0,1.0,24,25
GSE27262,440,-0.009000000000000008,-0.3116737967914439,-0.014867491166077749,-0.11599999999999988,0.09739130434782606,-0.4475404411764706,-0.17615686274509795,FAIL,1.0,1.0,1.0,24,25
GSE27262,441,0.0721666666666666,-0.2305071301247773,0.1192152532391047,-0.042166666666666686,0.18800000000000006,-0.37049999999999994,-0.08427777777777784,FAIL,1.0,1.0,1.0,24,25
GSE27262,442,0.06483333333333341,-0.2378404634581105,0.10710100117785641,-0.05669565217391315,0.18313043478260876,-0.38559980237154157,-0.09083333333333332,FAIL,1.0,1.0,1.0,24,25
GSE27262,443,-0.041166666666666685,-0.3438404634581106,-0.06800500588928153,-0.14800000000000008,0.06833333333333336,-0.4770356506238859,-0.20614251207729467,FAIL,1.0,1.0,1.0,24,25
GSE27262,444,0.027666666666666617,-0.2750071301247773,0.04570376914016481,-0.09600000000000009,0.1519999999999999,-0.42541666666666667,-0.12173809523809534,FAIL,1.0,1.0,1.0,24,25
GSE27262,445,-0.040000000000000036,-0.34267379679144394,-0.06607773851590111,-0.14,0.061913043478260876,-0.4818613445378151,-0.21475000000000008,FAIL,1.0,1.0,1.0,24,25
GSE27262,446,0.012666666666666715,-0.2900071301247772,0.020924617196702078,-0.10616666666666669,0.13183333333333336,-0.43512879064669335,-0.14385416666666662,FAIL,1.0,1.0,1.0,24,25
GSE27262,447,0.05566666666666664,-0.24700713012477726,0.09195818610129558,-0.040521739130434775,0.15147826086956523,-0.38020588235294117,-0.11475757575757578,FAIL,1.0,1.0,1.0,24,25
GSE27262,448,0.13900000000000007,-0.16367379679144384,0.22962014134275627,0.03600000000000014,0.2400000000000001,-0.29212801932367144,-0.028555555555555612,FAIL,1.0,1.0,1.0,24,25
GSE27262,449,0.01849999999999996,-0.28417379679144394,0.030560954063604172,-0.08299999999999996,0.12,-0.42387499999999995,-0.1488939393939395,FAIL,1.0,1.0,1.0,24,25
GSE27262,450,-0.053166666666666806,-0.3558404634581107,-0.08782832744405204,-0.15199999999999997,0.039999999999999925,-0.4841212121212121,-0.22926690821256035,FAIL,1.0,1.0,1.0,24,25
GSE27262,451,0.06966666666666665,-0.23300713012477725,0.11508539458186097,-0.025000000000000022,0.16866666666666658,-0.3585445245291793,-0.10317028985507254,FAIL,1.0,1.0,1.0,24,25
GSE27262,452,0.031500000000000083,-0.2711737967914438,0.05203621908127221,-0.06799999999999995,0.128,-0.3992878787878788,-0.13723202614379088,FAIL,1.0,1.0,1.0,24,25
GSE27262,453,0.0008333333333332416,-0.30184046345811066,0.0013766195524144535,-0.10883333333333334,0.11199999999999999,-0.4384802500710429,-0.15553016591251873,FAIL,1.0,1.0,1.0,24,25
GSE27262,454,-0.013833333333333253,-0.31650713012477716,-0.022851884570082314,-0.12730434782608702,0.09466666666666662,-0.4517373737373738,-0.173235294117647,FAIL,1.0,1.0,1.0,24,25
GSE27262,455,0.057666666666666644,-0.24500713012477726,0.09526207302709064,-0.06400000000000006,0.18,-0.39169444444444435,-0.09259829059829067,FAIL,1.0,1.0,1.0,24,25
GSE27262,456,0.11616666666666664,-0.18650713012477727,0.1919007656065959,0.01766666666666661,0.2094545454545455,-0.32004901960784304,-0.05839705882352936,FAIL,1.0,1.0,1.0,24,25
GSE27262,457,-0.005499999999999949,-0.30817379679144385,-0.009085689045936311,-0.09426086956521751,0.07983333333333331,-0.4288823012736057,-0.18425000000000002,FAIL,1.0,1.0,1.0,24,25
GSE27262,458,-0.018500000000000072,-0.321173796791444,-0.030560954063604352,-0.11666666666666664,0.07965217391304347,-0.44897549019607835,-0.1882767857142859,FAIL,1.0,1.0,1.0,24,25
GSE27262,459,-0.017999999999999905,-0.3206737967914438,-0.029734982332155314,-0.10400000000000009,0.0625,-0.4451515151515153,-0.19941666666666674,FAIL,1.0,1.0,1.0,24,25
GSE27262,460,-0.005499999999999949,-0.30817379679144385,-0.009085689045936311,-0.10236363636363632,0.08516666666666661,-0.43236607142857153,-0.17602941176470588,FAIL,1.0,1.0,1.0,24,25
GSE27262,461,0.0718333333333333,-0.2308404634581106,0.11866460541813892,-0.04799999999999993,0.2019130434782609,-0.3755151515151516,-0.07023284313725492,FAIL,1.0,1.0,1.0,24,25
GSE27262,462,0.028666666666666507,-0.2740071301247774,0.04735571260306216,-0.08500000000000008,0.13466666666666666,-0.4118333333333335,-0.14088383838383842,FAIL,1.0,1.0,1.0,24,25
GSE27262,463,0.0491666666666668,-0.2535071301247771,0.08122055359246193,-0.060833333333333295,0.16000000000000003,-0.3890359848484848,-0.11202272727272738,FAIL,1.0,1.0,1.0,24,25
GSE27262,464,-0.07783333333333342,-0.3805071301247773,-0.12857626619552426,-0.17966666666666659,0.01654545454545464,-0.5159931143025772,-0.24361111111111122,FAIL,1.0,1.0,1.0,24,25
GSE27262,465,-0.026666666666666727,-0.32934046345811063,-0.04405182567726747,-0.1359999999999999,0.08400000000000007,-0.46498190045248866,-0.187,FAIL,1.0,1.0,1.0,24,25
GSE27262,466,0.04533333333333334,-0.25734046345811057,0.07488810365135452,-0.05166666666666675,0.13600000000000007,-0.3815950812472551,-0.12540909090909086,FAIL,1.0,1.0,1.0,24,25
GSE27262,467,0.01766666666666672,-0.2850071301247772,0.02918433451118972,-0.08799999999999997,0.12278260869565216,-0.4177222222222222,-0.14597916666666677,FAIL,1.0,1.0,1.0,24,25
GSE27262,468,0.07933333333333337,-0.22334046345811054,0.13105418138987046,-0.02633333333333332,0.18556521739130427,-0.3630798319327731,-0.08544444444444449,FAIL,1.0,1.0,1.0,24,25
GSE27262,469,0.04466666666666674,-0.25800713012477716,0.07378680800942296,-0.05721739130434789,0.15483333333333332,-0.39063285024154587,-0.11743650793650795,FAIL,1.0,1.0,1.0,24,25
GSE27262,470,-0.006000000000000116,-0.308673796791444,-0.00991166077738535,-0.097090909090909,0.08600000000000008,-0.4295637351778656,-0.18364583333333337,FAIL,1.0,1.0,1.0,24,25
GSE27262,471,-0.03833333333333333,-0.34100713012477724,-0.06332449941107184,-0.13183333333333314,0.051999999999999935,-0.46491176470588225,-0.21623913043478254,FAIL,1.0,1.0,1.0,24,25
GSE27262,472,-0.018166666666666664,-0.32084046345811057,-0.03001030624263839,-0.11050000000000004,0.07483333333333336,-0.441821040372671,-0.18770634920634915,FAIL,1.0,1.0,1.0,24,25
GSE27262,473,0.019000000000000017,-0.2836737967914439,0.031386925795053026,-0.08399999999999996,0.124,-0.41569841269841257,-0.14606862745098043,FAIL,1.0,1.0,1.0,24,25
GSE27262,474,-0.07783333333333331,-0.3805071301247772,-0.1285762661955241,-0.16556521739130436,0.012000000000000122,-0.49872222222222223,-0.2534444444444444,FAIL,1.0,1.0,1.0,24,25
GSE27262,475,0.020000000000000018,-0.2826737967914439,0.033038869257950555,-0.09269565217391318,0.13600000000000012,-0.42306372549019594,-0.1394273504273505,FAIL,1.0,1.0,1.0,24,25
GSE27262,476,-0.1324999999999999,-0.4351737967914438,-0.21888250883392205,-0.23600000000000004,-0.03049999999999997,-0.5672205882352941,-0.30256249999999996,FAIL,1.0,1.0,1.0,24,25
GSE27262,477,0.014833333333333365,-0.28784046345811054,0.024503828032980023,-0.08550000000000013,0.12,-0.41526470588235287,-0.15656249999999994,FAIL,1.0,1.0,1.0,24,25
GSE27262,478,-0.04283333333333328,-0.3455071301247772,-0.07075824499411061,-0.16278260869565214,0.0754285714285714,-0.49050735294117637,-0.19733333333333336,FAIL,1.0,1.0,1.0,24,25
GSE27262,479,0.1206666666666667,-0.1820071301247772,0.19933451118963488,0.025833333333333375,0.20800000000000002,-0.309015873015873,-0.05628571428571422,FAIL,1.0,1.0,1.0,24,25
GSE27262,480,-0.016000000000000125,-0.31867379679144403,-0.026431095406360627,-0.14300000000000007,0.12,-0.47721428571428554,-0.1559583333333333,FAIL,1.0,1.0,1.0,24,25
GSE27262,481,-0.01766666666666683,-0.32034046345811074,-0.0291843345111899,-0.14,0.09599999999999997,-0.4634177978883862,-0.17485714285714266,FAIL,1.0,1.0,1.0,24,25
GSE27262,482,0.08750000000000002,-0.21517379679144388,0.14454505300353357,0.008000000000000007,0.17581818181818193,-0.32698484848484854,-0.09075757575757576,FAIL,1.0,1.0,1.0,24,25
GSE27262,483,0.0008333333333334636,-0.30184046345811044,0.0013766195524148204,-0.10533333333333339,0.10857142857142865,-0.4406764705882353,-0.16566346153846156,FAIL,1.0,1.0,1.0,24,25
GSE27262,484,-0.13433333333333325,-0.43700713012477715,-0.22191107184923423,-0.22399999999999998,-0.03599999999999992,-0.5572619047619047,-0.3066988636363637,FAIL,1.0,1.0,1.0,24,25
GSE27262,485,0.09250000000000003,-0.21017379679144388,0.15280477031802123,-0.01649999999999996,0.1984999999999999,-0.34570588235294103,-0.07336651583710402,FAIL,1.0,1.0,1.0,24,25
GSE27262,486,-0.09116666666666662,-0.3938404634581105,-0.15060217903415773,-0.1973333333333333,0.024869565217391476,-0.5223695652173914,-0.2548888888888887,FAIL,1.0,1.0,1.0,24,25
GSE27262,487,0.06933333333333336,-0.23334046345811055,0.11453474676089519,-0.024000000000000132,0.16333333333333333,-0.35846022727272714,-0.10668181818181838,FAIL,1.0,1.0,1.0,24,25
GSE27262,488,0.0578333333333334,-0.2448404634581105,0.09553739693757371,-0.04382608695652179,0.15616666666666662,-0.3726284584980238,-0.11705882352941166,FAIL,1.0,1.0,1.0,24,25
GSE27262,489,-0.06716666666666671,-0.3698404634581106,-0.11095553592461724,-0.18782608695652175,0.05933333333333335,-0.5134444444444445,-0.21688607859531778,FAIL,1.0,1.0,1.0,24,25
GSE27262,490,-0.0014999999999999458,-0.30417379679144385,-0.0024779151943462,-0.09200000000000008,0.09183333333333332,-0.42550255754475697,-0.17271568627450978,FAIL,1.0,1.0,1.0,24,25
GSE27262,491,0.03816666666666668,-0.2645071301247772,0.06304917550058894,-0.06816666666666671,0.14156521739130423,-0.40281818181818174,-0.12544444444444441,FAIL,1.0,1.0,1.0,24,25
GSE27262,492,-0.058499999999999996,-0.3611737967914439,-0.09663869257950528,-0.19617391304347825,0.07666666666666666,-0.5260882352941176,-0.1993233695652174,FAIL,1.0,1.0,1.0,24,25
GSE27262,493,-0.05666666666666664,-0.35934046345811055,-0.09361012956419311,-0.15600000000000008,0.04800000000000004,-0.4922109974424554,-0.2184097222222221,FAIL,1.0,1.0,1.0,24,25
GSE27262,494,0.09499999999999997,-0.20767379679144393,0.15693462897526494,-0.004173913043478361,0.19600000000000012,-0.33498484848484855,-0.07166666666666677,FAIL,1.0,1.0,1.0,24,25
GSE27262,495,-0.04466666666666663,-0.34734046345811054,-0.07378680800942278,-0.15583333333333327,0.06399999999999995,-0.4880882352941177,-0.2100945512820513,FAIL,1.0,1.0,1.0,24,25
GSE27262,496,-0.06066666666666665,-0.36334046345811055,-0.10021790341578322,-0.18069565217391292,0.05600000000000005,-0.509683574879227,-0.21924509803921569,FAIL,1.0,1.0,1.0,24,25
GSE27262,497,0.09650000000000003,-0.20617379679144388,0.15941254416961134,-0.030000000000000027,0.22000000000000003,-0.35474999999999995,-0.04879710144927529,FAIL,1.0,1.0,1.0,24,25
GSE27262,498,-0.023833333333333484,-0.3265071301247774,-0.03937131919905796,-0.13999999999999996,0.09547826086956523,-0.4719444444444442,-0.186858695652174,FAIL,1.0,1.0,1.0,24,25
GSE27262,499,-0.059666666666666646,-0.36234046345811055,-0.0985659599528857,-0.14166666666666666,0.02900000000000008,-0.47762499999999997,-0.2410000000000001,FAIL,1.0,1.0,1.0,24,25
GSE27262,500,-0.007333333333333414,-0.3100071301247773,-0.012114252061248658,-0.11283333333333334,0.09669565217391307,-0.4459444444444444,-0.17083333333333323,FAIL,1.0,1.0,1.0,24,25
GSE27262,501,0.08816666666666662,-0.2145071301247773,0.14564634864546513,-0.04226086956521724,0.21016666666666667,-0.37423284313725486,-0.06245701357466049,FAIL,1.0,1.0,1.0,24,25
GSE27262,502,0.07933333333333337,-0.22334046345811054,0.13105418138987046,1.1102230246251565e-16,0.15999999999999986,-0.3347464833759591,-0.10566911764705877,FAIL,1.0,1.0,1.0,24,25
GSE27262,503,0.006666666666666599,-0.2960071301247773,0.011012956419316728,-0.11199999999999999,0.1213333333333334,-0.441111111111111,-0.1463582887700534,FAIL,1.0,1.0,1.0,24,25
GSE27262,504,-0.16649999999999987,-0.4691737967914438,-0.2750485865724379,-0.23600000000000015,-0.09283333333333332,-0.5794829545454545,-0.3542222222222222,FAIL,1.0,1.0,1.0,24,25
GSE27262,505,-0.0528333333333334,-0.3555071301247773,-0.08727767962308608,-0.15200000000000002,0.05600000000000005,-0.4847777777777777,-0.2171435574229692,FAIL,1.0,1.0,1.0,24,25
GSE27262,506,0.14,-0.1626737967914439,0.2312720848056537,0.029333333333333322,0.2383333333333334,-0.3044242424242426,-0.03262473843292252,FAIL,1.0,1.0,1.0,24,25
GSE27262,507,-0.040000000000000036,-0.34267379679144394,-0.06607773851590111,-0.10033333333333327,0.025666666666666615,-0.44469362745098034,-0.23210576923076928,FAIL,1.0,1.0,1.0,24,25
GSE27262,508,-0.0018333333333334645,-0.30450713012477737,-0.003028563015312348,-0.08433333333333337,0.08330434782608698,-0.4226111111111112,-0.18157065217391308,FAIL,1.0,1.0,1.0,24,25
GSE27262,509,0.046333333333333226,-0.2563404634581107,0.07654004711425187,-0.07316666666666677,0.16400000000000003,-0.40405555555555545,-0.10488888888888889,FAIL,1.0,1.0,1.0,24,25
GSE27262,510,-0.0034999999999998366,-0.30617379679144374,-0.0057818021201410715,-0.11833333333333318,0.11199999999999999,-0.44252136752136756,-0.16455555555555557,FAIL,1.0,1.0,1.0,24,25
GSE27262,511,0.01533333333333331,-0.2873404634581106,0.025329799764428697,-0.06208695652173901,0.09199999999999997,-0.4049166666666667,-0.17058730158730173,FAIL,1.0,1.0,1.0,24,25
GSE27262,512,0.025999999999999912,-0.276673796791444,0.042950530035335534,-0.08000000000000007,0.14000000000000007,-0.4140555555555556,-0.1273810386473429,FAIL,1.0,1.0,1.0,24,25
GSE27262,513,0.030333333333333323,-0.2723404634581106,0.05010895170789161,-0.07200000000000006,0.13600000000000007,-0.4046508951406649,-0.1377878787878788,FAIL,1.0,1.0,1.0,24,25
GSE27262,514,-0.04283333333333339,-0.3455071301247773,-0.0707582449941108,-0.16486956521739143,0.07950000000000002,-0.49530548451264556,-0.19539215686274508,FAIL,1.0,1.0,1.0,24,25
GSE27262,515,-0.08400000000000007,-0.386673796791444,-0.13876325088339234,-0.18817391304347814,0.014000000000000012,-0.5171607142857144,-0.2547874396135267,FAIL,1.0,1.0,1.0,24,25
GSE27262,516,0.15783333333333338,-0.14484046345811052,0.2607317432273263,0.05060869565217396,0.26399999999999996,-0.27772192513368976,0.00011111111111100636,INSUFFICIENT_SUPPORT,1.0,1.0,1.0,24,25
GSE27262,517,-0.05466666666666675,-0.35734046345811066,-0.09030624263839825,-0.14133333333333348,0.03200000000000003,-0.476611111111111,-0.22983333333333344,FAIL,1.0,1.0,1.0,24,25
GSE27262,518,0.036833333333333385,-0.2658404634581105,0.06084658421672563,-0.09200000000000008,0.16316666666666663,-0.4161140819964349,-0.11448663101604267,FAIL,1.0,1.0,1.0,24,25
GSE27262,519,-0.03633333333333333,-0.33900713012477723,-0.06002061248527678,-0.13900000000000007,0.0788333333333332,-0.4702406417112299,-0.1965714285714285,FAIL,1.0,1.0,1.0,24,25
GSE27262,520,-0.08699999999999997,-0.38967379679144387,-0.14371908127208471,-0.18049999999999994,0.0119999999999999,-0.5134950980392157,-0.2566764705882353,FAIL,1.0,1.0,1.0,24,25
GSE27262,521,0.017166666666666552,-0.28550713012477735,0.028358362779740676,-0.07916666666666672,0.11099999999999999,-0.40487878787878795,-0.1586742081447965,FAIL,1.0,1.0,1.0,24,25
GSE27262,522,-0.04066666666666663,-0.34334046345811053,-0.06717903415783268,-0.13999999999999996,0.05999999999999994,-0.4670303030303031,-0.20935416666666667,FAIL,1.0,1.0,1.0,24,25
GSE27262,523,-0.1146666666666667,-0.4173404634581106,-0.1894228504122497,-0.23400000000000004,0.011130434782608667,-0.5601111111111112,-0.26399999999999985,FAIL,1.0,1.0,1.0,24,25
GSE27262,524,-0.07683333333333331,-0.3795071301247772,-0.12692432273262655,-0.15878260869565214,0.009454545454545493,-0.4910516934046348,-0.25461538461538463,FAIL,1.0,1.0,1.0,24,25
GSE27262,525,-0.008166666666666544,-0.31084046345811045,-0.01349087161366293,-0.09433333333333327,0.08050000000000002,-0.42796843434343457,-0.17834280303030314,FAIL,1.0,1.0,1.0,24,25
GSE27262,526,0.05483333333333329,-0.24784046345811062,0.09058156654888094,-0.04626086956521758,0.1624347826086956,-0.38133333333333325,-0.11309625668449202,FAIL,1.0,1.0,1.0,24,25
GSE27262,527,0.006166666666666543,-0.29650713012477736,0.010186984687867873,-0.115304347826087,0.126,-0.4453039215686274,-0.1494444444444445,FAIL,1.0,1.0,1.0,24,25
GSE27262,528,-0.0016666666666665941,-0.3043404634581105,-0.0027532391048290905,-0.12,0.11808695652173917,-0.4427857142857141,-0.15820588235294109,FAIL,1.0,1.0,1.0,24,25
GSE27262,529,-0.07716666666666672,-0.3798404634581106,-0.12747497055359253,-0.1783636363636364,0.02516666666666667,-0.5076159420289855,-0.24704248366013065,FAIL,1.0,1.0,1.0,24,25
GSE27262,530,0.011166666666666547,-0.29150713012477736,0.01844670200235551,-0.09756521739130442,0.11683333333333323,-0.4270327830737038,-0.1532777777777779,FAIL,1.0,1.0,1.0,24,25
GSE27262,531,-0.018000000000000016,-0.3206737967914439,-0.029734982332155498,-0.12469565217391299,0.08034782608695645,-0.4517222222222222,-0.18621153846153865,FAIL,1.0,1.0,1.0,24,25
GSE27262,532,-0.012500000000000067,-0.31517379679144397,-0.020649293286219186,-0.11999999999999994,0.08869565217391306,-0.45387500000000003,-0.1823641304347826,FAIL,1.0,1.0,1.0,24,25
GSE27262,533,-0.036833333333333274,-0.3395071301247772,-0.06084658421672545,-0.15339130434782594,0.08216666666666672,-0.4872268270944741,-0.18665953654188946,FAIL,1.0,1.0,1.0,24,25
GSE27262,534,-0.09733333333333327,-0.4000071301247772,-0.16078916372202579,-0.20133333333333325,0.012333333333333307,-0.5303071895424836,-0.26128921568627456,FAIL,1.0,1.0,1.0,24,25
GSE27262,535,-0.10100000000000009,-0.403673796791444,-0.16684628975265028,-0.20716666666666667,-1.1102230246251565e-16,-0.54125,-0.2729358974358975,FAIL,1.0,1.0,1.0,24,25
GSE27262,536,0.023333333333333317,-0.2793404634581106,0.03854534746760892,-0.0812173913043478,0.12973913043478263,-0.41027777777777785,-0.1342487922705313,FAIL,1.0,1.0,1.0,24,25
GSE27262,537,0.08383333333333332,-0.2188404634581106,0.13848792697290924,-0.007999999999999896,0.17182608695652163,-0.3418109243697479,-0.09897058823529428,FAIL,1.0,1.0,1.0,24,25
GSE27262,538,0.06033333333333324,-0.24234046345811067,0.09966725559481726,-0.042608695652173956,0.15749999999999986,-0.3717272727272728,-0.11328921568627454,FAIL,1.0,1.0,1.0,24,25
GSE27262,539,0.01883333333333337,-0.28384046345811054,0.031111601884570135,-0.08799999999999997,0.1243333333333333,-0.4112028985507246,-0.14685714285714285,FAIL,1.0,1.0,1.0,24,25
GSE27262,540,0.012666666666666715,-0.2900071301247772,0.020924617196702078,-0.10166666666666668,0.12200000000000005,-0.42966666666666675,-0.1537777777777778,FAIL,1.0,1.0,1.0,24,25
GSE27262,541,0.04933333333333334,-0.25334046345811057,0.08149587750294464,-0.05683333333333329,0.1599999999999998,-0.3863582887700535,-0.11594474153297685,FAIL,1.0,1.0,1.0,24,25
GSE27262,542,-0.03616666666666668,-0.3388404634581106,-0.05974528857479389,-0.14116666666666666,0.07199999999999995,-0.4718333333333332,-0.2023333333333333,FAIL,1.0,1.0,1.0,24,25
GSE27262,543,0.0045000000000000595,-0.29817379679144385,0.007433745583038966,-0.07860869565217388,0.09599999999999997,-0.4122820274354801,-0.17378787878787882,FAIL,1.0,1.0,1.0,24,25
GSE27262,544,0.03533333333333333,-0.2673404634581106,0.05836866902237925,-0.07090909090909092,0.15199999999999997,-0.40282323232323225,-0.12322549019607854,FAIL,1.0,1.0,1.0,24,25
GSE27262,545,0.07150000000000001,-0.2311737967914439,0.11811395759717314,-0.024000000000000132,0.16199999999999998,-0.3536262626262626,-0.1059166666666666,FAIL,1.0,1.0,1.0,24,25
GSE27262,546,-0.07999999999999996,-0.38267379679144387,-0.13215547703180203,-0.178,0.013666666666666605,-0.5126904761904763,-0.2597436974789917,FAIL,1.0,1.0,1.0,24,25
GSE27262,547,-0.07833333333333331,-0.3810071301247772,-0.12940223792697284,-0.21266666666666662,0.05147826086956514,-0.5360793650793649,-0.22592687747035584,FAIL,1.0,1.0,1.0,24,25
GSE27262,548,0.008666666666666822,-0.2940071301247771,0.014316843345112152,-0.07233333333333347,0.09199999999999997,-0.4063071895424835,-0.17566600790513848,FAIL,1.0,1.0,1.0,24,25
GSE27262,549,0.09033333333333327,-0.21234046345811064,0.1492255594817431,0.0071666666666667656,0.17095652173913034,-0.333611111111111,-0.0882777777777779,FAIL,1.0,1.0,1.0,24,25
GSE27262,550,-0.016999999999999904,-0.3196737967914438,-0.02808303886925779,-0.12783333333333335,0.09181818181818191,-0.45809523809523794,-0.17744444444444435,FAIL,1.0,1.0,1.0,24,25
GSE27262,551,-0.052166666666666694,-0.3548404634581106,-0.08617638398115433,-0.1621666666666668,0.06400000000000017,-0.4900555555555558,-0.20900000000000002,FAIL,1.0,1.0,1.0,24,25
GSE27262,552,0.040999999999999925,-0.261673796791444,0.06772968197879844,-0.051999999999999935,0.132,-0.38308152173913046,-0.13062500000000005,FAIL,1.0,1.0,1.0,24,25
GSE27262,553,0.14900000000000002,-0.15367379679144388,0.24613957597173144,0.028000000000000025,0.26400000000000007,-0.30874747474747477,-0.010917748917748937,FAIL,1.0,1.0,1.0,24,25
GSE27262,554,-0.0651666666666666,-0.3678404634581105,-0.107651648998822,-0.15500000000000008,0.029166666666666674,-0.4899083218571709,-0.23792513368983953,FAIL,1.0,1.0,1.0,24,25
GSE27262,555,0.007833333333333359,-0.29484046345811055,0.01294022379269733,-0.09083333333333338,0.10399999999999998,-0.42136473429951693,-0.16533333333333344,FAIL,1.0,1.0,1.0,24,25
GSE27262,556,0.038833333333333386,-0.2638404634581105,0.06415047114252069,-0.07566666666666666,0.14973913043478265,-0.3998586956521741,-0.12290821256038648,FAIL,1.0,1.0,1.0,24,25
GSE27262,557,0.08500000000000008,-0.21767379679144383,0.14041519434628985,-0.028000000000000136,0.19321739130434784,-0.36444741532976827,-0.08042647058823532,FAIL,1.0,1.0,1.0,24,25
GSE27262,558,-0.00016666666666675933,-0.30284046345811066,-0.0002753239104830741,-0.10799999999999998,0.12199999999999994,-0.4413030303030302,-0.15036111111111106,FAIL,1.0,1.0,1.0,24,25
GSE27262,559,-0.020666666666666722,-0.3233404634581106,-0.0341401648998823,-0.124,0.08800000000000002,-0.45758119658119656,-0.1875151515151514,FAIL,1.0,1.0,1.0,24,25
GSE27262,560,-0.04033333333333333,-0.34300713012477724,-0.0666283863368669,-0.128,0.04330434782608694,-0.46605555555555567,-0.22121794871794864,FAIL,1.0,1.0,1.0,24,25
GSE27262,561,-0.04899999999999993,-0.35167379679144384,-0.08094522968197868,-0.14800000000000002,0.04921739130434777,-0.4767436974789917,-0.2217272727272727,FAIL,1.0,1.0,1.0,24,25
GSE27262,562,0.0674999999999999,-0.235173796791444,0.11150618374558284,-0.022166666666666668,0.16483333333333333,-0.3528529411764706,-0.10353623188405797,FAIL,1.0,1.0,1.0,24,25
GSE27262,563,-0.08166666666666667,-0.38434046345811057,-0.1349087161366313,-0.189,0.016869565217391247,-0.5198750000000001,-0.25363888888888886,FAIL,1.0,1.0,1.0,24,25
GSE27262,564,0.061833333333333296,-0.2408404634581106,0.10214517078916364,-0.06399999999999995,0.19200000000000006,-0.3889166666666666,-0.08150000000000007,FAIL,1.0,1.0,1.0,24,25
GSE27262,565,0.07100000000000017,-0.23167379679144373,0.11728798586572464,-0.02109090909090905,0.1643333333333335,-0.35614285714285704,-0.10468983957219244,FAIL,1.0,1.0,1.0,24,25
GSE27262,566,0.09149999999999991,-0.211173796791444,0.15115282685512352,0.00886956521739124,0.17349999999999988,-0.32534848484848494,-0.09183333333333332,FAIL,1.0,1.0,1.0,24,25
GSE27262,567,0.15149999999999986,-0.15117379679144405,0.250269434628975,0.02000000000000013,0.2820000000000001,-0.30635369532428364,0.001155462184874001,INSUFFICIENT_SUPPORT,1.0,1.0,1.0,24,25
GSE27262,568,0.006999999999999895,-0.295673796791444,0.01156360424028251,-0.0881739130434781,0.10799999999999998,-0.4242483660130719,-0.16826715686274507,FAIL,1.0,1.0,1.0,24,25
GSE27262,569,0.04999999999999993,-0.25267379679144397,0.0825971731448762,-0.04349999999999998,0.14400000000000002,-0.37551408102766815,-0.12892931876307823,FAIL,1.0,1.0,1.0,24,25
GSE27262,570,0.010666666666666602,-0.2920071301247773,0.01762073027090684,-0.08295652173913048,0.10066666666666668,-0.4166273291925465,-0.1668888888888888,FAIL,1.0,1.0,1.0,24,25
GSE27262,571,-0.07233333333333347,-0.3750071301247774,-0.11949057714958795,-0.1866666666666667,0.03600000000000003,-0.519388888888889,-0.2346060606060606,FAIL,1.0,1.0,1.0,24,25
GSE27262,572,0.012666666666666604,-0.2900071301247773,0.020924617196701894,-0.07716666666666672,0.10399999999999998,-0.4098743315508021,-0.16611111111111115,FAIL,1.0,1.0,1.0,24,25
GSE27262,573,0.0658333333333333,-0.2368404634581106,0.10875294464075375,-0.04833333333333323,0.1778333333333333,-0.3794663461538461,-0.10327272727272724,FAIL,1.0,1.0,1.0,24,25
GSE27262,574,-0.16516666666666674,-0.46784046345811064,-0.27284599528857484,-0.24216666666666664,-0.09599999999999986,-0.57625,-0.35400000000000004,FAIL,1.0,1.0,1.0,24,25
GSE27262,575,0.04533333333333334,-0.25734046345811057,0.07488810365135452,-0.04816666666666669,0.1386666666666666,-0.3875924369747899,-0.12915151515151518,FAIL,1.0,1.0,1.0,24,25
GSE27262,576,0.0571666666666667,-0.2455071301247772,0.09443610129564196,-0.07883333333333337,0.19599999999999995,-0.4096875,-0.08091176470588235,FAIL,1.0,1.0,1.0,24,25
GSE27262,577,0.04700000000000004,-0.25567379679144386,0.0776413427561838,-0.04966666666666664,0.13999999999999996,-0.38006951871657774,-0.12959401709401724,FAIL,1.0,1.0,1.0,24,25
GSE27262,578,0.08266666666666656,-0.22000713012477735,0.13656065959952865,-0.0119999999999999,0.17999999999999988,-0.3419900023250406,-0.09242810457516343,FAIL,1.0,1.0,1.0,24,25
GSE27262,579,-0.05916666666666659,-0.3618404634581105,-0.09773998822143684,-0.14419047619047615,0.036347826086956525,-0.48450000000000004,-0.23294444444444445,FAIL,1.0,1.0,1.0,24,25
GSE27262,580,-0.050833333333333286,-0.3535071301247772,-0.08397379269729084,-0.16883333333333328,0.06800000000000006,-0.49512020460358047,-0.20370833333333346,FAIL,1.0,1.0,1.0,24,25
GSE27262,581,0.1845000000000001,-0.1181737967914438,0.30478356890459374,0.09165217391304348,0.278086956521739,-0.24067647058823521,0.00966666666666649,INSUFFICIENT_SUPPORT,1.0,1.0,1.0,24,25
GSE27262,582,0.08416666666666661,-0.2185071301247773,0.13903857479387502,-1.1102230246251565e-16,0.17563636363636365,-0.339606442577031,-0.09464102564102567,FAIL,1.0,1.0,1.0,24,25
GSE27262,583,-0.010000000000000009,-0.3126737967914439,-0.016519434628975278,-0.14243478260869563,0.11333333333333329,-0.4666911764705882,-0.15964583333333335,FAIL,1.0,1.0,1.0,24,25
GSE27262,584,-0.03699999999999992,-0.3396737967914438,-0.061121908127208344,-0.13199999999999984,0.05199999999999999,-0.46583333333333327,-0.21275083612040135,FAIL,1.0,1.0,1.0,24,25
GSE27262,585,0.04616666666666669,-0.2565071301247772,0.07626472320376916,-0.03866666666666663,0.1316666666666666,-0.3797393162393162,-0.13416389599317985,FAIL,1.0,1.0,1.0,24,25
GSE27262,586,0.06766666666666665,-0.23500713012477725,0.11178150765606591,-0.051999999999999935,0.18052173913043457,-0.3795852311939269,-0.0849178743961354,FAIL,1.0,1.0,1.0,24,25
GSE27262,587,-0.08050000000000002,-0.3831737967914439,-0.13298144876325088,-0.16800000000000004,0.0,-0.5036239316239316,-0.25975252525252535,FAIL,1.0,1.0,1.0,24,25
GSE27262,588,0.011666666666666714,-0.2910071301247772,0.01927267373380455,-0.06521739130434778,0.08899999999999997,-0.40502525252525245,-0.17357808857808857,FAIL,1.0,1.0,1.0,24,25
GSE27262,589,0.030333333333333212,-0.2723404634581107,0.050108951707891425,-0.07234782608695656,0.1328333333333332,-0.404813725490196,-0.13656042199488497,FAIL,1.0,1.0,1.0,24,25
GSE27262,590,0.020999999999999908,-0.281673796791444,0.0346908127208479,-0.09366666666666656,0.13583333333333347,-0.4222222222222222,-0.13805555555555554,FAIL,1.0,1.0,1.0,24,25
GSE27262,591,-0.01983333333333326,-0.32250713012477716,-0.032763545347467476,-0.10869565217391297,0.07900000000000007,-0.44466346153846165,-0.1923598484848485,FAIL,1.0,1.0,1.0,24,25
GSE27262,592,0.036833333333333274,-0.26584046345811063,0.06084658421672545,-0.0798181818181819,0.15500000000000003,-0.4094278074866311,-0.11293961352657006,FAIL,1.0,1.0,1.0,24,25
GSE27262,593,0.09633333333333338,-0.20634046345811052,0.15913722025912844,0.028363636363636258,0.16399999999999992,-0.3145,-0.09373809523809526,FAIL,1.0,1.0,1.0,24,25
GSE27262,594,-0.04566666666666663,-0.34834046345811054,-0.0754387514723203,-0.1479999999999999,0.060000000000000164,-0.4846452991452992,-0.20644607843137244,FAIL,1.0,1.0,1.0,24,25
GSE27262,595,-0.07166666666666655,-0.37434046345811045,-0.11838928150765585,-0.1785,0.032727272727272716,-0.5042222222222222,-0.23665433798937635,FAIL,1.0,1.0,1.0,24,25
GSE27262,596,0.10116666666666674,-0.20150713012477717,0.1671216136631332,0.01200000000000001,0.19200000000000006,-0.32374999999999987,-0.07205370843989756,FAIL,1.0,1.0,1.0,24,25
GSE27262,597,-0.09333333333333327,-0.3960071301247772,-0.15418138987043567,-0.20049999999999996,0.016000000000000014,-0.5327222222222223,-0.2533333333333335,FAIL,1.0,1.0,1.0,24,25
GSE27262,598,0.0018333333333332424,-0.30084046345811066,0.003028563015311981,-0.06766666666666654,0.07199999999999995,-0.4094278074866311,-0.19143749999999993,FAIL,1.0,1.0,1.0,24,25
GSE27262,599,0.09166666666666667,-0.21100713012477723,0.1514281507656066,-0.015000000000000013,0.19200000000000017,-0.3448333333333333,-0.08211111111111119,FAIL,1.0,1.0,1.0,24,25
GSE27262,600,-0.0661666666666667,-0.3688404634581106,-0.10930359246171972,-0.1479999999999999,0.01200000000000001,-0.48634848484848475,-0.2483754110339787,FAIL,1.0,1.0,1.0,24,25
GSE27262,601,-0.15216666666666667,-0.4548404634581106,-0.2513707302709069,-0.22173913043478277,-0.07999999999999996,-0.5684957264957264,-0.3401499442586399,FAIL,1.0,1.0,1.0,24,25
GSE27262,602,-0.124,-0.4266737967914439,-0.20484098939929324,-0.23686956521739128,-0.01200000000000001,-0.5632205882352941,-0.28327941176470595,FAIL,1.0,1.0,1.0,24,25
GSE27262,603,0.1156666666666667,-0.1870071301247772,0.19107479387514725,-0.010086956521739077,0.24000000000000005,-0.34197605208091136,-0.037062500000000165,FAIL,1.0,1.0,1.0,24,25
GSE27262,604,0.06799999999999995,-0.23467379679144396,0.1123321554770317,-0.024909090909090992,0.1520000000000002,-0.3592027435480123,-0.10725579322638154,FAIL,1.0,1.0,1.0,24,25
GSE27262,605,-0.041000000000000036,-0.34367379679144394,-0.06772968197879864,-0.15599999999999986,0.07895652173913048,-0.48341545893719795,-0.19428991596638656,FAIL,1.0,1.0,1.0,24,25
GSE27262,606,0.022166666666666668,-0.28050713012477724,0.0366180800942285,-0.09616666666666673,0.1399999999999999,-0.42420098039215687,-0.13661538461538458,FAIL,1.0,1.0,1.0,24,25
GSE27262,607,-0.05133333333333334,-0.35400713012477725,-0.0847997644287397,-0.148695652173913,0.041818181818181865,-0.4802222222222222,-0.22489215686274505,FAIL,1.0,1.0,1.0,24,25
GSE27262,608,-0.05249999999999999,-0.3551737967914439,-0.08672703180212012,-0.16400000000000003,0.06400000000000006,-0.49155521971634486,-0.21016239316239316,FAIL,1.0,1.0,1.0,24,25
GSE27262,609,-0.07133333333333325,-0.37400713012477715,-0.11783863368669006,-0.19599999999999995,0.05599999999999994,-0.5250555555555556,-0.2150245098039217,FAIL,1.0,1.0,1.0,24,25
GSE27262,610,-0.04583333333333339,-0.3485071301247773,-0.07571407538280338,-0.15766666666666684,0.06228571428571439,-0.4816932773109245,-0.2073846153846155,FAIL,1.0,1.0,1.0,24,25
GSE27262,611,-0.06283333333333341,-0.3655071301247773,-0.10379711425206135,-0.1712727272727273,0.04700000000000004,-0.5057450980392157,-0.22483333333333338,FAIL,1.0,1.0,1.0,24,25
GSE27262,612,0.0016666666666665941,-0.3010071301247773,0.0027532391048290905,-0.09200000000000008,0.10399999999999998,-0.42501587301587307,-0.1645833333333333,FAIL,1.0,1.0,1.0,24,25
GSE27262,613,-0.011833333333333362,-0.31450713012477727,-0.01954799764428744,-0.11783333333333335,0.09600000000000009,-0.448968253968254,-0.17406547619047635,FAIL,1.0,1.0,1.0,24,25
GSE27262,614,-0.0685,-0.3711737967914439,-0.11315812720848055,-0.1667826086956522,0.02966666666666662,-0.49761769480519497,-0.24278074866310156,FAIL,1.0,1.0,1.0,24,25
GSE27262,615,-0.026999999999999913,-0.3296737967914438,-0.04460247349823306,-0.13113043478260877,0.0759999999999999,-0.4621666666666668,-0.196875,FAIL,1.0,1.0,1.0,24,25
GSE27262,616,-0.08399999999999996,-0.38667379679144387,-0.13876325088339214,-0.15199999999999997,-0.014956521739130535,-0.4925,-0.2743585231193927,FAIL,1.0,1.0,1.0,24,25
GSE27262,617,0.01200000000000001,-0.2906737967914439,0.019823321554770332,-0.09849999999999987,0.1213333333333334,-0.43097619047619057,-0.14357416879795398,FAIL,1.0,1.0,1.0,24,25
GSE27262,618,0.04866666666666675,-0.25400713012477716,0.08039458186101307,-0.057666666666666644,0.1548333333333335,-0.39220098039215684,-0.12022222222222212,FAIL,1.0,1.0,1.0,24,25
GSE27262,619,-0.01533333333333331,-0.3180071301247772,-0.025329799764428697,-0.1386666666666666,0.11008695652173917,-0.4685,-0.1725721288515406,FAIL,1.0,1.0,1.0,24,25
GSE27262,620,0.018166666666666775,-0.28450713012477713,0.030010306242638573,-0.07966666666666655,0.124,-0.4103888888888889,-0.1367556561085973,FAIL,1.0,1.0,1.0,24,25
GSE27262,621,-0.032166666666666566,-0.33484046345811047,-0.05313751472320359,-0.14233333333333337,0.06834782608695655,-0.46882828282828287,-0.20362820512820518,FAIL,1.0,1.0,1.0,24,25
GSE27262,622,0.016666666666666496,-0.2860071301247774,0.027532391048291822,-0.06800000000000006,0.09999999999999998,-0.4062463768115943,-0.16193750000000018,FAIL,1.0,1.0,1.0,24,25
GSE27262,623,-0.01650000000000007,-0.319173796791444,-0.027257067137809298,-0.12400000000000005,0.08966666666666667,-0.4543285256410256,-0.18270833333333325,FAIL,1.0,1.0,1.0,24,25
GSE27262,624,0.16949999999999982,-0.1331737967914441,0.2800044169611304,0.0718333333333333,0.26349999999999996,-0.2570733695652175,-0.0014444444444444149,FAIL,1.0,1.0,1.0,24,25
GSE27262,625,0.03799999999999992,-0.264673796791444,0.06277385159010587,-0.07166666666666677,0.1399999999999999,-0.3987499999999999,-0.13006862745098047,FAIL,1.0,1.0,1.0,24,25
GSE27262,626,-0.024500000000000077,-0.327173796791444,-0.04047261484098952,-0.1191666666666667,0.07199999999999995,-0.4552777777777777,-0.1928305626598466,FAIL,1.0,1.0,1.0,24,25
GSE27262,627,0.09616666666666662,-0.20650713012477728,0.15886189634864537,0.005999999999999894,0.192,-0.3295748792270532,-0.07316666666666657,FAIL,1.0,1.0,1.0,24,25
GSE27262,628,0.07999999999999996,-0.22267379679144395,0.13215547703180203,0.00939130434782609,0.14799999999999996,-0.3231666666666667,-0.10952621483375963,FAIL,1.0,1.0,1.0,24,25
GSE27262,629,0.15766666666666668,-0.14500713012477723,0.2604564193168433,0.03599999999999992,0.276695652173913,-0.2942777777777779,0.0009803921568627416,INSUFFICIENT_SUPPORT,1.0,1.0,1.0,24,25
GSE27262,630,-0.024333333333333318,-0.3270071301247772,-0.040197290930506446,-0.13200000000000012,0.08916666666666662,-0.464611111111111,-0.19184260033444817,FAIL,1.0,1.0,1.0,24,25
GSE27262,631,-0.04049999999999998,-0.3431737967914439,-0.06690371024734978,-0.12973913043478252,0.05339130434782613,-0.4603333333333333,-0.21792156862745082,FAIL,1.0,1.0,1.0,24,25
GSE27262,632,-0.05333333333333323,-0.35600713012477714,-0.08810365135453456,-0.1674782608695654,0.05426086956521736,-0.49773303167420807,-0.21673039215686274,FAIL,1.0,1.0,1.0,24,25
GSE27262,633,-0.012000000000000122,-0.314673796791444,-0.019823321554770516,-0.1296666666666667,0.09999999999999998,-0.4591666666666668,-0.17720588235294113,FAIL,1.0,1.0,1.0,24,25
GSE27262,634,-0.11399999999999999,-0.4166737967914439,-0.18832155477031798,-0.21600000000000003,-0.008166666666666655,-0.5533284313725492,-0.2860882352941178,FAIL,1.0,1.0,1.0,24,25
GSE27262,635,0.0018333333333334645,-0.30084046345811044,0.003028563015312348,-0.11850000000000005,0.11808695652173906,-0.4482270256916996,-0.15330279503105584,FAIL,1.0,1.0,1.0,24,25
GSE27262,636,0.09466666666666657,-0.20800713012477734,0.15638398115429897,0.0040000000000000036,0.18033333333333335,-0.32950000000000007,-0.08364865728900267,FAIL,1.0,1.0,1.0,24,25
GSE27262,637,-0.10966666666666658,-0.4123404634581105,-0.18116313309776189,-0.22243478260869576,0.0008333333333333526,-0.55531884057971,-0.26579166666666676,FAIL,1.0,1.0,1.0,24,25
GSE27262,638,-0.04916666666666658,-0.3518404634581105,-0.08122055359246157,-0.15866666666666662,0.06133333333333346,-0.4903055555555557,-0.2097647058823528,FAIL,1.0,1.0,1.0,24,25
GSE27262,639,0.03716666666666668,-0.2655071301247772,0.061397232037691415,-0.08216666666666661,0.15199999999999997,-0.4050733421168203,-0.1219791666666667,FAIL,1.0,1.0,1.0,24,25
GSE27262,640,0.017166666666666552,-0.28550713012477735,0.028358362779740676,-0.09199999999999997,0.12782608695652176,-0.42112834224598933,-0.14467836257309946,FAIL,1.0,1.0,1.0,24,25
GSE27262,641,-0.040999999999999925,-0.34367379679144383,-0.06772968197879844,-0.1600000000000001,0.07600000000000018,-0.494,-0.19937820512820503,FAIL,1.0,1.0,1.0,24,25
GSE27262,642,0.0694999999999999,-0.233173796791444,0.1148100706713779,-0.024000000000000132,0.15999999999999998,-0.3562058823529412,-0.11357142857142849,FAIL,1.0,1.0,1.0,24,25
GSE27262,643,0.020166666666666555,-0.28250713012477735,0.03331419316843326,-0.09199999999999986,0.12649999999999983,-0.4216875,-0.1443193277310925,FAIL,1.0,1.0,1.0,24,25
GSE27262,644,0.011499999999999844,-0.29117379679144406,0.018997349823321293,-0.07950000000000002,0.11199999999999999,-0.41447549019607854,-0.15416666666666673,FAIL,1.0,1.0,1.0,24,25
GSE27262,645,-0.07266666666666666,-0.37534046345811056,-0.12004122497055356,-0.1600000000000001,0.016521739130434754,-0.4949898989898989,-0.24616666666666664,FAIL,1.0,1.0,1.0,24,25
GSE27262,646,0.010166666666666657,-0.29250713012477725,0.01679475853945817,-0.08799999999999986,0.09600000000000009,-0.4171550802139038,-0.16684464555052786,FAIL,1.0,1.0,1.0,24,25
GSE27262,647,0.0039999999999998925,-0.298673796791444,0.006607773851589927,-0.09849999999999998,0.111304347826087,-0.4334893048128341,-0.15671568627450982,FAIL,1.0,1.0,1.0,24,25
GSE27262,648,-0.1303333333333333,-0.4330071301247772,-0.2153032979976442,-0.22121739130434787,-0.03633333333333344,-0.5622499999999999,-0.30483333333333335,FAIL,1.0,1.0,1.0,24,25
GSE27262,649,-0.02633333333333332,-0.3290071301247772,-0.043501177856301504,-0.12033333333333329,0.07234782608695656,-0.45600000000000007,-0.19384491978609628,FAIL,1.0,1.0,1.0,24,25
GSE27262,650,-0.005333333333333412,-0.3080071301247773,-0.008810365135453604,-0.10072727272727267,0.09283333333333321,-0.4398333333333333,-0.1727857142857142,FAIL,1.0,1.0,1.0,24,25
GSE27262,651,0.012333333333333196,-0.2903404634581107,0.02037396937573593,-0.07599999999999996,0.10216666666666663,-0.41637254901960796,-0.16561352657004838,FAIL,1.0,1.0,1.0,24,25
GSE27262,652,0.025499999999999967,-0.27717379679144394,0.042124558303886867,-0.08181818181818179,0.13309090909090904,-0.4142483660130719,-0.13773809523809535,FAIL,1.0,1.0,1.0,24,25
GSE27262,653,0.016499999999999848,-0.28617379679144406,0.02725706713780893,-0.07999999999999996,0.10939130434782618,-0.41410084033613453,-0.15387172929372434,FAIL,1.0,1.0,1.0,24,25
GSE27262,654,0.0591666666666667,-0.2435071301247772,0.09773998822143702,-0.06800000000000006,0.17999999999999988,-0.4009919786096257,-0.09676726342710995,FAIL,1.0,1.0,1.0,24,25
GSE27262,655,0.029333333333333433,-0.27334046345811047,0.048457008244994264,-0.06099999999999994,0.12290909090909086,-0.3948333333333334,-0.14364583333333333,FAIL,1.0,1.0,1.0,24,25
GSE27262,656,0.030333333333333212,-0.2723404634581107,0.050108951707891425,-0.0652173913043479,0.1275000000000001,-0.3948970588235295,-0.14334782608695662,FAIL,1.0,1.0,1.0,24,25
GSE27262,657,0.07183333333333342,-0.2308404634581105,0.1186646054181391,-0.031000000000000028,0.1733333333333335,-0.3615359848484847,-0.09688383838383838,FAIL,1.0,1.0,1.0,24,25
GSE27262,658,0.12516666666666665,-0.17750713012477726,0.20676825677267366,0.014833333333333254,0.23133333333333322,-0.31531862745098044,-0.04150000000000004,FAIL,1.0,1.0,1.0,24,25
GSE27262,659,0.06016666666666659,-0.24250713012477731,0.09939193168433437,-0.05286956521739139,0.17933333333333323,-0.3865213675213675,-0.0979374999999999,FAIL,1.0,1.0,1.0,24,25
GSE27262,660,0.045666666666666744,-0.25700713012477716,0.07543875147232049,-0.10365217391304338,0.18600000000000005,-0.42616666666666664,-0.09045701357466057,FAIL,1.0,1.0,1.0,24,25
GSE27262,661,0.036666666666666625,-0.2660071301247773,0.06057126030624256,-0.07599999999999996,0.15416666666666667,-0.4076419437340153,-0.1228333333333334,FAIL,1.0,1.0,1.0,24,25
GSE27262,662,-0.09416666666666662,-0.3968404634581105,-0.1555580094228503,-0.21149999999999997,0.023333333333333317,-0.5432222222222223,-0.24683333333333335,FAIL,1.0,1.0,1.0,24,25
GSE27262,663,-0.040000000000000036,-0.34267379679144394,-0.06607773851590111,-0.1572727272727274,0.08400000000000007,-0.48595851094060816,-0.18964772727272738,FAIL,1.0,1.0,1.0,24,25
GSE27262,664,-0.020500000000000074,-0.323173796791444,-0.03386484098939941,-0.1216666666666667,0.07530434782608697,-0.45472222222222225,-0.19456094720496897,FAIL,1.0,1.0,1.0,24,25
GSE27262,665,0.10516666666666663,-0.19750713012477727,0.1737293875147231,0.03600000000000003,0.17816666666666664,-0.3048484848484849,-0.08548412698412708,FAIL,1.0,1.0,1.0,24,25
GSE27262,666,-0.05066666666666664,-0.35334046345811054,-0.08369846878680795,-0.1356666666666665,0.03600000000000003,-0.4691111111111112,-0.2264047619047619,FAIL,1.0,1.0,1.0,24,25
GSE27262,667,0.04383333333333328,-0.2588404634581106,0.07241018845700814,-0.03942857142857137,0.1203333333333334,-0.3749346405228758,-0.13744444444444442,FAIL,1.0,1.0,1.0,24,25
GSE27262,668,-0.07466666666666677,-0.3773404634581107,-0.1233451118963488,-0.15616666666666656,0.007999999999999896,-0.495063725490196,-0.25998692810457513,FAIL,1.0,1.0,1.0,24,25
GSE27262,669,0.08483333333333332,-0.2178404634581106,0.14013987043580678,0.004166666666666652,0.1599999999999998,-0.32845098039215703,-0.10123529411764709,FAIL,1.0,1.0,1.0,24,25
GSE27262,670,0.09983333333333322,-0.2028404634581107,0.1649190223792695,0.0040000000000000036,0.20216666666666672,-0.32705555555555565,-0.07151583710407239,FAIL,1.0,1.0,1.0,24,25
GSE27262,671,-0.11949999999999994,-0.42217379679144384,-0.19740724381625427,-0.21400000000000008,-0.021454545454545504,-0.5454444444444444,-0.2904460784313725,FAIL,1.0,1.0,1.0,24,25
GSE27262,672,0.01200000000000001,-0.2906737967914439,0.019823321554770332,-0.11200000000000004,0.1359999999999999,-0.4395673076923076,-0.13678493373634037,FAIL,1.0,1.0,1.0,24,25
GSE27262,673,0.0183333333333332,-0.2843404634581107,0.030285630153121097,-0.08766666666666667,0.124,-0.41805083120204595,-0.14994444444444438,FAIL,1.0,1.0,1.0,24,25
GSE27262,674,0.09416666666666651,-0.2085071301247774,0.1555580094228501,-0.02400000000000002,0.20433333333333337,-0.3509450757575757,-0.06474305555555554,FAIL,1.0,1.0,1.0,24,25
GSE27262,675,0.015166666666666773,-0.28750713012477713,0.02505447585394599,-0.09199999999999997,0.12016666666666659,-0.4208551333576909,-0.1497599067599066,FAIL,1.0,1.0,1.0,24,25
GSE27262,676,0.026833333333333265,-0.27584046345811064,0.04432714958775017,-0.07133333333333347,0.12618181818181823,-0.40068246005202524,-0.140860400682012,FAIL,1.0,1.0,1.0,24,25
GSE27262,677,-0.008166666666666655,-0.31084046345811056,-0.013490871613663111,-0.1415652173913043,0.12054545454545451,-0.47248885918003564,-0.14955555555555544,FAIL,1.0,1.0,1.0,24,25
GSE27262,678,-0.09333333333333338,-0.3960071301247773,-0.15418138987043586,-0.1640000000000001,-0.02156521739130446,-0.5078253968253967,-0.2843382352941177,FAIL,1.0,1.0,1.0,24,25
GSE27262,679,-0.03633333333333333,-0.33900713012477723,-0.06002061248527678,-0.1399999999999999,0.07200000000000006,-0.4709806763285025,-0.20282247899159664,FAIL,1.0,1.0,1.0,24,25
GSE27262,680,-0.006833333333333358,-0.30950713012477726,-0.011288280329799803,-0.10781818181818192,0.09583333333333333,-0.4446666666666666,-0.17594444444444446,FAIL,1.0,1.0,1.0,24,25
GSE27262,681,-0.02833333333333332,-0.3310071301247772,-0.046805064782096555,-0.12699999999999995,0.06999999999999995,-0.45891176470588235,-0.20052777777777786,FAIL,1.0,1.0,1.0,24,25
GSE27262,682,0.12266666666666659,-0.18000713012477731,0.20263839811542975,0.02399999999999991,0.22886956521739132,-0.30809222661396585,-0.03957954545454556,FAIL,1.0,1.0,1.0,24,25
GSE27262,683,0.0001666666666666483,-0.30250713012477726,0.0002753239104828907,-0.12539130434782608,0.12399999999999994,-0.44950000000000007,-0.1488888888888889,FAIL,1.0,1.0,1.0,24,25
GSE27262,684,0.02400000000000002,-0.2786737967914439,0.039646643109540664,-0.11566666666666664,0.15699999999999997,-0.4428579545454546,-0.11417797888386128,FAIL,1.0,1.0,1.0,24,25
GSE27262,685,0.11649999999999983,-0.18617379679144408,0.1924514134275615,0.007999999999999896,0.22249999999999998,-0.3205468350383633,-0.04347478991596648,FAIL,1.0,1.0,1.0,24,25
GSE27262,686,-0.06233333333333324,-0.36500713012477715,-0.10297114252061232,-0.14,0.015428571428571347,-0.47912698412698407,-0.24656561085972864,FAIL,1.0,1.0,1.0,24,25
GSE27262,687,-0.028000000000000136,-0.33067379679144404,-0.04625441696113096,-0.136,0.08145454545454556,-0.4653088235294118,-0.1877658019729632,FAIL,1.0,1.0,1.0,24,25
GSE27262,688,0.04149999999999998,-0.2611737967914439,0.06855565371024731,-0.06000000000000005,0.14399999999999996,-0.3948588700302255,-0.12083333333333324,FAIL,1.0,1.0,1.0,24,25
GSE27262,689,-0.0119999999999999,-0.3146737967914438,-0.019823321554770148,-0.12,0.09599999999999997,-0.45814208074534163,-0.17601960784313725,FAIL,1.0,1.0,1.0,24,25
GSE27262,690,0.0605,-0.2421737967914439,0.09994257950530033,-0.07238095238095232,0.18800000000000006,-0.3995252525252526,-0.08247596153846148,FAIL,1.0,1.0,1.0,24,25
GSE27262,691,-0.061666666666666536,-0.36434046345811044,-0.10186984687868057,-0.16800000000000004,0.04466666666666674,-0.49745222041385717,-0.22624879227053138,FAIL,1.0,1.0,1.0,24,25
GSE27262,692,0.13616666666666666,-0.16650713012477725,0.22493963486454646,0.06400000000000017,0.20600000000000007,-0.27760256410256395,-0.051407608695652196,FAIL,1.0,1.0,1.0,24,25
GSE27262,693,0.02716666666666656,-0.27550713012477734,0.044877797408715954,-0.05899999999999994,0.1090000000000001,-0.39266666666666683,-0.15643610013175235,FAIL,1.0,1.0,1.0,24,25
GSE27262,694,-0.009333333333333416,-0.3120071301247773,-0.015418138987043714,-0.1040000000000002,0.08449999999999991,-0.4406008403361344,-0.1846898395721925,FAIL,1.0,1.0,1.0,24,25
GSE27262,695,-0.09200000000000008,-0.394673796791444,-0.15197879858657254,-0.21600000000000003,0.019478260869565278,-0.5394264705882355,-0.25404166666666683,FAIL,1.0,1.0,1.0,24,25
GSE27262,696,-0.06299999999999994,-0.36567379679144385,-0.10407243816254406,-0.14,0.016000000000000125,-0.4741406649616369,-0.24738235294117655,FAIL,1.0,1.0,1.0,24,25
GSE27262,697,0.019000000000000017,-0.2836737967914439,0.031386925795053026,-0.09583333333333333,0.128,-0.4242608695652174,-0.14257575757575752,FAIL,1.0,1.0,1.0,24,25
GSE27262,698,0.16766666666666669,-0.13500713012477722,0.2769758539458186,0.08382608695652172,0.2535,-0.2504722222222221,-0.01135265700483093,FAIL,1.0,1.0,1.0,24,25
GSE27262,699,-0.05716666666666659,-0.3598404634581105,-0.09443610129564178,-0.184,0.06166666666666665,-0.5066385595081248,-0.21233333333333332,FAIL,1.0,1.0,1.0,24,25
GSE27262,700,-0.09999999999999998,-0.4026737967914439,-0.16519434628975257,-0.20216666666666672,0.00782608695652165,-0.5361666666666667,-0.2630151515151516,FAIL,1.0,1.0,1.0,24,25
GSE27262,701,-0.012666666666666604,-0.3153404634581105,-0.020924617196701894,-0.11033333333333328,0.09580952380952379,-0.44486267951996855,-0.17750735294117656,FAIL,1.0,1.0,1.0,24,25
GSE27262,702,-0.08266666666666678,-0.3853404634581107,-0.136560659599529,-0.18550000000000005,0.030260869565217452,-0.5185339366515836,-0.2436666666666667,FAIL,1.0,1.0,1.0,24,25
GSE27262,703,-0.011166666666666658,-0.31384046345811056,-0.018446702002355694,-0.12300000000000005,0.09566666666666668,-0.4546111111111112,-0.18191919191919204,FAIL,1.0,1.0,1.0,24,25
GSE27262,704,0.00649999999999995,-0.29617379679144396,0.010737632508833838,-0.07999999999999996,0.09599999999999997,-0.41600000000000004,-0.1701231884057971,FAIL,1.0,1.0,1.0,24,25
GSE27262,705,-0.06466666666666665,-0.36734046345811056,-0.10682567726737334,-0.13739130434782604,0.008166666666666544,-0.47785265700483104,-0.2558888888888889,FAIL,1.0,1.0,1.0,24,25
GSE27262,706,-0.03416666666666657,-0.3368404634581105,-0.05644140164899865,-0.14800000000000002,0.08433333333333326,-0.4730873015873018,-0.18839130434782625,FAIL,1.0,1.0,1.0,24,25
GSE27262,707,0.005833333333333357,-0.29684046345811055,0.009636336866902274,-0.10054545454545444,0.11234782608695654,-0.4329999999999999,-0.15743939393939388,FAIL,1.0,1.0,1.0,24,25
GSE27262,708,-0.07383333333333342,-0.3765071301247773,-0.12196849234393416,-0.20033333333333336,0.05130434782608695,-0.5344285714285715,-0.22325757575757588,FAIL,1.0,1.0,1.0,24,25
GSE27262,709,-0.014499999999999957,-0.31717379679144386,-0.02395318021201406,-0.1325,0.10799999999999993,-0.45944385026737955,-0.1696388888888889,FAIL,1.0,1.0,1.0,24,25
GSE27262,710,0.09633333333333327,-0.20634046345811063,0.15913722025912824,-0.010260869565217434,0.19791304347826083,-0.3386428571428573,-0.0698478260869565,FAIL,1.0,1.0,1.0,24,25
GSE27262,711,0.08466666666666656,-0.21800713012477735,0.1398645465253237,-0.01000000000000012,0.1828333333333334,-0.34888981244671785,-0.08792424242424243,FAIL,1.0,1.0,1.0,24,25
GSE27262,712,-0.05166666666666664,-0.35434046345811054,-0.08535041224970548,-0.192,0.09236363636363637,-0.513614081996435,-0.1864589371980676,FAIL,1.0,1.0,1.0,24,25
GSE27262,713,0.008500000000000063,-0.29417379679144384,0.014041519434629076,-0.10450000000000004,0.1200000000000001,-0.43073671497584526,-0.15284974424552422,FAIL,1.0,1.0,1.0,24,25
GSE27262,714,0.010666666666666491,-0.2920071301247774,0.017620730270906656,-0.10016666666666663,0.121,-0.4330673076923078,-0.14944444444444438,FAIL,1.0,1.0,1.0,24,25
GSE27262,715,0.03149999999999997,-0.27117379679144393,0.05203621908127203,-0.05600000000000005,0.1208333333333334,-0.38994444444444454,-0.1459375000000001,FAIL,1.0,1.0,1.0,24,25
GSE27262,716,0.030999999999999917,-0.271673796791444,0.05121024734982318,-0.05999999999999994,0.1241666666666667,-0.39307334211682027,-0.14128921568627456,FAIL,1.0,1.0,1.0,24,25
GSE27262,717,-0.013500000000000068,-0.316173796791444,-0.022301236749116715,-0.11183333333333334,0.08800000000000008,-0.44244444444444425,-0.17847385620915046,FAIL,1.0,1.0,1.0,24,25
GSE27262,718,0.008000000000000007,-0.2946737967914439,0.013215547703180222,-0.09304347826086967,0.11791304347826087,-0.4242777777777778,-0.15484453781512603,FAIL,1.0,1.0,1.0,24,25
GSE27262,719,-0.01633333333333331,-0.3190071301247772,-0.026981743227326223,-0.11216666666666658,0.07600000000000007,-0.4466274509803922,-0.18992156862745102,FAIL,1.0,1.0,1.0,24,25
GSE27262,720,0.11933333333333329,-0.18334046345811061,0.1971319199057714,0.004833333333333245,0.22933333333333317,-0.3224975490196078,-0.047702317290552854,FAIL,1.0,1.0,1.0,24,25
GSE27262,721,0.17200000000000004,-0.13067379679144386,0.28413427561837457,0.08133333333333337,0.26,-0.2536111111111112,-0.008611111111111014,FAIL,1.0,1.0,1.0,24,25
GSE27262,722,-0.004166666666666652,-0.30684046345811056,-0.006883097762073001,-0.12400000000000011,0.10616666666666663,-0.4520882352941177,-0.16700000000000004,FAIL,1.0,1.0,1.0,24,25
GSE27262,723,0.030000000000000027,-0.2726737967914439,0.04955830388692583,-0.08466666666666667,0.1399999999999999,-0.42050568181818193,-0.133096256684492,FAIL,1.0,1.0,1.0,24,25
GSE27262,724,0.010666666666666602,-0.2920071301247773,0.01762073027090684,-0.10383333333333344,0.11669565217391303,-0.4292714932126698,-0.15405555555555553,FAIL,1.0,1.0,1.0,24,25
GSE27262,725,0.015833333333333366,-0.28684046345811054,0.026155771495877552,-0.051999999999999935,0.08533333333333337,-0.39285403726708085,-0.17544145256917004,FAIL,1.0,1.0,1.0,24,25
GSE27262,726,-0.10666666666666663,-0.40934046345811054,-0.1762073027090694,-0.20400000000000007,-0.007999999999999896,-0.5370673076923077,-0.2760555555555556,FAIL,1.0,1.0,1.0,24,25
GSE27262,727,0.03716666666666679,-0.2655071301247771,0.061397232037691596,-0.05700000000000005,0.1359999999999999,-0.3929047619047619,-0.13083333333333336,FAIL,1.0,1.0,1.0,24,25
GSE27262,728,-0.0518333333333334,-0.3545071301247773,-0.08562573616018855,-0.16183333333333316,0.05999999999999994,-0.492,-0.21804166666666658,FAIL,1.0,1.0,1.0,24,25
GSE27262,729,0.038666666666666516,-0.2640071301247774,0.06387514723203742,-0.06139130434782614,0.13999999999999996,-0.3918922101449276,-0.13195238095238104,FAIL,1.0,1.0,1.0,24,25
GSE27262,730,-0.0033333333333334103,-0.3060071301247773,-0.005506478209658548,-0.11199999999999999,0.10716666666666663,-0.44732796822742465,-0.16367156862745091,FAIL,1.0,1.0,1.0,24,25
GSE27262,731,0.05916666666666659,-0.24350713012477732,0.09773998822143684,-0.04283333333333328,0.16549999999999987,-0.37324659639877045,-0.10407352941176479,FAIL,1.0,1.0,1.0,24,25
GSE27262,732,-0.026499999999999968,-0.3291737967914439,-0.04377650176678439,-0.1251666666666666,0.07200000000000017,-0.46144444444444443,-0.18943961352657002,FAIL,1.0,1.0,1.0,24,25
GSE27262,733,0.051166666666666694,-0.2515071301247772,0.0845244405182568,-0.0621666666666667,0.16516666666666668,-0.386,-0.10683333333333345,FAIL,1.0,1.0,1.0,24,25
GSE27262,734,0.038833333333333386,-0.2638404634581105,0.06415047114252069,-0.06633333333333336,0.14890909090909082,-0.400264705882353,-0.1204236111111111,FAIL,1.0,1.0,1.0,24,25
GSE27262,735,0.039833333333333276,-0.26284046345811063,0.06580241460541804,-0.05600000000000005,0.13547826086956516,-0.39000483091787447,-0.13311111111111107,FAIL,1.0,1.0,1.0,24,25
GSE27262,736,0.0698333333333333,-0.2328404634581106,0.11536071849234386,-0.0548333333333334,0.19566666666666677,-0.3847807486631016,-0.08455555555555555,FAIL,1.0,1.0,1.0,24,25
GSE27262,737,0.04499999999999993,-0.257673796791444,0.07433745583038856,-0.05999999999999994,0.14799999999999996,-0.39066666666666655,-0.12094799658994021,FAIL,1.0,1.0,1.0,24,25
GSE27262,738,0.004833333333333245,-0.29784046345811066,0.007984393404004564,-0.116181818181818,0.12683333333333335,-0.44455555555555565,-0.15066666666666673,FAIL,1.0,1.0,1.0,24,25
GSE27262,739,0.025000000000000133,-0.27767379679144377,0.04129858657243837,-0.07054545454545469,0.12243478260869567,-0.40249999999999997,-0.14691872691105426,FAIL,1.0,1.0,1.0,24,25
GSE27262,740,0.0535000000000001,-0.2491737967914438,0.08837897526501783,-0.04483333333333328,0.15617391304347827,-0.38660606060606056,-0.11193382352941175,FAIL,1.0,1.0,1.0,24,25
GSE27262,741,0.020166666666666666,-0.28250713012477724,0.03331419316843345,-0.05791304347826087,0.10300000000000009,-0.3969166666666668,-0.16084631481050915,FAIL,1.0,1.0,1.0,24,25
GSE27262,742,0.04033333333333333,-0.2623404634581106,0.0666283863368669,-0.06566666666666676,0.14400000000000002,-0.39643137254901956,-0.12533689839572196,FAIL,1.0,1.0,1.0,24,25
GSE27262,743,-0.07316666666666671,-0.3758404634581106,-0.12086719670200241,-0.1760000000000001,0.03266666666666662,-0.5092777777777777,-0.23780690537084398,FAIL,1.0,1.0,1.0,24,25
GSE27262,744,0.05733333333333346,-0.24534046345811045,0.09471142520612504,-0.04399999999999993,0.15599999999999992,-0.3721212121212122,-0.1162843137254902,FAIL,1.0,1.0,1.0,24,25
GSE27262,745,0.05566666666666675,-0.24700713012477715,0.09195818610129577,-0.04527272727272713,0.16200000000000003,-0.37673856209150325,-0.10511607142857132,FAIL,1.0,1.0,1.0,24,25
GSE27262,746,0.13333333333333341,-0.1693404634581105,0.22025912838633696,0.02399999999999991,0.2406956521739131,-0.29988888888888904,-0.03598128342246004,FAIL,1.0,1.0,1.0,24,25
GSE27262,747,0.004666666666666597,-0.2980071301247773,0.007709069493521674,-0.08660869565217388,0.09599999999999997,-0.4200555555555555,-0.17089215686274514,FAIL,1.0,1.0,1.0,24,25
GSE27262,748,-0.010333333333333417,-0.3130071301247773,-0.01707008244994124,-0.1288333333333333,0.10973913043478267,-0.4603472222222221,-0.16984491978609637,FAIL,1.0,1.0,1.0,24,25
GSE27262,749,-0.026833333333333265,-0.32950713012477717,-0.04432714958775017,-0.13739130434782593,0.07883333333333337,-0.4619747899159664,-0.19080882352941192,FAIL,1.0,1.0,1.0,24,25
GSE27262,750,0.024666666666666726,-0.2780071301247772,0.04074793875147241,-0.08399999999999996,0.13808695652173908,-0.4102777777777779,-0.13211111111111112,FAIL,1.0,1.0,1.0,24,25
GSE27262,751,0.013000000000000012,-0.2896737967914439,0.02147526501766786,-0.08066666666666666,0.11033333333333323,-0.41505113636363644,-0.16090909090909084,FAIL,1.0,1.0,1.0,24,25
GSE27262,752,0.03599999999999992,-0.266673796791444,0.059469964664310815,-0.07773913043478264,0.14000000000000012,-0.4103371308997909,-0.12863888888888886,FAIL,1.0,1.0,1.0,24,25
GSE27262,753,0.03916666666666657,-0.26350713012477733,0.06470111896348629,-0.06782608695652181,0.14400000000000002,-0.3951038647342996,-0.13051515151515153,FAIL,1.0,1.0,1.0,24,25
GSE27262,754,-0.07300000000000006,-0.37567379679144397,-0.12059187279151952,-0.17599999999999988,0.029333333333333322,-0.5063071895424838,-0.23495268542199488,FAIL,1.0,1.0,1.0,24,25
GSE27262,755,0.0023333333333331874,-0.3003404634581107,0.0038545347467606535,-0.11983333333333335,0.11999999999999988,-0.4548121118012422,-0.15670168067226892,FAIL,1.0,1.0,1.0,24,25
GSE27262,756,-0.10766666666666669,-0.4103404634581106,-0.17785924617196702,-0.20000000000000007,-0.009666666666666601,-0.5317929292929293,-0.28533333333333327,FAIL,1.0,1.0,1.0,24,25
GSE27262,757,0.07650000000000001,-0.2261737967914439,0.12637367491166077,-0.006833333333333358,0.16399999999999992,-0.34306249999999994,-0.10313636363636364,FAIL,1.0,1.0,1.0,24,25
GSE27262,758,0.012666666666666715,-0.2900071301247772,0.020924617196702078,-0.0945454545454546,0.11066666666666669,-0.42063903743315506,-0.15986029411764704,FAIL,1.0,1.0,1.0,24,25
GSE27262,759,0.08399999999999996,-0.21867379679144394,0.13876325088339214,-0.032173913043478164,0.20316666666666666,-0.35869718928414596,-0.06627777777777782,FAIL,1.0,1.0,1.0,24,25
GSE27262,760,-0.010500000000000065,-0.31317379679144397,-0.017345406360424132,-0.11700000000000005,0.09599999999999992,-0.4471599378881987,-0.17805555555555563,FAIL,1.0,1.0,1.0,24,25
GSE27262,761,-0.06566666666666654,-0.36834046345811045,-0.10847762073027067,-0.16800000000000004,0.035826086956521674,-0.5051111111111111,-0.2346410256410255,FAIL,1.0,1.0,1.0,24,25
GSE27262,762,0.01849999999999996,-0.28417379679144394,0.030560954063604172,-0.08883333333333338,0.12399999999999994,-0.4179115612648223,-0.14192199488491053,FAIL,1.0,1.0,1.0,24,25
GSE27262,763,-0.09366666666666668,-0.3963404634581106,-0.15473203769140165,-0.21599999999999991,0.027999999999999914,-0.5451388888888888,-0.2400000000000001,FAIL,1.0,1.0,1.0,24,25
GSE27262,764,-0.11166666666666669,-0.4143404634581106,-0.18446702002355714,-0.20716666666666678,-0.013833333333333253,-0.5415384615384615,-0.28332850241545904,FAIL,1.0,1.0,1.0,24,25
GSE27262,765,0.02866666666666673,-0.2740071301247772,0.04735571260306252,-0.06121739130434778,0.11416666666666664,-0.3965056818181819,-0.14465103722648487,FAIL,1.0,1.0,1.0,24,25
GSE27262,766,0.0018333333333332424,-0.30084046345811066,0.003028563015311981,-0.10733333333333339,0.10800000000000004,-0.438860962566845,-0.1657254901960785,FAIL,1.0,1.0,1.0,24,25
GSE27262,767,-0.01983333333333337,-0.3225071301247773,-0.032763545347467664,-0.11599999999999999,0.08250000000000002,-0.449193404634581,-0.18942788461538457,FAIL,1.0,1.0,1.0,24,25
GSE27262,768,0.07416666666666671,-0.2285071301247772,0.12251914016489994,-0.016000000000000014,0.16766666666666658,-0.3439065656565656,-0.10116666666666668,FAIL,1.0,1.0,1.0,24,25
GSE27262,769,0.020500000000000074,-0.28217379679144383,0.03386484098939941,-0.10799999999999987,0.15200000000000008,-0.43819747899159667,-0.12358152173913045,FAIL,1.0,1.0,1.0,24,25
GSE27262,770,-0.006500000000000061,-0.30917379679144397,-0.010737632508834022,-0.124,0.10626086956521741,-0.45489042207792213,-0.16883333333333334,FAIL,1.0,1.0,1.0,24,25
GSE27262,771,-0.05483333333333329,-0.3575071301247772,-0.09058156654888094,-0.16033333333333333,0.04800000000000004,-0.4894105392156863,-0.22609090909090923,FAIL,1.0,1.0,1.0,24,25
GSE27262,772,0.04733333333333345,-0.25534046345811046,0.07819199057714976,-0.0674999999999999,0.15599999999999997,-0.3981010101010102,-0.11404166666666682,FAIL,1.0,1.0,1.0,24,25
GSE27262,773,-0.11516666666666653,-0.41784046345811043,-0.1902488221436982,-0.196,-0.03638095238095229,-0.5299065656565656,-0.29549999999999993,FAIL,1.0,1.0,1.0,24,25
GSE27262,774,0.05733333333333346,-0.24534046345811045,0.09471142520612504,-0.0608695652173914,0.17599999999999993,-0.3915356506238861,-0.1008613445378152,FAIL,1.0,1.0,1.0,24,25
GSE27262,775,0.03533333333333333,-0.2673404634581106,0.05836866902237925,-0.08800000000000019,0.16399999999999998,-0.41890497737556553,-0.1096611253196933,FAIL,1.0,1.0,1.0,24,25
GSE27262,776,0.04183333333333339,-0.2608404634581105,0.06910630153121328,-0.05314285714285705,0.13545454545454538,-0.39066666666666666,-0.12940544871794873,FAIL,1.0,1.0,1.0,24,25
GSE27262,777,0.008499999999999952,-0.29417379679144395,0.014041519434628894,-0.09749999999999992,0.1163478260869566,-0.42943417366946784,-0.15790672612411755,FAIL,1.0,1.0,1.0,24,25
GSE27262,778,0.012499999999999956,-0.29017379679144395,0.020649293286219002,-0.1120000000000001,0.1339999999999999,-0.43702941176470594,-0.13516666666666655,FAIL,1.0,1.0,1.0,24,25
GSE27262,779,0.04716666666666669,-0.2555071301247772,0.07791666666666669,-0.07000000000000006,0.15800000000000008,-0.4027026515151514,-0.11361352657004842,FAIL,1.0,1.0,1.0,24,25
GSE27262,780,-0.009000000000000008,-0.3116737967914439,-0.014867491166077749,-0.1141666666666667,0.09999999999999998,-0.4470441370223978,-0.17474999999999996,FAIL,1.0,1.0,1.0,24,25
GSE27262,781,-0.01866666666666672,-0.3213404634581106,-0.030836277974087244,-0.11999999999999994,0.08236363636363642,-0.45030718954248367,-0.18943939393939402,FAIL,1.0,1.0,1.0,24,25
GSE27262,782,-0.060666666666666536,-0.36334046345811044,-0.10021790341578304,-0.16399999999999992,0.048000000000000154,-0.494669611718205,-0.22241787439613525,FAIL,1.0,1.0,1.0,24,25
GSE27262,783,0.07283333333333342,-0.2298404634581105,0.12031654888103663,-0.028000000000000025,0.17565217391304344,-0.3559204545454546,-0.09003030303030318,FAIL,1.0,1.0,1.0,24,25
GSE27262,784,0.037833333333333385,-0.2648404634581105,0.06249852767962316,-0.06366666666666665,0.14,-0.3924652600170503,-0.12274509803921568,FAIL,1.0,1.0,1.0,24,25
GSE27262,785,0.0578333333333334,-0.2448404634581105,0.09553739693757371,-0.039999999999999925,0.16399999999999998,-0.3685516304347826,-0.10791666666666655,FAIL,1.0,1.0,1.0,24,25
GSE27262,786,0.07516666666666671,-0.2275071301247772,0.12417108362779747,-0.030333333333333323,0.18,-0.3576951871657754,-0.08916666666666662,FAIL,1.0,1.0,1.0,24,25
GSE27262,787,-0.1436666666666666,-0.4463404634581105,-0.23732921083627784,-0.25617391304347825,-0.029739130434782712,-0.5881617647058822,-0.30179411764705877,FAIL,1.0,1.0,1.0,24,25
GSE27262,788,0.04383333333333328,-0.2588404634581106,0.07241018845700814,-0.028000000000000136,0.12782608695652176,-0.36550000000000005,-0.13905882352941187,FAIL,1.0,1.0,1.0,24,25
GSE27262,789,0.005833333333333246,-0.29684046345811066,0.009636336866902092,-0.10849999999999999,0.13200000000000006,-0.4368529411764708,-0.14393382352941195,FAIL,1.0,1.0,1.0,24,25
GSE27262,790,-0.026499999999999968,-0.3291737967914439,-0.04377650176678439,-0.132,0.07166666666666666,-0.4629537815126049,-0.1983202614379084,FAIL,1.0,1.0,1.0,24,25
GSE27262,791,-0.012833333333333363,-0.31550713012477727,-0.02119994110718497,-0.1120000000000001,0.08866666666666656,-0.44530882352941176,-0.17716666666666675,FAIL,1.0,1.0,1.0,24,25
GSE27262,792,0.021166666666666556,-0.28150713012477735,0.03496613663133079,-0.07217391304347831,0.1196666666666667,-0.41233463396506886,-0.15583333333333338,FAIL,1.0,1.0,1.0,24,25
GSE27262,793,-0.10199999999999987,-0.4046737967914438,-0.16849823321554747,-0.17843478260869572,-0.02399999999999991,-0.5163333942272563,-0.2858604826546002,FAIL,1.0,1.0,1.0,24,25
GSE27262,794,0.012666666666666715,-0.2900071301247772,0.020924617196702078,-0.07599999999999996,0.1089090909090909,-0.4085238095238095,-0.16539613526570057,FAIL,1.0,1.0,1.0,24,25
GSE27262,795,-0.02216666666666678,-0.3248404634581107,-0.036618080094228685,-0.13200000000000006,0.09199999999999997,-0.46266666666666645,-0.18277777777777782,FAIL,1.0,1.0,1.0,24,25
GSE27262,796,0.05733333333333335,-0.24534046345811056,0.09471142520612486,-0.03799999999999981,0.14800000000000002,-0.3718888888888888,-0.11531461675579335,FAIL,1.0,1.0,1.0,24,25
GSE27262,797,-0.07400000000000001,-0.3766737967914439,-0.12224381625441695,-0.15600000000000003,0.008333333333333304,-0.49077840909090914,-0.24926715686274514,FAIL,1.0,1.0,1.0,24,25
GSE27262,798,0.022166666666666557,-0.28050713012477735,0.03661808009422832,-0.07999999999999996,0.12109090909090897,-0.414,-0.1463125,FAIL,1.0,1.0,1.0,24,25
GSE27262,799,0.034333333333333216,-0.2683404634581107,0.05671672555948154,-0.08400000000000007,0.1580869565217392,-0.417611111111111,-0.11329448301059564,FAIL,1.0,1.0,1.0,24,25
GSE27262,800,0.08566666666666667,-0.21700713012477724,0.14151648998822142,-0.00883333333333336,0.1836666666666667,-0.3453088235294119,-0.08740178571428589,FAIL,1.0,1.0,1.0,24,25
GSE27262,801,-0.043166666666666575,-0.3458404634581105,-0.0713088928150764,-0.1460869565217391,0.06266666666666676,-0.4763333333333334,-0.2047878787878788,FAIL,1.0,1.0,1.0,24,25
GSE27262,802,0.00216666666666665,-0.30050713012477726,0.003579210836277946,-0.11600000000000005,0.12450000000000006,-0.4420882352941176,-0.146406862745098,FAIL,1.0,1.0,1.0,24,25
GSE27262,803,-0.024499999999999966,-0.32717379679144387,-0.04047261484098934,-0.11199999999999993,0.0605,-0.4460721343873518,-0.20353544494720965,FAIL,1.0,1.0,1.0,24,25
GSE27262,804,0.1306666666666667,-0.1720071301247772,0.21585394581861017,0.031333333333333324,0.236,-0.2989576584256892,-0.03794645550527903,FAIL,1.0,1.0,1.0,24,25
GSE27262,805,0.025500000000000078,-0.2771737967914438,0.04212455830388705,-0.11199999999999999,0.16400000000000003,-0.437151515151515,-0.11107575757575733,FAIL,1.0,1.0,1.0,24,25
GSE27262,806,0.027833333333333377,-0.27484046345811053,0.04597909305064789,-0.09599999999999997,0.15060869565217383,-0.4251838235294118,-0.12508333333333338,FAIL,1.0,1.0,1.0,24,25
GSE27262,807,-0.008333333333333415,-0.3110071301247773,-0.013766195524146187,-0.11163636363636376,0.08799999999999991,-0.4424379084967321,-0.18305258467023172,FAIL,1.0,1.0,1.0,24,25
GSE27262,808,0.02833333333333332,-0.2743404634581106,0.046805064782096555,-0.062000000000000055,0.11816666666666664,-0.3952500000000001,-0.14888383838383842,FAIL,1.0,1.0,1.0,24,25
GSE27262,809,0.01849999999999996,-0.28417379679144394,0.030560954063604172,-0.11600000000000005,0.15600000000000003,-0.4495269607843136,-0.1106847826086958,FAIL,1.0,1.0,1.0,24,25
GSE27262,810,-0.09866666666666674,-0.40134046345811064,-0.16299175500588936,-0.20550000000000007,0.020000000000000018,-0.5417916666666667,-0.25230952380952376,FAIL,1.0,1.0,1.0,24,25
GSE27262,811,0.03516666666666657,-0.26750713012477734,0.05809334511189618,-0.103304347826087,0.16549999999999998,-0.427035650623886,-0.10978787878787877,FAIL,1.0,1.0,1.0,24,25
GSE27262,812,0.0698333333333333,-0.2328404634581106,0.11536071849234386,-0.03516666666666668,0.17183333333333328,-0.3658888888888889,-0.10388888888888892,FAIL,1.0,1.0,1.0,24,25
GSE27262,813,0.02533333333333343,-0.2773404634581105,0.041849234393404156,-0.05999999999999994,0.11600000000000005,-0.3949863855950811,-0.15225396825396842,FAIL,1.0,1.0,1.0,24,25
GSE27262,814,-0.11433333333333334,-0.41700713012477725,-0.18887220259128384,-0.22533333333333344,-0.008000000000000118,-0.5565454545454545,-0.2819375,FAIL,1.0,1.0,1.0,24,25
GSE27262,815,-0.011333333333333417,-0.3140071301247773,-0.01872202591283877,-0.14800000000000002,0.12018181818181811,-0.47645108695652166,-0.1551060606060607,FAIL,1.0,1.0,1.0,24,25
GSE27262,816,-0.013500000000000068,-0.316173796791444,-0.022301236749116715,-0.10956521739130443,0.08399999999999996,-0.44542127153891864,-0.19229901960784318,FAIL,1.0,1.0,1.0,24,25
GSE27262,817,0.0721666666666666,-0.2305071301247773,0.1192152532391047,-0.008521739130434858,0.15109090909090905,-0.3484444444444445,-0.11288888888888893,FAIL,1.0,1.0,1.0,24,25
GSE27262,818,0.03283333333333338,-0.2698404634581105,0.054238810365135524,-0.06799999999999995,0.1476666666666666,-0.40399999999999997,-0.12883333333333324,FAIL,1.0,1.0,1.0,24,25
GSE27262,819,0.008999999999999897,-0.293673796791444,0.014867491166077565,-0.0723636363636363,0.08799999999999997,-0.4090833333333333,-0.17727941176470594,FAIL,1.0,1.0,1.0,24,25
GSE27262,820,0.0431666666666668,-0.2595071301247771,0.07130889281507677,-0.06366666666666654,0.15599999999999992,-0.39362655971479493,-0.11488888888888887,FAIL,1.0,1.0,1.0,24,25
GSE27262,821,-0.05466666666666664,-0.35734046345811055,-0.09030624263839805,-0.14933333333333337,0.03849999999999998,-0.48789583333333325,-0.23268983957219255,FAIL,1.0,1.0,1.0,24,25
GSE27262,822,-0.10583333333333333,-0.40850713012477724,-0.17483068315665487,-0.1975652173913044,-0.011833333333333362,-0.5304705882352939,-0.2785588235294117,FAIL,1.0,1.0,1.0,24,25
GSE27262,823,-0.03600000000000014,-0.33867379679144405,-0.05946996466431118,-0.1439999999999999,0.06643478260869562,-0.46847321428571426,-0.20205555555555568,FAIL,1.0,1.0,1.0,24,25
GSE27262,824,0.014333333333333309,-0.2883404634581106,0.02367785630153117,-0.08527272727272728,0.11008695652173917,-0.41592908625900965,-0.15856250000000002,FAIL,1.0,1.0,1.0,24,25
GSE27262,825,-0.03649999999999998,-0.3391737967914439,-0.06029593639575967,-0.15599999999999992,0.08100000000000007,-0.48344444444444457,-0.19161363636363637,FAIL,1.0,1.0,1.0,24,25
GSE27262,826,-0.03483333333333327,-0.3375071301247772,-0.057542697290930395,-0.14416666666666655,0.08295652173913048,-0.48065440356744715,-0.18701960784313737,FAIL,1.0,1.0,1.0,24,25
GSE27262,827,-0.05933333333333346,-0.36200713012477737,-0.0980153121319201,-0.1843636363636364,0.06799999999999995,-0.5109346405228758,-0.20803525641025655,FAIL,1.0,1.0,1.0,24,25
GSE27262,828,-0.014166666666666772,-0.3168404634581107,-0.02340253239104846,-0.13008695652173918,0.10966666666666669,-0.45376086956521755,-0.16838888888888903,FAIL,1.0,1.0,1.0,24,25
GSE27262,829,-0.01783333333333348,-0.3205071301247774,-0.02945965842167279,-0.1080000000000001,0.08099999999999996,-0.4441111111111111,-0.1868333333333333,FAIL,1.0,1.0,1.0,24,25
GSE27262,830,-0.023500000000000076,-0.326173796791444,-0.03882067137809199,-0.12949999999999984,0.07900000000000007,-0.4617291666666665,-0.18801690821256034,FAIL,1.0,1.0,1.0,24,25
GSE27262,831,0.03483333333333338,-0.2678404634581105,0.057542697290930575,-0.06850000000000017,0.1399999999999999,-0.40177777777777784,-0.1344460784313726,FAIL,1.0,1.0,1.0,24,25
GSE27262,832,-0.1123333333333334,-0.4150071301247773,-0.18556831566548887,-0.20400000000000007,-0.01533333333333331,-0.5371016042780751,-0.290147123407993,FAIL,1.0,1.0,1.0,24,25
GSE27262,833,0.10450000000000004,-0.19817379679144387,0.17262809187279154,-0.012000000000000122,0.21721739130434792,-0.33896969696969714,-0.05561111111111114,FAIL,1.0,1.0,1.0,24,25
GSE27262,834,0.05783333333333329,-0.2448404634581106,0.09553739693757353,-0.06633333333333324,0.176,-0.39532352941176474,-0.09955555555555551,FAIL,1.0,1.0,1.0,24,25
GSE27262,835,0.0561666666666667,-0.2465071301247772,0.09278415783274443,-0.05219047619047612,0.15999999999999992,-0.3853787878787879,-0.10481521739130434,FAIL,1.0,1.0,1.0,24,25
GSE27262,836,-0.01766666666666683,-0.32034046345811074,-0.0291843345111899,-0.128,0.09616666666666662,-0.4582708333333333,-0.17689592760180994,FAIL,1.0,1.0,1.0,24,25
GSE27262,837,-0.06366666666666676,-0.36634046345811067,-0.10517373380447599,-0.15999999999999998,0.03600000000000003,-0.49312500000000004,-0.23351282051282057,FAIL,1.0,1.0,1.0,24,25
GSE27262,838,0.027166666666666783,-0.2755071301247771,0.04487779740871632,-0.08349999999999991,0.14,-0.41195652173913033,-0.13538235294117656,FAIL,1.0,1.0,1.0,24,25
GSE27262,839,0.0718333333333333,-0.2308404634581106,0.11866460541813892,-0.01733333333333331,0.16133333333333327,-0.35284848484848486,-0.10767679028132982,FAIL,1.0,1.0,1.0,24,25
GSE27262,840,0.0671666666666666,-0.2355071301247773,0.11095553592461706,-0.04400000000000015,0.17599999999999993,-0.37321714426877467,-0.09370588235294133,FAIL,1.0,1.0,1.0,24,25
GSE27262,841,-0.10400000000000015,-0.40667379679144405,-0.17180212014134297,-0.21899999999999997,0.013499999999999956,-0.5503065476190476,-0.2594444444444445,FAIL,1.0,1.0,1.0,24,25
GSE27262,842,-0.0648333333333333,-0.3675071301247772,-0.10710100117785623,-0.18127272727272736,0.05234782608695665,-0.5119625668449197,-0.22049999999999986,FAIL,1.0,1.0,1.0,24,25
GSE27262,843,0.08833333333333326,-0.21434046345811064,0.14592167255594804,-0.04000000000000015,0.22199999999999998,-0.3674562594268476,-0.06036111111111114,FAIL,1.0,1.0,1.0,24,25
GSE27262,844,0.10699999999999998,-0.19567379679144392,0.1767579505300353,0.0,0.20654545454545448,-0.330308823529412,-0.05708333333333321,FAIL,1.0,1.0,1.0,24,25
GSE27262,845,-0.10616666666666658,-0.4088404634581105,-0.17538133097762054,-0.19999999999999996,-0.0033333333333332993,-0.5317222222222223,-0.2756111111111111,FAIL,1.0,1.0,1.0,24,25
GSE27262,846,-0.028166666666666784,-0.3308404634581107,-0.04652974087161385,-0.1259999999999999,0.06399999999999995,-0.4541111111111112,-0.19927777777777778,FAIL,1.0,1.0,1.0,24,25
GSE27262,847,-0.10183333333333344,-0.40450713012477735,-0.16822290930506492,-0.20400000000000001,0.0,-0.5366936758893281,-0.271860294117647,FAIL,1.0,1.0,1.0,24,25
GSE27262,848,-0.008833333333333249,-0.31150713012477715,-0.014592167255594675,-0.1120000000000001,0.09652173913043477,-0.44354099821746873,-0.17974999999999994,FAIL,1.0,1.0,1.0,24,25
GSE27262,849,0.015000000000000013,-0.2876737967914439,0.024779151943462915,-0.10000000000000003,0.12399999999999989,-0.42939743589743584,-0.1463571428571428,FAIL,1.0,1.0,1.0,24,25
GSE27262,850,-0.07550000000000001,-0.3781737967914439,-0.12472173144876325,-0.16400000000000003,0.01200000000000001,-0.4997727272727273,-0.2524719887955183,FAIL,1.0,1.0,1.0,24,25
GSE27262,851,-0.06983333333333341,-0.3725071301247773,-0.11536071849234404,-0.16799999999999993,0.031999999999999806,-0.5041818181818182,-0.2386666666666667,FAIL,1.0,1.0,1.0,24,25
GSE27262,852,-0.10149999999999992,-0.40417379679144383,-0.16767226148409878,-0.19999999999999984,-0.002909090909090861,-0.5359705882352941,-0.26922549019607844,FAIL,1.0,1.0,1.0,24,25
GSE27262,853,-0.16916666666666652,-0.4718404634581104,-0.2794537691401646,-0.2719999999999999,-0.06733333333333325,-0.6074848484848485,-0.33372222222222214,FAIL,1.0,1.0,1.0,24,25
GSE27262,854,0.025999999999999912,-0.276673796791444,0.042950530035335534,-0.09773913043478255,0.14799999999999996,-0.4201070889894419,-0.1170000000000001,FAIL,1.0,1.0,1.0,24,25
GSE27262,855,-0.026666666666666727,-0.32934046345811063,-0.04405182567726747,-0.0996521739130436,0.04400000000000004,-0.43725,-0.2099523809523809,FAIL,1.0,1.0,1.0,24,25
GSE27262,856,0.09033333333333338,-0.21234046345811053,0.14922555948174326,-0.004695652173913101,0.1919999999999999,-0.3427883631713556,-0.07411111111111118,FAIL,1.0,1.0,1.0,24,25
GSE27262,857,0.11033333333333323,-0.19234046345811068,0.18226442873969356,0.012500000000000067,0.20499999999999985,-0.32415032679738565,-0.0627847222222222,FAIL,1.0,1.0,1.0,24,25
GSE27262,858,0.11383333333333329,-0.18884046345811062,0.188046230859835,-0.020000000000000018,0.2455,-0.34855555555555556,-0.03326767676767678,FAIL,1.0,1.0,1.0,24,25
GSE27262,859,0.00649999999999995,-0.29617379679144396,0.010737632508833838,-0.08399999999999996,0.09633333333333327,-0.4140262923351159,-0.1652794117647058,FAIL,1.0,1.0,1.0,24,25
GSE27262,860,-0.03416666666666668,-0.3368404634581106,-0.05644140164899883,-0.1309565217391303,0.05500000000000005,-0.463784907902555,-0.20430672268907552,FAIL,1.0,1.0,1.0,24,25
GSE27262,861,0.08066666666666666,-0.22200713012477724,0.1332567726737338,-0.0173333333333332,0.18000000000000005,-0.3482222222222222,-0.0895555555555555,FAIL,1.0,1.0,1.0,24,25
GSE27262,862,-0.04600000000000004,-0.34867379679144395,-0.07598939929328627,-0.1233333333333333,0.03200000000000003,-0.46438888888888874,-0.23289393939393935,FAIL,1.0,1.0,1.0,24,25
GSE27262,863,0.12016666666666664,-0.18250713012477726,0.19850853945818603,0.0006956521739130972,0.24233333333333323,-0.3302179487179487,-0.03585784313725485,FAIL,1.0,1.0,1.0,24,25
GSE27262,864,-0.022666666666666724,-0.32534046345811063,-0.03744405182567735,-0.1453913043478261,0.09549999999999986,-0.4721057692307692,-0.17971657754010706,FAIL,1.0,1.0,1.0,24,25
GSE27262,865,0.026833333333333376,-0.27584046345811053,0.04432714958775036,-0.08749999999999991,0.1439999999999999,-0.41866666666666663,-0.12984739982949695,FAIL,1.0,1.0,1.0,24,25
GSE27262,866,0.1213333333333333,-0.1813404634581106,0.20043580683156645,0.021565217391304348,0.21833333333333332,-0.30961111111111117,-0.04727941176470607,FAIL,1.0,1.0,1.0,24,25
GSE27262,867,-0.04416666666666669,-0.3468404634581106,-0.0729608362779741,-0.14400000000000002,0.051999999999999935,-0.47449206349206347,-0.21685858585858586,FAIL,1.0,1.0,1.0,24,25
GSE27262,868,0.05999999999999994,-0.24267379679144396,0.09911660777385148,-0.03433333333333333,0.14933333333333326,-0.3666250000000001,-0.11692788461538478,FAIL,1.0,1.0,1.0,24,25
GSE27262,869,0.007333333333333303,-0.2953404634581106,0.012114252061248476,-0.10365217391304349,0.1103333333333335,-0.4320555555555556,-0.15538461538461545,FAIL,1.0,1.0,1.0,24,25
GSE27262,870,0.01649999999999996,-0.28617379679144395,0.027257067137809114,-0.07316666666666671,0.1150000000000001,-0.40865240641711237,-0.15278392621870873,FAIL,1.0,1.0,1.0,24,25
GSE27262,871,-0.0625,-0.3651737967914439,-0.10324646643109539,-0.1733333333333334,0.04399999999999993,-0.4990490196078432,-0.2276458333333333,FAIL,1.0,1.0,1.0,24,25
GSE27262,872,-0.0728333333333333,-0.3755071301247772,-0.12031654888103645,-0.17669565217391292,0.024000000000000132,-0.5087657004830918,-0.24115151515151528,FAIL,1.0,1.0,1.0,24,25
GSE27262,873,-0.03416666666666668,-0.3368404634581106,-0.05644140164899883,-0.12104347826086959,0.05700000000000016,-0.4535396825396825,-0.2109166666666667,FAIL,1.0,1.0,1.0,24,25
GSE27262,874,0.052999999999999936,-0.24967379679144397,0.08755300353356878,-0.05349999999999999,0.15599999999999997,-0.37662473843292277,-0.10944444444444451,FAIL,1.0,1.0,1.0,24,25
GSE27262,875,0.02083333333333337,-0.28184046345811054,0.03441548881036519,-0.08626086956521761,0.12,-0.4140241545893721,-0.14967632850241558,FAIL,1.0,1.0,1.0,24,25
GSE27262,876,-0.0023333333333334094,-0.3050071301247773,-0.00385453474676102,-0.10799999999999998,0.09616666666666662,-0.43652462121212127,-0.17661111111111105,FAIL,1.0,1.0,1.0,24,25
GSE27262,877,0.09899999999999998,-0.20367379679144393,0.16354240282685506,0.01095652173913042,0.1935,-0.32432384910485934,-0.07992401960784312,FAIL,1.0,1.0,1.0,24,25
GSE27262,878,-0.05249999999999988,-0.3551737967914438,-0.08672703180211992,-0.17634782608695648,0.08250000000000002,-0.509063725490196,-0.20283333333333325,FAIL,1.0,1.0,1.0,24,25
GSE27262,879,-0.0581666666666667,-0.3608404634581106,-0.09608804475853949,-0.17600000000000016,0.062086956521739234,-0.5040624999999999,-0.21326121794871805,FAIL,1.0,1.0,1.0,24,25
GSE27262,880,0.10666666666666669,-0.19600713012477722,0.1762073027090695,0.0,0.21249999999999997,-0.3266666666666667,-0.053548309178743925,FAIL,1.0,1.0,1.0,24,25
GSE27262,881,-0.14066666666666666,-0.44334046345811057,-0.23237338044758535,-0.2418333333333333,-0.03833333333333333,-0.5741168831168831,-0.30514141414141427,FAIL,1.0,1.0,1.0,24,25
GSE27262,882,0.10016666666666685,-0.20250713012477706,0.16546967020023584,-0.0013333333333331865,0.20400000000000001,-0.3324183006535948,-0.06427777777777788,FAIL,1.0,1.0,1.0,24,25
GSE27262,883,0.07999999999999996,-0.22267379679144395,0.13215547703180203,-0.022499999999999964,0.18660869565217386,-0.3532777777777778,-0.08488888888888882,FAIL,1.0,1.0,1.0,24,25
GSE27262,884,-0.014500000000000068,-0.317173796791444,-0.023953180212014244,-0.11599999999999999,0.0858181818181818,-0.4455,-0.17885714285714283,FAIL,1.0,1.0,1.0,24,25
GSE27262,885,0.0675,-0.2351737967914439,0.11150618374558302,-0.03200000000000003,0.16799999999999998,-0.36910613810741677,-0.10437301587301595,FAIL,1.0,1.0,1.0,24,25
GSE27262,886,0.06033333333333335,-0.24234046345811056,0.09966725559481744,-0.0538333333333334,0.17600000000000005,-0.38388888888888895,-0.09389583333333323,FAIL,1.0,1.0,1.0,24,25
GSE27262,887,0.016833333333333367,-0.28584046345811054,0.02780771495877508,-0.05999999999999994,0.09599999999999992,-0.3999705882352942,-0.16609090909090918,FAIL,1.0,1.0,1.0,24,25
GSE27262,888,-0.05916666666666659,-0.3618404634581105,-0.09773998822143684,-0.14400000000000002,0.03200000000000014,-0.4780725246620388,-0.2350617464377055,FAIL,1.0,1.0,1.0,24,25
GSE27262,889,-0.023666666666666725,-0.32634046345811063,-0.03909599528857488,-0.0975652173913042,0.05249999999999999,-0.4344987922705313,-0.21081818181818182,FAIL,1.0,1.0,1.0,24,25
GSE27262,890,0.014166666666666772,-0.28850713012477713,0.02340253239104846,-0.103304347826087,0.1326666666666667,-0.42742307692307707,-0.1410277777777778,FAIL,1.0,1.0,1.0,24,25
GSE27262,891,-0.02533333333333332,-0.3280071301247772,-0.041849234393403975,-0.136,0.09913043478260863,-0.47318700592885377,-0.17360869565217396,FAIL,1.0,1.0,1.0,24,25
GSE27262,892,0.04466666666666674,-0.25800713012477716,0.07378680800942296,-0.06866666666666654,0.15600000000000003,-0.39505555555555544,-0.1127929292929293,FAIL,1.0,1.0,1.0,24,25
GSE27262,893,0.08966666666666667,-0.21300713012477723,0.14812426383981153,-0.04066666666666663,0.21716666666666662,-0.36983333333333346,-0.058229249011857775,FAIL,1.0,1.0,1.0,24,25
GSE27262,894,-0.044333333333333225,-0.34700713012477713,-0.07323616018845681,-0.15483333333333332,0.06599999999999995,-0.4881666666666666,-0.20320855614973266,FAIL,1.0,1.0,1.0,24,25
GSE27262,895,-0.050833333333333286,-0.3535071301247772,-0.08397379269729084,-0.16069565217391313,0.058666666666666645,-0.48943815987933637,-0.2102606837606838,FAIL,1.0,1.0,1.0,24,25
GSE27262,896,0.004666666666666708,-0.2980071301247772,0.007709069493521857,-0.08816666666666673,0.10633333333333328,-0.4178333333333334,-0.16678524374176562,FAIL,1.0,1.0,1.0,24,25
GSE27262,897,-0.021833333333333482,-0.3245071301247774,-0.0360674322732629,-0.12433333333333346,0.07999999999999996,-0.4533589743589743,-0.18970012787723795,FAIL,1.0,1.0,1.0,24,25
GSE27262,898,0.030666666666666842,-0.27200713012477706,0.05065959952885776,-0.08333333333333326,0.14399999999999996,-0.4029305555555555,-0.13590686274509806,FAIL,1.0,1.0,1.0,24,25
GSE27262,899,-0.1443333333333333,-0.4470071301247772,-0.23843050647820957,-0.26800000000000007,-0.018166666666666664,-0.5889722222222222,-0.2937051282051282,FAIL,1.0,1.0,1.0,24,25
GSE27262,900,0.012166666666666548,-0.29050713012477736,0.02009864546525304,-0.05999999999999994,0.08799999999999997,-0.4001753339016767,-0.17751282051282063,FAIL,1.0,1.0,1.0,24,25
GSE27262,901,-0.10583333333333322,-0.40850713012477713,-0.17483068315665468,-0.21078260869565207,0.0,-0.5405555555555555,-0.276125,FAIL,1.0,1.0,1.0,24,25
GSE27262,902,0.13499999999999995,-0.16767379679144395,0.22301236749116596,0.041166666666666574,0.22399999999999998,-0.2934298642533938,-0.04133333333333339,FAIL,1.0,1.0,1.0,24,25
GSE27262,903,0.014833333333333254,-0.28784046345811065,0.02450382803297984,-0.08366666666666678,0.11533333333333323,-0.4122639437856831,-0.1562222222222222,FAIL,1.0,1.0,1.0,24,25
GSE27262,904,-0.03866666666666663,-0.34134046345811053,-0.06387514723203762,-0.14800000000000002,0.06800000000000006,-0.4776791443850269,-0.2049057971014493,FAIL,1.0,1.0,1.0,24,25
GSE27262,905,0.08383333333333332,-0.2188404634581106,0.13848792697290924,-0.04817391304347829,0.20400000000000007,-0.36711111111111105,-0.06667647058823523,FAIL,1.0,1.0,1.0,24,25
GSE27262,906,-0.044333333333333336,-0.34700713012477724,-0.073236160188457,-0.1459999999999999,0.05999999999999994,-0.47626262626262633,-0.20795964762716687,FAIL,1.0,1.0,1.0,24,25
GSE27262,907,-0.03300000000000014,-0.33567379679144405,-0.054514134275618596,-0.13883333333333342,0.08183333333333331,-0.4751960784313725,-0.1916666666666667,FAIL,1.0,1.0,1.0,24,25
GSE27262,908,-0.031166666666666565,-0.33384046345811047,-0.05148557126030606,-0.13600000000000007,0.06800000000000006,-0.47098484848484834,-0.19755555555555554,FAIL,1.0,1.0,1.0,24,25
GSE27262,909,-0.07966666666666666,-0.38234046345811057,-0.13160482921083624,-0.18399999999999989,0.02316666666666667,-0.512959718670077,-0.2441666666666667,FAIL,1.0,1.0,1.0,24,25
GSE27262,910,-0.010166666666666768,-0.3128404634581107,-0.01679475853945835,-0.09599999999999992,0.07826086956521738,-0.4335453363062058,-0.18457246376811604,FAIL,1.0,1.0,1.0,24,25
GSE27262,911,0.05283333333333329,-0.24984046345811062,0.0872776796230859,-0.03633333333333344,0.14333333333333342,-0.3663333333333333,-0.11962055335968386,FAIL,1.0,1.0,1.0,24,25
GSE27262,912,-0.08549999999999991,-0.3881737967914438,-0.14124116607773834,-0.20016666666666655,0.03650000000000009,-0.535,-0.23848484848484858,FAIL,1.0,1.0,1.0,24,25
GSE27262,913,0.05549999999999988,-0.24717379679144402,0.09168286219081251,-0.0685217391304348,0.16800000000000004,-0.40128846153846154,-0.10181249999999997,FAIL,1.0,1.0,1.0,24,25
GSE27262,914,0.003666666666666485,-0.2990071301247774,0.006057126030623962,-0.124,0.12799999999999995,-0.4547681159420289,-0.1484393939393941,FAIL,1.0,1.0,1.0,24,25
GSE27262,915,0.02866666666666673,-0.2740071301247772,0.04735571260306252,-0.08400000000000007,0.14052173913043475,-0.4076120448179272,-0.13030882352941175,FAIL,1.0,1.0,1.0,24,25
GSE27262,916,0.028166666666666673,-0.27450713012477723,0.04652974087161366,-0.08504347826086955,0.14,-0.41282352941176464,-0.1274313725490196,FAIL,1.0,1.0,1.0,24,25
GSE27262,917,0.1165000000000001,-0.1861737967914438,0.19245141342756197,0.010166666666666546,0.21866666666666668,-0.3175,-0.05308333333333343,FAIL,1.0,1.0,1.0,24,25
GSE27262,918,0.0648333333333333,-0.2378404634581106,0.10710100117785623,-0.03199999999999992,0.1589565217391305,-0.35836956521739144,-0.10721825396825396,FAIL,1.0,1.0,1.0,24,25
GSE27262,919,0.0738333333333333,-0.2288404634581106,0.12196849234393398,-0.03495652173913033,0.17900000000000005,-0.3649019607843137,-0.08854545454545454,FAIL,1.0,1.0,1.0,24,25
GSE27262,920,-0.04933333333333345,-0.35200713012477736,-0.08149587750294482,-0.14249999999999996,0.04399999999999993,-0.4761111111111112,-0.22108522727272734,FAIL,1.0,1.0,1.0,24,25
GSE27262,921,0.05933333333333335,-0.24334046345811056,0.09801531213191991,-0.064,0.1870000000000001,-0.3896413043478261,-0.0831031746031747,FAIL,1.0,1.0,1.0,24,25
GSE27262,922,-0.023499999999999965,-0.32617379679144387,-0.03882067137809181,-0.12418181818181823,0.07200000000000006,-0.45356149732620316,-0.1953983957219252,FAIL,1.0,1.0,1.0,24,25
GSE27262,923,-0.08933333333333326,-0.39200713012477717,-0.14757361601884555,-0.1778333333333334,0.0039999999999998925,-0.5135158371040724,-0.26133333333333336,FAIL,1.0,1.0,1.0,24,25
GSE27262,924,-0.1285,-0.4311737967914439,-0.21227473498233213,-0.22800000000000015,-0.02400000000000002,-0.5694117647058824,-0.29687439613526556,FAIL,1.0,1.0,1.0,24,25
GSE27262,925,-0.000500000000000056,-0.30317379679144396,-0.0008259717314488556,-0.07199999999999995,0.06933333333333336,-0.4138572425017438,-0.1909068627450981,FAIL,1.0,1.0,1.0,24,25
GSE27262,926,0.13733333333333342,-0.1653404634581105,0.22686690223792708,0.040000000000000036,0.23199999999999993,-0.2933484848484848,-0.033512820512820785,FAIL,1.0,1.0,1.0,24,25
GSE27262,927,0.10183333333333328,-0.20084046345811063,0.16822290930506464,-0.016000000000000125,0.21233333333333332,-0.3415714285714285,-0.05900000000000005,FAIL,1.0,1.0,1.0,24,25
GSE27262,928,-0.00016666666666675933,-0.30284046345811066,-0.0002753239104830741,-0.132,0.132,-0.46105555555555566,-0.14509846547314564,FAIL,1.0,1.0,1.0,24,25
GSE27262,929,0.013000000000000012,-0.2896737967914439,0.02147526501766786,-0.10549999999999993,0.1279999999999999,-0.43637179487179484,-0.14593750000000005,FAIL,1.0,1.0,1.0,24,25
GSE27262,930,0.010500000000000065,-0.29217379679144384,0.017345406360424132,-0.12,0.14099999999999996,-0.4492254901960785,-0.1317990196078433,FAIL,1.0,1.0,1.0,24,25
GSE27262,931,-0.14883333333333326,-0.45150713012477717,-0.24586425206124837,-0.2503333333333334,-0.048869565217391275,-0.5866060606060608,-0.3170833333333333,FAIL,1.0,1.0,1.0,24,25
GSE27262,932,0.1825,-0.12017379679144391,0.30147968197879854,0.08890909090909094,0.2796666666666668,-0.24739657444005264,0.007834431269213793,INSUFFICIENT_SUPPORT,1.0,1.0,1.0,24,25
GSE27262,933,-0.016166666666666663,-0.31884046345811057,-0.026706419316843335,-0.12799999999999995,0.09799999999999998,-0.45311111111111113,-0.18049999999999994,FAIL,1.0,1.0,1.0,24,25
GSE27262,934,0.023166666666666558,-0.27950713012477735,0.038270023557125846,-0.07199999999999995,0.12309090909090903,-0.40392045454545455,-0.14597916666666655,FAIL,1.0,1.0,1.0,24,25
GSE27262,935,-0.12866666666666665,-0.43134046345811056,-0.212550058892815,-0.2159999999999998,-0.040000000000000036,-0.5501342383107088,-0.31005555555555564,FAIL,1.0,1.0,1.0,24,25
GSE27262,936,0.06033333333333324,-0.24234046345811067,0.09966725559481726,-0.036833333333333385,0.16266666666666663,-0.37229292929292945,-0.10541176470588234,FAIL,1.0,1.0,1.0,24,25
GSE27262,937,0.22833333333333333,-0.07434046345811057,0.3771937573616018,0.11599999999999999,0.3396521739130434,-0.21985714285714297,0.06538888888888883,INSUFFICIENT_SUPPORT,1.0,1.0,1.0,24,25
GSE27262,938,-0.08866666666666673,-0.39134046345811063,-0.1464723203769141,-0.21200000000000002,0.035826086956521674,-0.5380555555555555,-0.23878074866310156,FAIL,1.0,1.0,1.0,24,25
GSE27262,939,0.03300000000000003,-0.2696737967914439,0.054514134275618416,-0.0675,0.1309999999999999,-0.40058987943003294,-0.142431623931624,FAIL,1.0,1.0,1.0,24,25
GSE27262,940,0.04483333333333339,-0.2578404634581105,0.07406213191990585,-0.03721739130434787,0.13449999999999995,-0.37368115942028995,-0.13108021390374341,FAIL,1.0,1.0,1.0,24,25
GSE27262,941,0.07550000000000001,-0.2271737967914439,0.12472173144876325,-0.013500000000000068,0.15699999999999986,-0.34244629156010237,-0.10658730158730179,FAIL,1.0,1.0,1.0,24,25
GSE27262,942,-0.014499999999999957,-0.31717379679144386,-0.02395318021201406,-0.12799999999999995,0.09583333333333333,-0.4526161616161616,-0.18153420716112537,FAIL,1.0,1.0,1.0,24,25
GSE27262,943,-0.052166666666666694,-0.3548404634581106,-0.08617638398115433,-0.156695652173913,0.04981818181818187,-0.49680469658219034,-0.2170277777777777,FAIL,1.0,1.0,1.0,24,25
GSE27262,944,-0.07099999999999995,-0.37367379679144386,-0.11728798586572428,-0.17617391304347824,0.03483333333333338,-0.5083285256410257,-0.23390544871794877,FAIL,1.0,1.0,1.0,24,25
GSE27262,945,-0.058666666666666756,-0.36134046345811066,-0.09691401648998835,-0.1540869565217391,0.0340869565217391,-0.48884848484848475,-0.2335525846702316,FAIL,1.0,1.0,1.0,24,25
GSE27262,946,0.049833333333333285,-0.2528404634581106,0.08232184923439331,-0.07250000000000001,0.16799999999999993,-0.3949416573764399,-0.09670168067226909,FAIL,1.0,1.0,1.0,24,25
GSE27262,947,-0.06233333333333324,-0.36500713012477715,-0.10297114252061232,-0.18539130434782597,0.05704347826086953,-0.5168191118344571,-0.21323529411764697,FAIL,1.0,1.0,1.0,24,25
GSE27262,948,0.02866666666666673,-0.2740071301247772,0.04735571260306252,-0.07600000000000007,0.13000000000000012,-0.4064754901960784,-0.1411666666666666,FAIL,1.0,1.0,1.0,24,25
GSE27262,949,-0.0631666666666666,-0.3658404634581105,-0.10434776207302696,-0.1933333333333333,0.058260869565217366,-0.5172708333333333,-0.22021212121212125,FAIL,1.0,1.0,1.0,24,25
GSE27262,950,-0.07733333333333337,-0.38000713012477727,-0.1277502944640754,-0.19549999999999995,0.039999999999999925,-0.5247638888888888,-0.2384995543672015,FAIL,1.0,1.0,1.0,24,25
GSE27262,951,0.20650000000000002,-0.09617379679144389,0.3411263250883392,0.10973913043478256,0.30000000000000004,-0.22437198067632858,0.03008152173913045,INSUFFICIENT_SUPPORT,1.0,1.0,1.0,24,25
GSE27262,952,-0.2148333333333332,-0.5175071301247771,-0.354892520612485,-0.29999999999999993,-0.124,-0.6364240874215299,-0.39222222222222225,FAIL,1.0,1.0,1.0,24,25
GSE27262,953,0.01100000000000012,-0.2916737967914438,0.018171378091872987,-0.09566666666666668,0.11733333333333318,-0.42319191919191923,-0.1583509615384615,FAIL,1.0,1.0,1.0,24,25
GSE27262,954,-0.026666666666666727,-0.32934046345811063,-0.04405182567726747,-0.13766666666666666,0.08799999999999997,-0.4671105536975102,-0.1909908354646207,FAIL,1.0,1.0,1.0,24,25
GSE27262,955,-0.021333333333333315,-0.3240071301247772,-0.03524146054181386,-0.12449999999999994,0.07833333333333337,-0.4523333333333334,-0.1895555555555556,FAIL,1.0,1.0,1.0,24,25
GSE27262,956,-0.11783333333333335,-0.42050713012477725,-0.1946540047114252,-0.2240000000000001,-0.011454545454545495,-0.5549848484848483,-0.2813333333333332,FAIL,1.0,1.0,1.0,24,25
GSE27262,957,-0.035666666666666624,-0.33834046345811053,-0.05891931684334503,-0.14633333333333332,0.07600000000000007,-0.4757897727272727,-0.20180434782608697,FAIL,1.0,1.0,1.0,24,25
GSE27262,958,0.0039999999999998925,-0.298673796791444,0.006607773851589927,-0.11447619047619051,0.12399999999999994,-0.4471400966183575,-0.152361111111111,FAIL,1.0,1.0,1.0,24,25
GSE27262,959,-0.15150000000000008,-0.454173796791444,-0.25026943462897533,-0.236,-0.06866666666666665,-0.5692095588235294,-0.32990942028985504,FAIL,1.0,1.0,1.0,24,25
GSE27262,960,0.03066666666666662,-0.2720071301247773,0.050659599528857395,-0.09633333333333333,0.15000000000000002,-0.423126984126984,-0.1220686274509804,FAIL,1.0,1.0,1.0,24,25
GSE27262,961,-0.02183333333333337,-0.3245071301247773,-0.03606743227326272,-0.12,0.08000000000000007,-0.45096547314578006,-0.18888888888888894,FAIL,1.0,1.0,1.0,24,25
GSE27262,962,0.018833333333333258,-0.28384046345811065,0.03111160188456995,-0.08800000000000019,0.1377391304347826,-0.4191791443850267,-0.1365555555555556,FAIL,1.0,1.0,1.0,24,25
GSE27262,963,0.07599999999999996,-0.22667379679144395,0.1255477031802119,-0.03200000000000003,0.18556521739130433,-0.35755555555555546,-0.08974509803921565,FAIL,1.0,1.0,1.0,24,25
GSE27262,964,-0.11899999999999994,-0.42167379679144384,-0.19658127208480553,-0.24000000000000005,0.0028333333333333544,-0.5686176470588236,-0.2732794117647058,FAIL,1.0,1.0,1.0,24,25
GSE27262,965,-0.10316666666666663,-0.40584046345811053,-0.17042550058892805,-0.188,-0.024666666666666615,-0.5247696078431374,-0.2888585858585859,FAIL,1.0,1.0,1.0,24,25
GSE27262,966,-0.03400000000000003,-0.33667379679144394,-0.05616607773851594,-0.14,0.07199999999999995,-0.4723989898989898,-0.19882247899159664,FAIL,1.0,1.0,1.0,24,25
GSE27262,967,-0.0018333333333333535,-0.30450713012477726,-0.0030285630153121645,-0.08800000000000013,0.08417391304347832,-0.4208333333333334,-0.17724038461538466,FAIL,1.0,1.0,1.0,24,25
GSE27262,968,-0.06483333333333341,-0.3675071301247773,-0.10710100117785641,-0.1538181818181818,0.027999999999999914,-0.49000757575757575,-0.2407516339869282,FAIL,1.0,1.0,1.0,24,25
GSE27262,969,0.09233333333333327,-0.21034046345811064,0.15252944640753816,-0.018500000000000072,0.20591304347826073,-0.34725438963210686,-0.06923295454545453,FAIL,1.0,1.0,1.0,24,25
GSE27262,970,0.0086666666666666,-0.2940071301247773,0.014316843345111784,-0.07600000000000007,0.09200000000000008,-0.41680469658219027,-0.17376671538180505,FAIL,1.0,1.0,1.0,24,25
GSE27262,971,-0.0651666666666666,-0.3678404634581105,-0.107651648998822,-0.17200000000000004,0.04330434782608694,-0.5052299465240643,-0.22738235294117648,FAIL,1.0,1.0,1.0,24,25
GSE27262,972,0.02100000000000013,-0.2816737967914438,0.034690812720848264,-0.10016666666666663,0.14636363636363647,-0.427388888888889,-0.13397727272727272,FAIL,1.0,1.0,1.0,24,25
GSE27262,973,0.10816666666666669,-0.19450713012477722,0.1786852179034158,0.0055652173913043335,0.20800000000000007,-0.3303888888888888,-0.06206372549019601,FAIL,1.0,1.0,1.0,24,25
GSE27262,974,0.16599999999999993,-0.13667379679144398,0.27422261484098925,0.0718333333333333,0.2600000000000002,-0.254625,-0.002974789915966447,FAIL,1.0,1.0,1.0,24,25
GSE27262,975,-0.12033333333333335,-0.42300713012477725,-0.19878386336866902,-0.2240000000000001,-0.015999999999999903,-0.554469696969697,-0.2886544117647058,FAIL,1.0,1.0,1.0,24,25
GSE27262,976,-0.10583333333333322,-0.40850713012477713,-0.17483068315665468,-0.22066666666666668,0.01200000000000001,-0.5524393939393941,-0.25779411764705884,FAIL,1.0,1.0,1.0,24,25
GSE27262,977,0.06366666666666665,-0.23900713012477726,0.10517373380447581,-0.062166666666666814,0.18400000000000005,-0.3848593350383631,-0.08970129870129864,FAIL,1.0,1.0,1.0,24,25
GSE27262,978,0.004000000000000115,-0.2986737967914438,0.006607773851590294,-0.1160000000000001,0.12539130434782614,-0.4482009803921568,-0.14808972719522595,FAIL,1.0,1.0,1.0,24,25
GSE27262,979,-0.15733333333333338,-0.4600071301247773,-0.2599057714958775,-0.2759999999999998,-0.03516666666666668,-0.6055,-0.31350000000000006,FAIL,1.0,1.0,1.0,24,25
GSE27262,980,-0.08099999999999996,-0.38367379679144387,-0.13380742049469957,-0.21200000000000002,0.04716666666666669,-0.5391960784313725,-0.23491855203619916,FAIL,1.0,1.0,1.0,24,25
GSE27262,981,-0.10199999999999998,-0.4046737967914439,-0.16849823321554763,-0.22054545454545443,0.02000000000000013,-0.5477070707070708,-0.25110708898944195,FAIL,1.0,1.0,1.0,24,25
GSE27262,982,0.023333333333333317,-0.2793404634581106,0.03854534746760892,-0.05721739130434789,0.10800000000000004,-0.3933484848484849,-0.1537878787878788,FAIL,1.0,1.0,1.0,24,25
GSE27262,983,-0.018333333333333424,-0.32100713012477733,-0.030285630153121464,-0.124,0.09200000000000008,-0.4496111111111113,-0.18076984126984127,FAIL,1.0,1.0,1.0,24,25
GSE27262,984,0.057499999999999885,-0.24517379679144402,0.09498674911660757,-0.06216666666666665,0.16866666666666663,-0.3857557544757034,-0.10487072773773554,FAIL,1.0,1.0,1.0,24,25
GSE27262,985,0.06300000000000006,-0.23967379679144385,0.10407243816254425,-0.051999999999999935,0.17843478260869566,-0.37772222222222224,-0.09603301557777275,FAIL,1.0,1.0,1.0,24,25
GSE27262,986,0.06566666666666676,-0.23700713012477714,0.10847762073027105,-0.03299999999999992,0.1720000000000001,-0.3629848484848486,-0.09944385026737984,FAIL,1.0,1.0,1.0,24,25
GSE27262,987,-0.01666666666666672,-0.3193404634581106,-0.02753239104829219,-0.11199999999999993,0.06991304347826088,-0.44437745098039216,-0.1923342391304347,FAIL,1.0,1.0,1.0,24,25
GSE27262,988,-0.07916666666666661,-0.3818404634581105,-0.1307788574793874,-0.172,0.01883333333333337,-0.5106470588235295,-0.25716666666666665,FAIL,1.0,1.0,1.0,24,25
GSE27262,989,0.12616666666666665,-0.17650713012477726,0.2084202002355712,0.007833333333333359,0.25600000000000006,-0.32655555555555565,-0.021653491436100125,FAIL,1.0,1.0,1.0,24,25
GSE27262,990,0.06033333333333324,-0.24234046345811067,0.09966725559481726,-0.052000000000000046,0.17083333333333328,-0.38215277777777784,-0.09966666666666685,FAIL,1.0,1.0,1.0,24,25
GSE27262,991,-0.06266666666666665,-0.36534046345811055,-0.10352179034157828,-0.1693333333333334,0.04400000000000015,-0.4992222222222223,-0.22523529411764692,FAIL,1.0,1.0,1.0,24,25
GSE27262,992,0.02749999999999997,-0.27517379679144394,0.04542844522968192,-0.0858181818181818,0.14017391304347826,-0.4124732142857142,-0.13499999999999998,FAIL,1.0,1.0,1.0,24,25
GSE27262,993,0.0551666666666667,-0.2475071301247772,0.0911322143698469,-0.058833333333333404,0.1678260869565218,-0.38592691622103376,-0.1054019607843138,FAIL,1.0,1.0,1.0,24,25
GSE27262,994,-0.07733333333333337,-0.38000713012477727,-0.1277502944640754,-0.16766666666666669,0.0119999999999999,-0.4994374999999999,-0.25627777777777766,FAIL,1.0,1.0,1.0,24,25
GSE27262,995,0.09833333333333338,-0.20434046345811052,0.1624411071849235,0.0,0.1954782608695652,-0.33066421568627435,-0.07411111111111118,FAIL,1.0,1.0,1.0,24,25
GSE27262,996,-0.008166666666666766,-0.31084046345811067,-0.013490871613663295,-0.08966666666666678,0.07999999999999996,-0.4241111111111111,-0.18420692862125101,FAIL,1.0,1.0,1.0,24,25
GSE27262,997,-0.04600000000000004,-0.34867379679144395,-0.07598939929328627,-0.13495652173913042,0.04399999999999993,-0.4676694677871149,-0.21991666666666665,FAIL,1.0,1.0,1.0,24,25
GSE27262,998,-0.09550000000000003,-0.39817379679144393,-0.1577606007067138,-0.21182608695652178,0.02052173913043487,-0.541550395256917,-0.25315692363902087,FAIL,1.0,1.0,1.0,24,25
GSE32863,0,-0.05396825396825394,-0.35664205075969785,-0.08915250434685058,-0.10566037735849049,-0.0014824797843666082,-0.450949186040464,-0.25638592932225,FAIL,0.8103448275862069,0.9491525423728814,1.0,28,54
GSE32863,1,-0.010846560846560827,-0.31352035763800473,-0.017917905285396416,-0.0773262032085561,0.0532258064516129,-0.4187500000000001,-0.20417832167832167,FAIL,0.8103448275862069,0.9491525423728814,1.0,28,54
GSE32863,2,0.03280423280423289,-0.269869563987211,0.05419073793632111,-0.027826510721247588,0.09715384615384604,-0.3704857397504456,-0.15871530430353964,FAIL,0.8103448275862069,0.9491525423728814,1.0,28,54
GSE32863,3,-0.05502645502645509,-0.357700251817899,-0.09090059266737721,-0.1253205128205127,0.011436950146627711,-0.46672222222222226,-0.24170079920079915,FAIL,0.8103448275862069,0.9491525423728814,1.0,28,54
GSE32863,4,0.0944444444444445,-0.2082293523469994,0.15601688260698868,0.025137362637362604,0.16003846153846146,-0.3125464841108857,-0.09683155080213901,FAIL,0.8103448275862069,0.9491525423728814,1.0,28,54
GSE32863,5,0.0007936507936507353,-0.30188014599779317,0.0013110662403947658,-0.06922657952069716,0.07250673854447437,-0.4105868347338936,-0.19182511388393753,FAIL,0.8103448275862069,0.9491525423728814,1.0,28,54
GSE32863,6,0.0015873015873016372,-0.30108649520414227,0.0026221324807898065,-0.057352941176470607,0.05697115384615398,-0.4032266799292662,-0.19772104493971504,FAIL,0.8103448275862069,0.9491525423728814,1.0,28,54
GSE32863,7,0.041005291005291045,-0.26166850578615286,0.06773842242040128,-0.030701754385964897,0.11777939042089985,-0.37044823232323226,-0.150326420890937,FAIL,0.8103448275862069,0.9491525423728814,1.0,28,54
GSE32863,8,-0.07619047619047614,-0.37886427298192005,-0.1258623590779067,-0.14713937918441888,-0.00462962962962965,-0.49032991410683013,-0.268030303030303,FAIL,0.8103448275862069,0.9491525423728814,1.0,28,54
GSE32863,9,0.020370370370370428,-0.2823034264210735,0.033650700170134884,-0.04002849002848996,0.08363636363636379,-0.3879053544494722,-0.17149513645583617,FAIL,0.8103448275862069,0.9491525423728814,1.0,28,54
GSE32863,10,-0.014550264550264591,-0.3172240613417085,-0.024036214407239204,-0.08733572281959379,0.05498949579831919,-0.4283496543778802,-0.2094856124267889,FAIL,0.8103448275862069,0.9491525423728814,1.0,28,54
GSE32863,11,-0.023544973544973535,-0.32621877033641744,-0.038894965131714226,-0.10814814814814816,0.05517647058823533,-0.440578766097634,-0.2066792582417583,FAIL,0.8103448275862069,0.9491525423728814,1.0,28,54
GSE32863,12,-0.05410052910052909,-0.356774325891973,-0.08937101538691641,-0.12065527065527065,0.01246753246753235,-0.4647595899470901,-0.2452984515484516,FAIL,0.8103448275862069,0.9491525423728814,1.0,28,54
GSE32863,13,0.028042328042328035,-0.27463146874911587,0.04632434049395178,-0.030821428571428555,0.08876623376623383,-0.3737953138815209,-0.16436462324393353,FAIL,0.8103448275862069,0.9491525423728814,1.0,28,54
GSE32863,14,-0.021164021164021107,-0.323837817955465,-0.03496176641052956,-0.08628826530612244,0.050158102766798385,-0.4268665158371041,-0.21194381598793371,FAIL,0.8103448275862069,0.9491525423728814,1.0,28,54
GSE32863,15,0.009391534391534284,-0.2932822623999096,0.015514283844672357,-0.061700336700336644,0.07180406212664281,-0.40068874293012224,-0.18752149982800148,FAIL,0.8103448275862069,0.9491525423728814,1.0,28,54
GSE32863,16,0.032671957671957796,-0.2700018391194861,0.05397222689625536,-0.03228532792427313,0.1010752688172043,-0.3754535809018567,-0.16036914765906357,FAIL,0.8103448275862069,0.9491525423728814,1.0,28,54
GSE32863,17,0.010582010582010526,-0.2920917862094334,0.017480883205264735,-0.058812260536398486,0.07940011318619128,-0.40246288798920377,-0.17937966853408033,FAIL,0.8103448275862069,0.9491525423728814,1.0,28,54
GSE32863,18,-0.012830687830687804,-0.3155044846221317,-0.021195570886383557,-0.08611111111111108,0.059153605015673905,-0.42597041847041855,-0.19829879679144383,FAIL,0.8103448275862069,0.9491525423728814,1.0,28,54
GSE32863,19,-0.014682539682539686,-0.3173563364739836,-0.024254725447304955,-0.08979020979020985,0.05916666666666659,-0.4287002023031435,-0.2043142825311942,FAIL,0.8103448275862069,0.9491525423728814,1.0,28,54
GSE32863,20,-0.0312169312169312,-0.3338907280083751,-0.05156860545553121,-0.10238095238095235,0.04089861751152085,-0.4427399507793274,-0.21992424242424236,FAIL,0.8103448275862069,0.9491525423728814,1.0,28,54
GSE32863,21,0.012698412698412709,-0.2899753840930312,0.02097705984631781,-0.060576923076923084,0.08639846743295015,-0.40215740142210726,-0.1743092691622103,FAIL,0.8103448275862069,0.9491525423728814,1.0,28,54
GSE32863,22,-0.06084656084656087,-0.3635203576380048,-0.1005150784302728,-0.11000000000000004,-0.009490196078431323,-0.45679234330276297,-0.2605158730158731,FAIL,0.8103448275862069,0.9491525423728814,1.0,28,54
GSE32863,23,-0.027777777777777846,-0.33045157456922175,-0.04588731841382029,-0.10625615763546797,0.05160714285714296,-0.4423821548821549,-0.21683862433862425,FAIL,0.8103448275862069,0.9491525423728814,1.0,28,54
GSE32863,24,0.06256613756613755,-0.24010765922530636,0.10335572195112826,0.012037037037037013,0.11091137123745815,-0.3343700159489633,-0.13950021043771046,FAIL,0.8103448275862069,0.9491525423728814,1.0,28,54
GSE32863,25,0.06256613756613755,-0.24010765922530636,0.10335572195112826,0.004422169811320709,0.12042940793754064,-0.34059065934065935,-0.1372883597883598,FAIL,0.8103448275862069,0.9491525423728814,1.0,28,54
GSE32863,26,-0.03981481481481475,-0.34248861160625865,-0.0657718230598088,-0.09442190669371198,0.012041467304625297,-0.4406192396313364,-0.238508547008547,FAIL,0.8103448275862069,0.9491525423728814,1.0,28,54
GSE32863,27,0.007671957671957663,-0.29500183911948624,0.012673640323816985,-0.06124338624338621,0.07614379084967327,-0.40243360805860806,-0.1807232542139663,FAIL,0.8103448275862069,0.9491525423728814,1.0,28,54
GSE32863,28,0.02645502645502651,-0.2762187703364174,0.04370220801316216,-0.05582010582010588,0.1086309523809525,-0.3885921717171716,-0.15683966990863552,FAIL,0.8103448275862069,0.9491525423728814,1.0,28,54
GSE32863,29,-0.036243386243386244,-0.33891718303483015,-0.05987202497803203,-0.1010869565217391,0.031471698113207436,-0.4473717948717949,-0.2290664711632454,FAIL,0.8103448275862069,0.9491525423728814,1.0,28,54
GSE32863,30,-0.03690476190476183,-0.33957855869620573,-0.06096458017836096,-0.10961047254150696,0.03842592592592586,-0.4471683429118775,-0.2172877984084879,FAIL,0.8103448275862069,0.9491525423728814,1.0,28,54
GSE32863,31,-0.05833333333333324,-0.36100713012477714,-0.0963633686690222,-0.12922077922077913,0.006671159029649543,-0.47128597293691643,-0.25164015830346476,FAIL,0.8103448275862069,0.9491525423728814,1.0,28,54
GSE32863,32,-0.06640211640211635,-0.36907591319356026,-0.10969254211303671,-0.1365384615384616,0.0016129032258063725,-0.47801709520286106,-0.25610638385333173,FAIL,0.8103448275862069,0.9491525423728814,1.0,28,54
GSE32863,33,0.022222222222222254,-0.28045157456922165,0.03670985473105619,-0.043067226890756094,0.08321428571428574,-0.3815930049482681,-0.17042027538984933,FAIL,0.8103448275862069,0.9491525423728814,1.0,28,54
GSE32863,34,0.006613756613756627,-0.2960600401776873,0.01092555200329054,-0.06444444444444447,0.07488425925925918,-0.4053147684605757,-0.18578008192524303,FAIL,0.8103448275862069,0.9491525423728814,1.0,28,54
GSE32863,35,0.024470899470899532,-0.2782028973205444,0.04042454241217502,-0.046855345911949675,0.10096153846153838,-0.3853387356877922,-0.16455026455026459,FAIL,0.8103448275862069,0.9491525423728814,1.0,28,54
GSE32863,36,0.10462962962962963,-0.19804416716181428,0.17284223269205598,0.03285440613026824,0.17504456327985746,-0.30520308123249296,-0.0871096380471382,FAIL,0.8103448275862069,0.9491525423728814,1.0,28,54
GSE32863,37,-0.04814814814814816,-0.35082194493959207,-0.07953801858395498,-0.11339622641509439,0.016071428571428514,-0.4593995098039216,-0.24156003310415058,FAIL,0.8103448275862069,0.9491525423728814,1.0,28,54
GSE32863,38,-0.02208994708994716,-0.32476374388139106,-0.03649134369099044,-0.08836405529953917,0.03785612535612537,-0.4304204119964387,-0.2165934065934066,FAIL,0.8103448275862069,0.9491525423728814,1.0,28,54
GSE32863,39,0.005158730158730196,-0.2975150666327137,0.008521930562566666,-0.07228116710875321,0.08365384615384619,-0.40952991452991455,-0.1838302374650877,FAIL,0.8103448275862069,0.9491525423728814,1.0,28,54
GSE32863,40,-0.07804232804232791,-0.3807161248337718,-0.1289215136388279,-0.1448476052249637,-0.011125541125541094,-0.4839087716242889,-0.2716421568627451,FAIL,0.8103448275862069,0.9491525423728814,1.0,28,54
GSE32863,41,0.04338624338624347,-0.25928755340520043,0.07167162114158594,-0.021258741258741165,0.10416666666666674,-0.3623684764309765,-0.14830882352941183,FAIL,0.8103448275862069,0.9491525423728814,1.0,28,54
GSE32863,42,0.11415343915343923,-0.18852035763800468,0.18857502757679445,0.033818681318681265,0.1884346610761704,-0.30211397058823525,-0.06647621886592475,FAIL,0.8103448275862069,0.9491525423728814,1.0,28,54
GSE32863,43,-0.05383597883597879,-0.3565097756274227,-0.08893399330678474,-0.12589743589743585,0.017942583732057482,-0.468924115245009,-0.24349439775910364,FAIL,0.8103448275862069,0.9491525423728814,1.0,28,54
GSE32863,44,0.007936507936507908,-0.294737288854936,0.013110662403948575,-0.06374643874643876,0.079985754985755,-0.40630790777849607,-0.1797513597513597,FAIL,0.8103448275862069,0.9491525423728814,1.0,28,54
GSE32863,45,-0.01838624338624345,-0.32106004017768736,-0.030373034569147743,-0.0838888888888889,0.04326923076923078,-0.4234950801114595,-0.21090506715506724,FAIL,0.8103448275862069,0.9491525423728814,1.0,28,54
GSE32863,46,-0.04246031746031742,-0.3451341142517613,-0.07014204386112506,-0.10205278592375361,0.022886762360446566,-0.44655741009514593,-0.2357934549111019,FAIL,0.8103448275862069,0.9491525423728814,1.0,28,54
GSE32863,47,0.04431216931216925,-0.25836162747927466,0.07320119842204635,-0.014285714285714401,0.1076226415094339,-0.35956427015250547,-0.15267857142857147,FAIL,0.8103448275862069,0.9491525423728814,1.0,28,54
GSE32863,48,-0.08293650793650809,-0.385610304727952,-0.13700642212126332,-0.1721003134796238,0.0003315649867374204,-0.5037745098039215,-0.2658572146807441,FAIL,0.8103448275862069,0.9491525423728814,1.0,28,54
GSE32863,49,0.0804232804232804,-0.2222505163681635,0.13285471236001264,0.01237513873473911,0.1475274725274725,-0.3326007326007327,-0.11130110062893067,FAIL,0.8103448275862069,0.9491525423728814,1.0,28,54
GSE32863,50,-0.006878306878306928,-0.30955210366975083,-0.011362574083422219,-0.06601398601398595,0.054032258064516114,-0.410194810682894,-0.20293315508021376,FAIL,0.8103448275862069,0.9491525423728814,1.0,28,54
GSE32863,51,0.05661375661375667,-0.24606004017768723,0.09352272514816692,-0.017184750733137855,0.1328042328042328,-0.35866013071895403,-0.12998511904761897,FAIL,0.8103448275862069,0.9491525423728814,1.0,28,54
GSE32863,52,-0.02632275132275136,-0.32899654811419526,-0.04348369697309632,-0.10177777777777774,0.05279789335088875,-0.44078282828282833,-0.21193738859180045,FAIL,0.8103448275862069,0.9491525423728814,1.0,28,54
GSE32863,53,-0.05476190476190468,-0.3574357015533486,-0.09046357058724534,-0.1163690476190477,0.011213235294117607,-0.45552084081495847,-0.24374447391688775,FAIL,0.8103448275862069,0.9491525423728814,1.0,28,54
GSE32863,54,-0.015873015873015817,-0.3185468126644597,-0.02622132480789715,-0.08510822510822513,0.05487637362637365,-0.42296296296296293,-0.20513784461152879,FAIL,0.8103448275862069,0.9491525423728814,1.0,28,54
GSE32863,55,0.06640211640211635,-0.23627168038932755,0.10969254211303671,-0.005824915824915844,0.14354231974921622,-0.34337104072398184,-0.11798245614035102,FAIL,0.8103448275862069,0.9491525423728814,1.0,28,54
GSE32863,56,0.05634920634920637,-0.24632459044223753,0.09308570306803524,-0.019090909090909103,0.1326513213981244,-0.3583264652014653,-0.13025132275132273,FAIL,0.8103448275862069,0.9491525423728814,1.0,28,54
GSE32863,57,-0.019576719576719526,-0.32225051636816343,-0.03233963392973985,-0.08613756613756618,0.046693121693121564,-0.4298928571428571,-0.21024904214559392,FAIL,0.8103448275862069,0.9491525423728814,1.0,28,54
GSE32863,58,-0.0267195767195767,-0.3293933735110206,-0.04413923009329365,-0.08465608465608465,0.033937198067632846,-0.4329870837223778,-0.219909871967655,FAIL,0.8103448275862069,0.9491525423728814,1.0,28,54
GSE32863,59,0.02632275132275136,-0.27635104546869255,0.04348369697309632,-0.040545454545454496,0.09274074074074079,-0.3799368686868688,-0.16249985986389998,FAIL,0.8103448275862069,0.9491525423728814,1.0,28,54
GSE32863,60,-0.015740740740740833,-0.31841453753218474,-0.026002813767831583,-0.0971428571428572,0.0633333333333333,-0.4345925925925926,-0.20178595913890035,FAIL,0.8103448275862069,0.9491525423728814,1.0,28,54
GSE32863,61,-0.033465608465608476,-0.3361394052570524,-0.055283293136650036,-0.1023148148148148,0.03146428571428572,-0.44010270774976656,-0.22065686274509802,FAIL,0.8103448275862069,0.9491525423728814,1.0,28,54
GSE32863,62,0.023809523809523947,-0.27886427298191996,0.03933198721184609,-0.04521044992743112,0.09346610761705104,-0.3882887272320469,-0.1684149184149183,FAIL,0.8103448275862069,0.9491525423728814,1.0,28,54
GSE32863,63,0.04722222222222222,-0.2554515745692217,0.0780084413034943,-0.027008797653958916,0.12908653846153845,-0.36453574203574207,-0.13859831403957457,FAIL,0.8103448275862069,0.9491525423728814,1.0,28,54
GSE32863,64,-0.047619047619047616,-0.3502928444104915,-0.07866397442369172,-0.10048951048951049,0.007975113122171917,-0.4460695006747638,-0.2440669437423657,FAIL,0.8103448275862069,0.9491525423728814,1.0,28,54
GSE32863,65,0.08201058201058209,-0.22066321478086182,0.13547684484080255,0.001058201058201147,0.15993506493506487,-0.3363320707070708,-0.09961111111111107,FAIL,0.8103448275862069,0.9491525423728814,1.0,28,54
GSE32863,66,-0.028042328042328035,-0.33071612483377194,-0.04632434049395178,-0.09616135328562136,0.04644412191582015,-0.4404106436396834,-0.21358333333333335,FAIL,0.8103448275862069,0.9491525423728814,1.0,28,54
GSE32863,67,0.021957671957672065,-0.28071612483377184,0.036272832650924694,-0.04347290640394097,0.09231805929919129,-0.3891160310277957,-0.16487365005683963,FAIL,0.8103448275862069,0.9491525423728814,1.0,28,54
GSE32863,68,0.013095238095238104,-0.2895785586962058,0.02163259296651524,-0.05892255892255893,0.08963636363636357,-0.398458310527276,-0.1677380952380953,FAIL,0.8103448275862069,0.9491525423728814,1.0,28,54
GSE32863,69,-0.02645502645502662,-0.3291288232464705,-0.04370220801316234,-0.11142663962136584,0.047745358090185486,-0.4435384738186463,-0.2171406371406372,FAIL,0.8103448275862069,0.9491525423728814,1.0,28,54
GSE32863,70,0.0177248677248677,-0.2849489290665762,0.029280479368818543,-0.046063760572543966,0.08092857142857157,-0.383625,-0.1789623095615058,FAIL,0.8103448275862069,0.9491525423728814,1.0,28,54
GSE32863,71,-0.011375661375661317,-0.3140494581671052,-0.01879194944565959,-0.09484126984126984,0.07414814814814824,-0.4297161172161173,-0.19011671335200742,FAIL,0.8103448275862069,0.9491525423728814,1.0,28,54
GSE32863,72,-0.015740740740740666,-0.31841453753218457,-0.02600281376783131,-0.0848544973544973,0.05807692307692308,-0.4252922077922078,-0.20524242424242423,FAIL,0.8103448275862069,0.9491525423728814,1.0,28,54
GSE32863,73,-0.031613756613756594,-0.3342875534052005,-0.05222413857572864,-0.08629629629629626,0.02637395459976105,-0.43455248237087873,-0.22933333333333333,FAIL,0.8103448275862069,0.9491525423728814,1.0,28,54
GSE32863,74,0.02301587301587288,-0.279657923775571,0.038020920971450774,-0.046969696969696995,0.08998136067101575,-0.38696771978021977,-0.1691656568583546,FAIL,0.8103448275862069,0.9491525423728814,1.0,28,54
GSE32863,75,0.0013227513227513366,-0.30135104546869257,0.002185110400658126,-0.06085164835164836,0.06785714285714284,-0.4067181246426529,-0.18569812540400782,FAIL,0.8103448275862069,0.9491525423728814,1.0,28,54
GSE32863,76,0.0013227513227513366,-0.30135104546869257,0.002185110400658126,-0.06089947089947084,0.06258741258741252,-0.4028282828282828,-0.1963318103277535,FAIL,0.8103448275862069,0.9491525423728814,1.0,28,54
GSE32863,77,-0.02314814814814814,-0.32582194493959205,-0.0382394320115168,-0.07927955665024633,0.03511363636363629,-0.4260348583877994,-0.2171433080808081,FAIL,0.8103448275862069,0.9491525423728814,1.0,28,54
GSE32863,78,-0.0932539682539682,-0.3959277650454121,-0.1540502832463962,-0.15162962962962967,-0.03617857142857139,-0.49546050123880314,-0.2848498288204171,FAIL,0.8103448275862069,0.9491525423728814,1.0,28,54
GSE32863,79,-0.019708994708994676,-0.3223827915004386,-0.032558144969805684,-0.09499484004127973,0.05130164119977354,-0.4336538461538461,-0.20468448637316566,FAIL,0.8103448275862069,0.9491525423728814,1.0,28,54
GSE32863,80,0.03835978835978843,-0.2643140084316555,0.06336820161908512,-0.04260651629072687,0.12095490716180368,-0.38132440476190466,-0.14300198853126148,FAIL,0.8103448275862069,0.9491525423728814,1.0,28,54
GSE32863,81,0.01455026455026448,-0.2881235322411794,0.02403621440723902,-0.04698863636363648,0.07916666666666666,-0.3902777777777778,-0.18168343653250774,FAIL,0.8103448275862069,0.9491525423728814,1.0,28,54
GSE32863,82,-0.025264550264550267,-0.3279383470559942,-0.04173560865256978,-0.09462962962962956,0.04489144316730537,-0.4366926655719759,-0.216146701595618,FAIL,0.8103448275862069,0.9491525423728814,1.0,28,54
GSE32863,83,0.04947089947089944,-0.25320289732054446,0.08172312898461302,-0.01907894736842103,0.11660052910052904,-0.36166759156492795,-0.14122474747474756,FAIL,0.8103448275862069,0.9491525423728814,1.0,28,54
GSE32863,84,-0.012301587301587424,-0.31497538409303133,-0.020321526726120566,-0.07834008097166001,0.05693979933110377,-0.41676613616268793,-0.20470899470899467,FAIL,0.8103448275862069,0.9491525423728814,1.0,28,54
GSE32863,85,0.08253968253968252,-0.22013411425176138,0.13635088900106562,0.016576819407008114,0.15392574558734023,-0.3241878673666262,-0.10986736010320916,FAIL,0.8103448275862069,0.9491525423728814,1.0,28,54
GSE32863,86,0.020767195767195767,-0.28190660102424814,0.03430623329033222,-0.04885714285714288,0.08928035982008997,-0.39303221288515405,-0.17110536522301234,FAIL,0.8103448275862069,0.9491525423728814,1.0,28,54
GSE32863,87,-0.021825396825396748,-0.32449919361684065,-0.03605432161085858,-0.10162907268170424,0.05326086956521736,-0.4387595325211425,-0.205118102959659,FAIL,0.8103448275862069,0.9491525423728814,1.0,28,54
GSE32863,88,-0.06203703703703706,-0.36471083382848096,-0.10248167779086509,-0.13759946949602125,0.016627358490566013,-0.4772966507177032,-0.25066383920339297,FAIL,0.8103448275862069,0.9491525423728814,1.0,28,54
GSE32863,89,0.028835978835978826,-0.2738378179554651,0.04763540673434664,-0.052582417582417496,0.10429378531073441,-0.38992662473794554,-0.1590177093677591,FAIL,0.8103448275862069,0.9491525423728814,1.0,28,54
GSE32863,90,-0.05145502645502642,-0.3541288232464703,-0.08500079458560017,-0.12517241379310345,0.025422045680238314,-0.4614016865487454,-0.24309304950814378,FAIL,0.8103448275862069,0.9491525423728814,1.0,28,54
GSE32863,91,-0.08597883597883599,-0.3886526327702799,-0.14203217604277674,-0.15416666666666656,-0.018006993006992933,-0.49635666124157174,-0.27556380783967,FAIL,0.8103448275862069,0.9491525423728814,1.0,28,54
GSE32863,92,0.008994708994709055,-0.29367908779673485,0.014858750724475204,-0.06065476190476199,0.08214285714285724,-0.40609217171717166,-0.17658684888096648,FAIL,0.8103448275862069,0.9491525423728814,1.0,28,54
GSE32863,93,0.023412698412698385,-0.2792610983787455,0.03867645409164838,-0.039663461538461564,0.08657342657342665,-0.3836258906745722,-0.17456380783966996,FAIL,0.8103448275862069,0.9491525423728814,1.0,28,54
GSE32863,94,0.01005291005290998,-0.2926208867385339,0.016606839045001466,-0.05503496503496502,0.0773333333333332,-0.3981774761186525,-0.18365384615384617,FAIL,0.8103448275862069,0.9491525423728814,1.0,28,54
GSE32863,95,-0.07023809523809527,-0.37291189202953917,-0.11602936227494534,-0.1250356125356124,-0.014357142857142846,-0.4700661375661376,-0.2687422490363668,FAIL,0.8103448275862069,0.9491525423728814,1.0,28,54
GSE32863,96,-0.09285714285714286,-0.39553093964858677,-0.15339475012619885,-0.1503898635477583,-0.03494318181818179,-0.49464285714285716,-0.28917837336955,FAIL,0.8103448275862069,0.9491525423728814,1.0,28,54
GSE32863,97,-0.06256613756613755,-0.36523993435758145,-0.10335572195112826,-0.13737037037037048,0.0138814016172506,-0.4769828791055206,-0.24698032575391077,FAIL,0.8103448275862069,0.9491525423728814,1.0,28,54
GSE32863,98,-0.04206349206349208,-0.344737288854936,-0.06948651074092772,-0.10859181141439211,0.0271365149833519,-0.44872408293460925,-0.23146202925614698,FAIL,0.8103448275862069,0.9491525423728814,1.0,28,54
GSE32863,99,0.0630952380952381,-0.2395785586962058,0.10422976611139154,-0.0024928774928775765,0.1291005291005291,-0.34529600301659136,-0.12690631808278863,FAIL,0.8103448275862069,0.9491525423728814,1.0,28,54
GSE32863,100,-0.04272486772486772,-0.3453986645163116,-0.07057906594125674,-0.10406212664277176,0.021052631578947323,-0.4516522435897435,-0.2302846577227382,FAIL,0.8103448275862069,0.9491525423728814,1.0,28,54
GSE32863,101,0.00965608465608464,-0.29301771213535927,0.015951305924804128,-0.06002979145978149,0.08008385744234797,-0.4034631626235398,-0.17995297805642627,FAIL,0.8103448275862069,0.9491525423728814,1.0,28,54
GSE32863,102,-0.06851851851851848,-0.3711923153099624,-0.11318871875408969,-0.14788858939802335,0.010851648351648313,-0.4881286360698126,-0.2564126559714796,FAIL,0.8103448275862069,0.9491525423728814,1.0,28,54
GSE32863,103,-0.001719576719576732,-0.30439337351102064,-0.0028406435208555548,-0.06955974842767287,0.06659663865546211,-0.41132923789173786,-0.19031279178338006,FAIL,0.8103448275862069,0.9491525423728814,1.0,28,54
GSE32863,104,0.041005291005291045,-0.26166850578615286,0.06773842242040128,-0.022115384615384648,0.10384615384615387,-0.3652565553669119,-0.14980438401775817,FAIL,0.8103448275862069,0.9491525423728814,1.0,28,54
GSE32863,105,0.021428571428571408,-0.2812452253628725,0.03539878849066124,-0.04240641711229942,0.08576923076923076,-0.3852101661779081,-0.17247392290249433,FAIL,0.8103448275862069,0.9491525423728814,1.0,28,54
GSE32863,106,-0.04444444444444451,-0.3471182412358884,-0.07341970946211238,-0.09272486772486765,0.007894736842105177,-0.4441055268261151,-0.24169912218746847,FAIL,0.8103448275862069,0.9491525423728814,1.0,28,54
GSE32863,107,-0.027777777777777735,-0.33045157456922164,-0.0458873184138201,-0.1015789473684211,0.04629120879120885,-0.44499684343434337,-0.21264739003709587,FAIL,0.8103448275862069,0.9491525423728814,1.0,28,54
GSE32863,108,0.024867724867724872,-0.27780607192371903,0.04108007553237235,-0.03740842490842483,0.0869967793880837,-0.37951574569221636,-0.17000405844155858,FAIL,0.8103448275862069,0.9491525423728814,1.0,28,54
GSE32863,109,-0.0013227513227513366,-0.30399654811419524,-0.002185110400658126,-0.07672064777327936,0.0711590296495957,-0.4129598506069095,-0.18655808941934277,FAIL,0.8103448275862069,0.9491525423728814,1.0,28,54
GSE32863,110,0.003703703703703709,-0.2989700930877402,0.006118309121842699,-0.06335968379446644,0.07328063241106719,-0.4033494397759105,-0.18911782661782664,FAIL,0.8103448275862069,0.9491525423728814,1.0,28,54
GSE32863,111,0.02301587301587299,-0.2796579237755709,0.038020920971450954,-0.04117647058823526,0.09200626959247643,-0.3823496905393457,-0.16846183671208595,FAIL,0.8103448275862069,0.9491525423728814,1.0,28,54
GSE32863,112,-0.05542328042328043,-0.35809707721472434,-0.09155612578757455,-0.12400419287211739,0.013333333333333253,-0.4670502291825821,-0.2409126984126985,FAIL,0.8103448275862069,0.9491525423728814,1.0,28,54
GSE32863,113,-0.032804232804232725,-0.33547802959567663,-0.054190737936320836,-0.11025974025974011,0.04259740259740258,-0.44892240010164547,-0.21881335880197297,FAIL,0.8103448275862069,0.9491525423728814,1.0,28,54
GSE32863,114,-0.030026455026455012,-0.3327002518178989,-0.04960200609493892,-0.09269360269360266,0.030043541364296045,-0.4342386125404994,-0.22546191553544492,FAIL,0.8103448275862069,0.9491525423728814,1.0,28,54
GSE32863,115,-0.033201058201058176,-0.3358748549925021,-0.054846271056518354,-0.10057142857142848,0.03711755233494368,-0.43887061403508765,-0.2208334606569901,FAIL,0.8103448275862069,0.9491525423728814,1.0,28,54
GSE32863,116,0.024074074074074026,-0.2785997227173699,0.0397690092919774,-0.0519172245891662,0.09999999999999992,-0.3888690476190476,-0.16121487867177525,FAIL,0.8103448275862069,0.9491525423728814,1.0,28,54
GSE32863,117,-0.0788359788359787,-0.3815097756274226,-0.13023257987922274,-0.13303030303030294,-0.023333333333333317,-0.47716529793735674,-0.2773148148148149,FAIL,0.8103448275862069,0.9491525423728814,1.0,28,54
GSE32863,118,-0.04603174603174609,-0.34870554282319,-0.0760418419429021,-0.11948616600790501,0.030158730158730163,-0.4619229055258466,-0.233495670995671,FAIL,0.8103448275862069,0.9491525423728814,1.0,28,54
GSE32863,119,-0.06005291005291008,-0.362726706844354,-0.09920401218987794,-0.12142857142857144,0.00045986622073573846,-0.46142647058823527,-0.2546243695521079,FAIL,0.8103448275862069,0.9491525423728814,1.0,28,54
GSE32863,120,-0.030687830687830597,-0.3333616274792745,-0.05069456129526785,-0.09277295285359805,0.03834628190899009,-0.4344705882352941,-0.21707224556489257,FAIL,0.8103448275862069,0.9491525423728814,1.0,28,54
GSE32863,121,0.01415343915343914,-0.28852035763800477,0.023380681287041686,-0.05673076923076931,0.08036465638148665,-0.39372612681436203,-0.1752772736438799,FAIL,0.8103448275862069,0.9491525423728814,1.0,28,54
GSE32863,122,0.060978835978835966,-0.24169496081260794,0.10073358947033854,-0.020175438596491235,0.1398148148148149,-0.35574618736383457,-0.12018678160919533,FAIL,0.8103448275862069,0.9491525423728814,1.0,28,54
GSE32863,123,-0.03716931216931224,-0.33984310896075615,-0.061401602258492824,-0.10057471264367823,0.02870370370370362,-0.441831413311076,-0.22949685534591185,FAIL,0.8103448275862069,0.9491525423728814,1.0,28,54
GSE32863,124,-0.0035714285714285587,-0.30624522536287246,-0.005899798081776858,-0.08254269449715368,0.07873303167420809,-0.41736185383244206,-0.18581989247311814,FAIL,0.8103448275862069,0.9491525423728814,1.0,28,54
GSE32863,125,0.009259259259259134,-0.29341453753218477,0.015295772804606518,-0.06357954545454547,0.08009259259259266,-0.40603448275862075,-0.1768484477124183,FAIL,0.8103448275862069,0.9491525423728814,1.0,28,54
GSE32863,126,-0.003042328042328013,-0.3057161248337719,-0.005025753921513589,-0.05833333333333329,0.05146871008939974,-0.4071902852049911,-0.1991450216450215,FAIL,0.8103448275862069,0.9491525423728814,1.0,28,54
GSE32863,127,-0.015740740740740777,-0.3184145375321847,-0.026002813767831492,-0.07636363636363636,0.04468524251805983,-0.42029600301659137,-0.2078571428571429,FAIL,0.8103448275862069,0.9491525423728814,1.0,28,54
GSE32863,128,-0.0018518518518518823,-0.3045256486432958,-0.003059154560921395,-0.052327935222671984,0.048295454545454475,-0.40022095959595966,-0.20198028673835122,FAIL,0.8103448275862069,0.9491525423728814,1.0,28,54
GSE32863,129,-0.0014550264550264869,-0.3041288232464704,-0.0024036214407239663,-0.09143775569842183,0.09164420485175206,-0.4338770053475936,-0.1708561370218716,FAIL,0.8103448275862069,0.9491525423728814,1.0,28,54
GSE32863,130,0.015079365079365137,-0.28759443171207877,0.024910258567502473,-0.05453296703296695,0.08654786862334041,-0.39303795422216475,-0.17452740851915388,FAIL,0.8103448275862069,0.9491525423728814,1.0,28,54
GSE32863,131,-0.014153439153439196,-0.3168272359448831,-0.023380681287041776,-0.06914285714285712,0.041750841750841816,-0.4158541965134258,-0.20916503308012738,FAIL,0.8103448275862069,0.9491525423728814,1.0,28,54
GSE32863,132,0.02923280423280422,-0.2734409925586397,0.048290939854544065,-0.028214285714285747,0.08796296296296297,-0.3745023222964399,-0.16473555211558316,FAIL,0.8103448275862069,0.9491525423728814,1.0,28,54
GSE32863,133,0.10502645502645508,-0.19764734176498883,0.1734977658122535,0.04812788018433184,0.16629370629370638,-0.2972125668449198,-0.08314153439153443,FAIL,0.8103448275862069,0.9491525423728814,1.0,28,54
GSE32863,134,-0.010978835978835977,-0.3136526327702799,-0.018136416325462257,-0.07435064935064933,0.04974842767295595,-0.4174028016009147,-0.2086177248677249,FAIL,0.8103448275862069,0.9491525423728814,1.0,28,54
GSE32863,135,0.08796296296296302,-0.21471083382848088,0.14530984164376398,0.03587962962962965,0.13814814814814813,-0.3125874125874126,-0.11004561546840955,FAIL,0.8103448275862069,0.9491525423728814,1.0,28,54
GSE32863,136,0.001719576719576732,-0.3009542200718672,0.0028406435208555548,-0.06786833855799373,0.06820728291316525,-0.40950000000000003,-0.18938492063492068,FAIL,0.8103448275862069,0.9491525423728814,1.0,28,54
GSE32863,137,-0.018386243386243395,-0.3210600401776873,-0.030373034569147653,-0.08909090909090916,0.05422477440525025,-0.4298232323232323,-0.20738436400201113,FAIL,0.8103448275862069,0.9491525423728814,1.0,28,54
GSE32863,138,0.03743386243386243,-0.2652399343575815,0.061838624338624325,-0.02903571428571422,0.10092592592592597,-0.36616709760827415,-0.15939729960899318,FAIL,0.8103448275862069,0.9491525423728814,1.0,28,54
GSE32863,139,-0.03240740740740733,-0.33508120419885123,-0.05353520481612341,-0.09999999999999998,0.03825757575757577,-0.44045060331825026,-0.2208631462876746,FAIL,0.8103448275862069,0.9491525423728814,1.0,28,54
GSE32863,140,0.03637566137566134,-0.26629813541578257,0.06009053601809779,-0.013461538461538414,0.0862745098039216,-0.3595231481481481,-0.1612896825396825,FAIL,0.8103448275862069,0.9491525423728814,1.0,28,54
GSE32863,141,0.005952380952380931,-0.296721415839063,0.00983299680296143,-0.06428571428571433,0.07407407407407396,-0.4062023746234273,-0.1852453703703704,FAIL,0.8103448275862069,0.9491525423728814,1.0,28,54
GSE32863,142,0.010317460317460447,-0.29235633647398346,0.01704386112513342,-0.055665024630541904,0.07805730258560445,-0.390474537037037,-0.1836218941017702,FAIL,0.8103448275862069,0.9491525423728814,1.0,28,54
GSE32863,143,-0.03161375661375665,-0.33428755340520055,-0.05222413857572873,-0.09366568914955997,0.033333333333333326,-0.4354812834224599,-0.22478908188585606,FAIL,0.8103448275862069,0.9491525423728814,1.0,28,54
GSE32863,144,-0.06362433862433864,-0.36629813541578254,-0.1051038102716548,-0.13041509433962273,0.0018217306441118963,-0.4719548212005108,-0.2516577540106952,FAIL,0.8103448275862069,0.9491525423728814,1.0,28,54
GSE32863,145,0.022883597883597895,-0.279790198907846,0.03780240993138521,-0.0384848484848484,0.08244047619047634,-0.381380928439752,-0.1725293255131965,FAIL,0.8103448275862069,0.9491525423728814,1.0,28,54
GSE32863,146,0.022354497354497294,-0.2803192994369466,0.036928365771121845,-0.043790849673202625,0.08240740740740748,-0.38365726227795194,-0.17001488095238096,FAIL,0.8103448275862069,0.9491525423728814,1.0,28,54
GSE32863,147,-0.022619047619047594,-0.3252928444104915,-0.037365387851253526,-0.0688577586206896,0.02447817836812144,-0.4166301234836194,-0.22546009631922936,FAIL,0.8103448275862069,0.9491525423728814,1.0,28,54
GSE32863,148,-0.04867724867724871,-0.3513510454686926,-0.08041206274421826,-0.1288461538461539,0.035750000000000004,-0.4653426141254464,-0.2310606060606062,FAIL,0.8103448275862069,0.9491525423728814,1.0,28,54
GSE32863,149,-0.0071428571428571175,-0.309816653934301,-0.011799596163553716,-0.07590326340326337,0.06545454545454538,-0.41570105820105824,-0.19479437229437224,FAIL,0.8103448275862069,0.9491525423728814,1.0,28,54
GSE32863,150,-0.1068783068783069,-0.4095521036697508,-0.1765569203731748,-0.16199999999999987,-0.04757412398921834,-0.5070609215346058,-0.30168252336777013,FAIL,0.8103448275862069,0.9491525423728814,1.0,28,54
GSE32863,151,0.037169312169312185,-0.2655044846221317,0.061401602258492734,-0.02642228739002922,0.09907161803713527,-0.36988388789859367,-0.15347245591600484,FAIL,0.8103448275862069,0.9491525423728814,1.0,28,54
GSE32863,152,0.045238095238095244,-0.25743570155334866,0.07473077570250715,-0.025734355044699786,0.12048082775410823,-0.36344528120928454,-0.14047619047619042,FAIL,0.8103448275862069,0.9491525423728814,1.0,28,54
GSE32863,153,0.030555555555555558,-0.27211824123588835,0.050476050255202194,-0.022188552188552146,0.08787878787878789,-0.3710398005209326,-0.16896825396825396,FAIL,0.8103448275862069,0.9491525423728814,1.0,28,54
GSE32863,154,-0.040608465608465594,-0.3432822623999095,-0.06708288930020376,-0.11669312169312179,0.032445141065830685,-0.4552535669975185,-0.22787878787878785,FAIL,0.8103448275862069,0.9491525423728814,1.0,28,54
GSE32863,155,0.07539682539682546,-0.22727697139461844,0.124551292837512,-0.0032304173813607062,0.15309873949579822,-0.336574074074074,-0.1129312338142803,FAIL,0.8103448275862069,0.9491525423728814,1.0,28,54
GSE32863,156,-0.0017195767195766765,-0.3043933735110206,-0.0028406435208554633,-0.05633528265107207,0.05392829900839052,-0.4033484848484849,-0.19965608465608461,FAIL,0.8103448275862069,0.9491525423728814,1.0,28,54
GSE32863,157,-0.05833333333333329,-0.3610071301247772,-0.0963633686690223,-0.11997067448680365,0.0028846153846153744,-0.4632156862745098,-0.25201080432172873,FAIL,0.8103448275862069,0.9491525423728814,1.0,28,54
GSE32863,158,-0.06732804232804235,-0.37000183911948625,-0.11122211939349749,-0.15553713527851454,0.016223776223776243,-0.4916705516705516,-0.24734953703703705,FAIL,0.8103448275862069,0.9491525423728814,1.0,28,54
GSE32863,159,0.018253968253968134,-0.28441982853747577,0.030154523529081628,-0.054469696969696946,0.08775510204081627,-0.3951676098596188,-0.1769230769230769,FAIL,0.8103448275862069,0.9491525423728814,1.0,28,54
GSE32863,160,-0.01865079365079364,-0.32132459044223755,-0.03081005664927924,-0.08822222222222226,0.052620689655172415,-0.4317682982408167,-0.20660774410774416,FAIL,0.8103448275862069,0.9491525423728814,1.0,28,54
GSE32863,161,-0.011507936507936467,-0.3141817332993804,-0.019010460485725432,-0.06889610389610384,0.05214932126696836,-0.413837755381873,-0.20380793474230613,FAIL,0.8103448275862069,0.9491525423728814,1.0,28,54
GSE32863,162,0.016798941798941813,-0.2858748549925021,0.027750902088357936,-0.059584905660377274,0.08909151193633957,-0.39445382395382395,-0.1732397504456329,FAIL,0.8103448275862069,0.9491525423728814,1.0,28,54
GSE32863,163,0.08280423280423288,-0.21986956398721103,0.1367879110811974,0.0160377358490566,0.14438871473354237,-0.32336422413793103,-0.11133809655937843,FAIL,0.8103448275862069,0.9491525423728814,1.0,28,54
GSE32863,164,0.03201058201058188,-0.270663214780862,0.05287967169592588,-0.037597402597402574,0.10576923076923078,-0.3760675783705749,-0.1582952368512714,FAIL,0.8103448275862069,0.9491525423728814,1.0,28,54
GSE32863,165,0.05105820105820108,-0.2516155957332428,0.08434526146540283,-0.01884882985452241,0.11857692307692302,-0.35816171775223493,-0.13882211538461536,FAIL,0.8103448275862069,0.9491525423728814,1.0,28,54
GSE32863,166,-0.05092592592592593,-0.35359972271736984,-0.08412675042533699,-0.11377358490566031,0.01296296296296301,-0.4596879863056334,-0.24408047326332566,FAIL,0.8103448275862069,0.9491525423728814,1.0,28,54
GSE32863,167,-0.0973544973544973,-0.4000282941459412,-0.16082412548843633,-0.1772077922077922,-0.02037878787878794,-0.5176174315880199,-0.27891584306678646,FAIL,0.8103448275862069,0.9491525423728814,1.0,28,54
GSE32863,168,-0.01018518518518513,-0.31285898197662904,-0.016825350085067307,-0.07500000000000001,0.05424242424242426,-0.41487711545277317,-0.2070062037354127,FAIL,0.8103448275862069,0.9491525423728814,1.0,28,54
GSE32863,169,-0.026984126984127055,-0.32965792377557096,-0.044576252173425424,-0.09629629629629616,0.04350649350649355,-0.43674242424242415,-0.21771189839572186,FAIL,0.8103448275862069,0.9491525423728814,1.0,28,54
GSE32863,170,-0.01944444444444443,-0.32211824123588834,-0.0321211228896741,-0.08914835164835166,0.045781637717121626,-0.43145161290322587,-0.21207809619574325,FAIL,0.8103448275862069,0.9491525423728814,1.0,28,54
GSE32863,171,-0.0035714285714285032,-0.3062452253628724,-0.005899798081776766,-0.06447963800904977,0.06103448275862072,-0.40982142857142856,-0.19415679007452055,FAIL,0.8103448275862069,0.9491525423728814,1.0,28,54
GSE32863,172,0.006216931216931176,-0.29645686557451273,0.01027001888309302,-0.0566326530612245,0.06963562753036451,-0.3965650281091458,-0.18881836554250347,FAIL,0.8103448275862069,0.9491525423728814,1.0,28,54
GSE32863,173,0.025925925925925963,-0.27674787086551794,0.042828163852898886,-0.0412121212121212,0.09024470899470899,-0.38274369747899156,-0.16342508798391137,FAIL,0.8103448275862069,0.9491525423728814,1.0,28,54
GSE32863,174,0.016534391534391624,-0.2861394052570523,0.02731388000822644,-0.060500000000000054,0.09025974025974032,-0.40001919648978473,-0.16621273587805038,FAIL,0.8103448275862069,0.9491525423728814,1.0,28,54
GSE32863,175,-0.050000000000000044,-0.35267379679144395,-0.08259717314487638,-0.1228183962264151,0.020576923076922993,-0.4600947800503849,-0.24202033598585332,FAIL,0.8103448275862069,0.9491525423728814,1.0,28,54
GSE32863,176,-0.07923280423280415,-0.38190660102424806,-0.13088811299942027,-0.15243055555555562,-0.013971248876909315,-0.49135304659498213,-0.27029645191409907,FAIL,0.8103448275862069,0.9491525423728814,1.0,28,54
GSE32863,177,-0.04351851851851851,-0.3461923153099624,-0.07189013218165159,-0.12046370967741926,0.03129411764705875,-0.45762019230769224,-0.22677588579291363,FAIL,0.8103448275862069,0.9491525423728814,1.0,28,54
GSE32863,178,0.030555555555555614,-0.2721182412358883,0.050476050255202284,-0.028240740740740677,0.0898181818181818,-0.37232142857142864,-0.16555186590765342,FAIL,0.8103448275862069,0.9491525423728814,1.0,28,54
GSE32863,179,0.042195767195767175,-0.26047802959567673,0.06970502178099347,-0.021364795918367263,0.10915032679738568,-0.3645219698910043,-0.14893939393939387,FAIL,0.8103448275862069,0.9491525423728814,1.0,28,54
GSE32863,180,-0.03478835978835976,-0.33746215657980366,-0.05746840353730807,-0.09363425925925922,0.02676224611708483,-0.4397641509433962,-0.22875364504776274,FAIL,0.8103448275862069,0.9491525423728814,1.0,28,54
GSE32863,181,0.015079365079365026,-0.2875944317120789,0.02491025856750229,-0.03807692307692295,0.07465277777777779,-0.38339947089947085,-0.1818222402597403,FAIL,0.8103448275862069,0.9491525423728814,1.0,28,54
GSE32863,182,-0.09325396825396826,-0.39592776504541216,-0.1540502832463963,-0.14912854030501094,-0.0394781144781145,-0.4904644563918757,-0.29140488922841856,FAIL,0.8103448275862069,0.9491525423728814,1.0,28,54
GSE32863,183,0.020767195767195767,-0.28190660102424814,0.03430623329033222,-0.05648148148148152,0.10348330914368653,-0.3960016835016835,-0.16293603739255919,FAIL,0.8103448275862069,0.9491525423728814,1.0,28,54
GSE32863,184,0.03095238095238101,-0.2717214158390629,0.05113158337539971,-0.04122807017543856,0.10535714285714287,-0.3807409502262444,-0.15078347578347567,FAIL,0.8103448275862069,0.9491525423728814,1.0,28,54
GSE32863,185,0.010052910052910091,-0.2926208867385338,0.01660683904500165,-0.0583820662768032,0.08281423804226917,-0.3989268207282914,-0.17506628787878786,FAIL,0.8103448275862069,0.9491525423728814,1.0,28,54
GSE32863,186,0.0272486772486773,-0.2754251195427666,0.045013274253557015,-0.028174603174603186,0.08010204081632655,-0.3741641528406233,-0.1693444995864351,FAIL,0.8103448275862069,0.9491525423728814,1.0,28,54
GSE32863,187,0.020370370370370317,-0.2823034264210736,0.033650700170134704,-0.037811447811447685,0.07499999999999996,-0.3780160675381263,-0.1808193277310924,FAIL,0.8103448275862069,0.9491525423728814,1.0,28,54
GSE32863,188,-0.007142857142857173,-0.3098166539343011,-0.011799596163553808,-0.08809090909090916,0.07562724014336913,-0.4264464925755248,-0.18852909753645064,FAIL,0.8103448275862069,0.9491525423728814,1.0,28,54
GSE32863,189,-0.007407407407407307,-0.3100812041988512,-0.012236618243685214,-0.05621693121693122,0.044035714285714345,-0.40519914274076324,-0.20466981132075468,FAIL,0.8103448275862069,0.9491525423728814,1.0,28,54
GSE32863,190,-0.03439153439153442,-0.3370653311829783,-0.05681287041711073,-0.10967532467532465,0.03879870129870133,-0.447072192513369,-0.22124542124542126,FAIL,0.8103448275862069,0.9491525423728814,1.0,28,54
GSE32863,191,0.01865079365079364,-0.28402300314065027,0.03081005664927924,-0.052448979591836864,0.08885630498533736,-0.3915434419381787,-0.1728910795087265,FAIL,0.8103448275862069,0.9491525423728814,1.0,28,54
GSE32863,192,0.10476190476190472,-0.19791189202953918,0.17306074373212174,0.032686335403726674,0.17521367521367515,-0.30395106727653914,-0.0852394674085852,FAIL,0.8103448275862069,0.9491525423728814,1.0,28,54
GSE32863,193,-0.04457671957671949,-0.3472505163681634,-0.07363822050217794,-0.12168831168831162,0.03568257491675919,-0.4588767482517483,-0.2279830955334988,FAIL,0.8103448275862069,0.9491525423728814,1.0,28,54
GSE32863,194,0.020370370370370372,-0.28230342642107353,0.033650700170134794,-0.044206349206349305,0.08439153439153446,-0.3855701410658308,-0.17644607843137258,FAIL,0.8103448275862069,0.9491525423728814,1.0,28,54
GSE32863,195,0.004232804232804366,-0.29844099255863954,0.006992353282106151,-0.06858237547892715,0.07000000000000006,-0.4057792207792207,-0.18648692810457515,FAIL,0.8103448275862069,0.9491525423728814,1.0,28,54
GSE32863,196,0.03968253968253965,-0.26299125710890425,0.06555331201974306,-0.0242029928432011,0.10054278416347384,-0.3667436974789915,-0.15171957671957678,FAIL,0.8103448275862069,0.9491525423728814,1.0,28,54
GSE32863,197,-0.08955026455026449,-0.3922240613417084,-0.1479319741245535,-0.16609195402298849,-0.008760107816711604,-0.5044461914744933,-0.2717156862745098,FAIL,0.8103448275862069,0.9491525423728814,1.0,28,54
GSE32863,198,0.05661375661375656,-0.24606004017768734,0.09352272514816674,-0.003148148148148122,0.11666666666666659,-0.3463468013468013,-0.13731415643180356,FAIL,0.8103448275862069,0.9491525423728814,1.0,28,54
GSE32863,199,0.04034391534391535,-0.26232988144752856,0.06664586722007217,-0.021012006861063415,0.10748299319727883,-0.36532401422107313,-0.15286243724542964,FAIL,0.8103448275862069,0.9491525423728814,1.0,28,54
GSE32863,200,-0.01335978835978835,-0.31603358515123225,-0.022069615046646826,-0.06480075901328286,0.037782805429864286,-0.41212925096301795,-0.2110688538611925,FAIL,0.8103448275862069,0.9491525423728814,1.0,28,54
GSE32863,201,-0.07896825396825397,-0.38164205075969787,-0.13045109091928878,-0.14470175438596483,-0.015865384615384615,-0.48642647058823546,-0.2697222222222222,FAIL,0.8103448275862069,0.9491525423728814,1.0,28,54
GSE32863,202,-0.012433862433862464,-0.31510765922530637,-0.020540037766186223,-0.08891402714932117,0.05625000000000002,-0.426167097608274,-0.20440775681341727,FAIL,0.8103448275862069,0.9491525423728814,1.0,28,54
GSE32863,203,-0.08981481481481479,-0.3924886116062587,-0.1483689962046852,-0.15320512820512827,-0.02578781512605044,-0.4972985038400859,-0.2881613756613757,FAIL,0.8103448275862069,0.9491525423728814,1.0,28,54
GSE32863,204,0.042989417989417855,-0.25968437880202605,0.07101608802138815,-0.026103896103896018,0.11204004329004341,-0.3667975753436352,-0.14647562582345192,FAIL,0.8103448275862069,0.9491525423728814,1.0,28,54
GSE32863,205,0.0001322751322751503,-0.30254152165916876,0.00021851104006584014,-0.05900621118012417,0.05787878787878792,-0.4025157232704401,-0.1924369747899159,FAIL,0.8103448275862069,0.9491525423728814,1.0,28,54
GSE32863,206,-0.05912698412698414,-0.36180078091842804,-0.09767443490941724,-0.1237062937062936,0.010714285714285732,-0.46793436819172124,-0.2483143124623855,FAIL,0.8103448275862069,0.9491525423728814,1.0,28,54
GSE32863,207,0.016137566137566117,-0.2865362306538778,0.026658346888028827,-0.0475961538461539,0.07605672969966637,-0.38722369584438565,-0.17623376623376621,FAIL,0.8103448275862069,0.9491525423728814,1.0,28,54
GSE32863,208,-0.057142857142857106,-0.359816653934301,-0.09439676930843001,-0.11658307210031349,0.006623376623376587,-0.46267676767676774,-0.24804112554112545,FAIL,0.8103448275862069,0.9491525423728814,1.0,28,54
GSE32863,209,-0.07142857142857145,-0.37410236822001536,-0.11799596163553762,-0.1459905660377358,-0.0011285266457680132,-0.48512145748987856,-0.260479302832244,FAIL,0.8103448275862069,0.9491525423728814,1.0,28,54
GSE32863,210,0.003968253968253899,-0.29870554282319,0.006555331201974195,-0.05523504273504265,0.06526610644257697,-0.3985678381522099,-0.190042735042735,FAIL,0.8103448275862069,0.9491525423728814,1.0,28,54
GSE32863,211,-0.005687830687830686,-0.3083616274792746,-0.009395974722829843,-0.06160714285714286,0.05127314814814826,-0.4044973544973545,-0.2018956043956044,FAIL,0.8103448275862069,0.9491525423728814,1.0,28,54
GSE32863,212,0.01455026455026448,-0.2881235322411794,0.02403621440723902,-0.04780564263322884,0.07660377358490572,-0.3913175133689839,-0.18347159376571148,FAIL,0.8103448275862069,0.9491525423728814,1.0,28,54
GSE32863,213,0.024470899470899532,-0.2782028973205444,0.04042454241217502,-0.04713261648745509,0.09356699201419694,-0.3853384418901659,-0.16437289562289564,FAIL,0.8103448275862069,0.9491525423728814,1.0,28,54
GSE32863,214,0.049735449735449744,-0.25293834705599416,0.0821601510647447,-0.027272727272727393,0.12211538461538457,-0.36795640349988173,-0.1403379953379953,FAIL,0.8103448275862069,0.9491525423728814,1.0,28,54
GSE32863,215,-0.02619047619047621,-0.3288642729819201,-0.04326518593303048,-0.08148584905660378,0.02658730158730166,-0.42905179615705924,-0.2226720310765817,FAIL,0.8103448275862069,0.9491525423728814,1.0,28,54
GSE32863,216,0.09484126984126989,-0.207832526950174,0.1566724157271861,0.027594339622641406,0.16194968553459121,-0.3152676282051281,-0.09547348484848484,FAIL,0.8103448275862069,0.9491525423728814,1.0,28,54
GSE32863,217,-0.036772486772486845,-0.33944628356393075,-0.060746069138295396,-0.12284482758620685,0.049715099715099687,-0.4586595117845118,-0.21655092592592595,FAIL,0.8103448275862069,0.9491525423728814,1.0,28,54
GSE32863,218,0.023941798941799042,-0.27873199784964486,0.039550498251911835,-0.040067340067340085,0.0855194805194806,-0.38065217391304346,-0.16890425981713436,FAIL,0.8103448275862069,0.9491525423728814,1.0,28,54
GSE32863,219,-0.0010582010582009804,-0.3037319978496449,-0.0017480883205263542,-0.074904214559387,0.07145299145299128,-0.4152480150260394,-0.18891152086906798,FAIL,0.8103448275862069,0.9491525423728814,1.0,28,54
GSE32863,220,-0.024603174603174627,-0.32727697139461853,-0.040643053452240764,-0.1013976240391335,0.05062656641604013,-0.437271269571779,-0.20942106111917433,FAIL,0.8103448275862069,0.9491525423728814,1.0,28,54
GSE32863,221,-0.031084656084656048,-0.33375845287609995,-0.05135009441546537,-0.10156449553001279,0.032804232804232836,-0.4426767231357583,-0.21858064793907153,FAIL,0.8103448275862069,0.9491525423728814,1.0,28,54
GSE32863,222,0.028174603174603186,-0.2744991936168407,0.04654285153401762,-0.04528301886792446,0.10332512315270936,-0.38489583333333327,-0.1595299145299145,FAIL,0.8103448275862069,0.9491525423728814,1.0,28,54
GSE32863,223,-0.02328042328042318,-0.3259542200718671,-0.038457943051582455,-0.07363636363636372,0.033492822966507185,-0.4218527640941433,-0.21860389610389613,FAIL,0.8103448275862069,0.9491525423728814,1.0,28,54
GSE32863,224,0.050396825396825384,-0.2522769713946185,0.08325270626507372,-0.01843137254901961,0.11751179245283017,-0.35671134421134426,-0.14125229274845638,FAIL,0.8103448275862069,0.9491525423728814,1.0,28,54
GSE32863,225,-0.025132275132275173,-0.3278060719237191,-0.04151709761250403,-0.10375438596491232,0.04674317617865997,-0.4442592592592593,-0.21491641528406247,FAIL,0.8103448275862069,0.9491525423728814,1.0,28,54
GSE32863,226,0.009920634920634941,-0.29275316187080896,0.01638832800493581,-0.05714285714285727,0.07667342799188642,-0.39970578425767117,-0.1846242270493102,FAIL,0.8103448275862069,0.9491525423728814,1.0,28,54
GSE32863,227,0.036507936507936434,-0.26616586028350747,0.060309047058163534,-0.031958041958041916,0.1002620545073375,-0.3725793650793652,-0.15803253119429586,FAIL,0.8103448275862069,0.9491525423728814,1.0,28,54
GSE32863,228,-0.030423280423280408,-0.3330970772147243,-0.05025753921513635,-0.09739002932551316,0.03666666666666668,-0.4357072829131652,-0.221020523594053,FAIL,0.8103448275862069,0.9491525423728814,1.0,28,54
GSE32863,229,-0.028439153439153375,-0.3311129502305973,-0.04697987361414912,-0.10478927203065141,0.0509615384615385,-0.4435976585844787,-0.21017992424242427,FAIL,0.8103448275862069,0.9491525423728814,1.0,28,54
GSE32863,230,0.02195767195767212,-0.2807161248337718,0.036272832650924784,-0.05178571428571421,0.09654088050314469,-0.3921383647798741,-0.166545954045954,FAIL,0.8103448275862069,0.9491525423728814,1.0,28,54
GSE32863,231,0.020502645502645578,-0.2821711512887983,0.03386921121020073,-0.047588932806324036,0.0826530612244899,-0.3919765075841659,-0.17207961972667846,FAIL,0.8103448275862069,0.9491525423728814,1.0,28,54
GSE32863,232,0.031878306878307006,-0.2707954899131369,0.0526611606558605,-0.029999999999999916,0.09446540880503135,-0.3717854449472096,-0.1619414642167139,FAIL,0.8103448275862069,0.9491525423728814,1.0,28,54
GSE32863,233,-0.07698412698412688,-0.3796579237755708,-0.12717342531830145,-0.1388888888888889,-0.010541310541310578,-0.48249838396897227,-0.26729301948051937,FAIL,0.8103448275862069,0.9491525423728814,1.0,28,54
GSE32863,234,0.04497354497354489,-0.257700251817899,0.07429375362237538,-0.019193233571893287,0.10398322851153041,-0.3569444444444444,-0.15091002747252752,FAIL,0.8103448275862069,0.9491525423728814,1.0,28,54
GSE32863,235,-0.02857142857142858,-0.3312452253628725,-0.04719838465421505,-0.10343396226415102,0.048611111111111105,-0.4405107215299915,-0.21653678565443268,FAIL,0.8103448275862069,0.9491525423728814,1.0,28,54
GSE32863,236,0.026455026455026398,-0.2762187703364175,0.04370220801316198,-0.053165584415584444,0.1041071428571429,-0.39290170940170943,-0.16144886363636357,FAIL,0.8103448275862069,0.9491525423728814,1.0,28,54
GSE32863,237,-0.051322751322751325,-0.35399654811419523,-0.08478228354553442,-0.1100961538461539,0.004925775978407543,-0.45089110644257696,-0.24754774637127586,FAIL,0.8103448275862069,0.9491525423728814,1.0,28,54
GSE32863,238,0.06626984126984126,-0.23640395552160265,0.10947403107297096,-0.005953079178885601,0.14097902097902093,-0.34475040979975186,-0.11797834518422762,FAIL,0.8103448275862069,0.9491525423728814,1.0,28,54
GSE32863,239,-0.0584656084656085,-0.3611394052570524,-0.09658187970908823,-0.12328431372549015,0.006730769230769207,-0.46780303030303033,-0.25028723045822104,FAIL,0.8103448275862069,0.9491525423728814,1.0,28,54
GSE32863,240,-0.026984126984127,-0.3296579237755709,-0.04457625217342533,-0.10021312872975274,0.05511204481792714,-0.44117715617715614,-0.20877896613190727,FAIL,0.8103448275862069,0.9491525423728814,1.0,28,54
GSE32863,241,0.007275132275132268,-0.29539866451631164,0.012018107203619557,-0.06695156695156695,0.08346801346801347,-0.4032407407407407,-0.18056547619047608,FAIL,0.8103448275862069,0.9491525423728814,1.0,28,54
GSE32863,242,0.037566137566137525,-0.2651076592253064,0.06205713537869007,-0.028940961655508246,0.10424836601307197,-0.37136322501028374,-0.15261243386243392,FAIL,0.8103448275862069,0.9491525423728814,1.0,28,54
GSE32863,243,0.0720899470899472,-0.2305838497014967,0.11908851683586683,0.018455334987593053,0.1282758620689654,-0.3291287878787878,-0.1271320346320346,FAIL,0.8103448275862069,0.9491525423728814,1.0,28,54
GSE32863,244,0.025925925925925963,-0.27674787086551794,0.042828163852898886,-0.03482142857142856,0.08809523809523812,-0.3783317173023055,-0.16588916459884193,FAIL,0.8103448275862069,0.9491525423728814,1.0,28,54
GSE32863,245,-0.03558201058201055,-0.33825580737345445,-0.058779469777702924,-0.10186757215619696,0.02814465408805028,-0.44163101604278066,-0.22971195652173915,FAIL,0.8103448275862069,0.9491525423728814,1.0,28,54
GSE32863,246,-0.025661375661375607,-0.3283351724528195,-0.042391141772767114,-0.08626959247648897,0.03636363636363643,-0.42826587301587304,-0.22104885057471269,FAIL,0.8103448275862069,0.9491525423728814,1.0,28,54
GSE32863,247,0.07169312169312164,-0.23098067509832226,0.11843298371566913,0.018787335722819598,0.12574074074074082,-0.32499335459861783,-0.12178308823529405,FAIL,0.8103448275862069,0.9491525423728814,1.0,28,54
GSE32863,248,-0.05066137566137574,-0.35333517245281965,-0.0836897283452055,-0.11333333333333323,0.01623931623931618,-0.45428548211399256,-0.24360294117647052,FAIL,0.8103448275862069,0.9491525423728814,1.0,28,54
GSE32863,249,0.0410052910052911,-0.2616685057861528,0.06773842242040136,-0.027403508771929874,0.1131562302340291,-0.37160027472527474,-0.14807021831215383,FAIL,0.8103448275862069,0.9491525423728814,1.0,28,54
GSE32863,250,-0.018518518518518434,-0.32119231530996234,-0.03059154560921331,-0.08620689655172414,0.05148809523809528,-0.4271386946386946,-0.21199494949494943,FAIL,0.8103448275862069,0.9491525423728814,1.0,28,54
GSE32863,251,0.0455026455026456,-0.2571711512887983,0.07516779778263892,-0.0249226006191951,0.11522222222222217,-0.3660939942410531,-0.13963302492714252,FAIL,0.8103448275862069,0.9491525423728814,1.0,28,54
GSE32863,252,-0.037830687830687715,-0.3405044846221316,-0.062494157458821566,-0.10331885856079398,0.028296703296703307,-0.4485133594004561,-0.2286169467787115,FAIL,0.8103448275862069,0.9491525423728814,1.0,28,54
GSE32863,253,0.00939153439153445,-0.29328226239990945,0.015514283844672632,-0.06950549450549448,0.09079473985134356,-0.4081951812555261,-0.17210735171261488,FAIL,0.8103448275862069,0.9491525423728814,1.0,28,54
GSE32863,254,-0.0007936507936507353,-0.30346744758509464,-0.0013110662403947658,-0.06079545454545454,0.06088888888888888,-0.407135989010989,-0.19323899371069186,FAIL,0.8103448275862069,0.9491525423728814,1.0,28,54
GSE32863,255,-0.05066137566137563,-0.35333517245281953,-0.08368972834520531,-0.12685185185185188,0.022840119165839112,-0.4667329796640142,-0.23833110516934047,FAIL,0.8103448275862069,0.9491525423728814,1.0,28,54
GSE32863,256,-0.028571428571428525,-0.33124522536287243,-0.047198384654214956,-0.10491071428571425,0.04342105263157897,-0.44327969824293345,-0.21669419419419422,FAIL,0.8103448275862069,0.9491525423728814,1.0,28,54
GSE32863,257,0.022883597883597895,-0.279790198907846,0.03780240993138521,-0.04591346153846154,0.09346361185983826,-0.38558802308802304,-0.16853582010053594,FAIL,0.8103448275862069,0.9491525423728814,1.0,28,54
GSE32863,258,-0.01031746031746028,-0.3129912571089042,-0.017043861125133147,-0.0835282651072124,0.06382389162561575,-0.4228493761140821,-0.19698158051099224,FAIL,0.8103448275862069,0.9491525423728814,1.0,28,54
GSE32863,259,-0.0018518518518518823,-0.3045256486432958,-0.003059154560921395,-0.07956730769230758,0.0723717948717949,-0.418021315635078,-0.18847593582887695,FAIL,0.8103448275862069,0.9491525423728814,1.0,28,54
GSE32863,260,0.004761904761904745,-0.29791189202953916,0.007866397442369144,-0.07333333333333342,0.07553908355795147,-0.41040854065640603,-0.18136634199134205,FAIL,0.8103448275862069,0.9491525423728814,1.0,28,54
GSE32863,261,0.01626984126984138,-0.2864039555216025,0.02687685792809485,-0.043937708565072287,0.07590909090909076,-0.381865351137797,-0.17396097816990308,FAIL,0.8103448275862069,0.9491525423728814,1.0,28,54
GSE32863,262,-0.029497354497354522,-0.3321711512887984,-0.04872796193467575,-0.11462962962962964,0.05388655462184877,-0.4489141414141414,-0.21173890608875134,FAIL,0.8103448275862069,0.9491525423728814,1.0,28,54
GSE32863,263,0.018915343915343996,-0.2837584528760999,0.031247078729411012,-0.05030303030303024,0.08624633431085044,-0.3890621905327787,-0.1737057103543172,FAIL,0.8103448275862069,0.9491525423728814,1.0,28,54
GSE32863,264,0.0025132275132275783,-0.3001605692782163,0.004151709761250504,-0.07230188679245286,0.07441492726122712,-0.41076780738418667,-0.18638017943026267,FAIL,0.8103448275862069,0.9491525423728814,1.0,28,54
GSE32863,265,-0.03902116402116401,-0.3416949608126079,-0.06446075681941403,-0.09770580296896081,0.02058404558404564,-0.44091419586702607,-0.23156446540880493,FAIL,0.8103448275862069,0.9491525423728814,1.0,28,54
GSE32863,266,0.12962962962962982,-0.1730441671618141,0.21414081926449444,0.054365079365079394,0.20167464114832545,-0.28648088023088014,-0.05484042101689163,FAIL,0.8103448275862069,0.9491525423728814,1.0,28,54
GSE32863,267,-0.0224867724867725,-0.3251605692782164,-0.03714687681118778,-0.09399999999999986,0.04561335403726707,-0.431011653718091,-0.21402543009540964,FAIL,0.8103448275862069,0.9491525423728814,1.0,28,54
GSE32863,268,0.013888888888888895,-0.288784907902555,0.022943659206910095,-0.04824561403508765,0.07530017152658652,-0.3923503411910669,-0.18056195596518182,FAIL,0.8103448275862069,0.9491525423728814,1.0,28,54
GSE32863,269,-0.03346560846560853,-0.33613940525705244,-0.055283293136650126,-0.09493006993007003,0.028962962962962968,-0.43804506476920274,-0.22323975044563288,FAIL,0.8103448275862069,0.9491525423728814,1.0,28,54
GSE32863,270,0.07632275132275129,-0.2263510454686926,0.1260808701179725,0.0009920634920634885,0.14783653846153838,-0.33878154309619357,-0.11063976872800402,FAIL,0.8103448275862069,0.9491525423728814,1.0,28,54
GSE32863,271,0.03822751322751328,-0.26444628356393063,0.06314969057901927,-0.03627450980392155,0.11281032770605753,-0.37469667943805873,-0.1503125000000001,FAIL,0.8103448275862069,0.9491525423728814,1.0,28,54
GSE32863,272,-0.0006613756613755295,-0.30333517245281943,-0.0010925552003288339,-0.0642592592592593,0.06694805194805198,-0.40867327117327107,-0.1879319210201564,FAIL,0.8103448275862069,0.9491525423728814,1.0,28,54
GSE32863,273,0.0064814814814815325,-0.2961923153099624,0.01070704096322479,-0.067651098901099,0.0823583743842366,-0.40714285714285714,-0.1766010101010101,FAIL,0.8103448275862069,0.9491525423728814,1.0,28,54
GSE32863,274,0.01891534391534394,-0.28375845287609996,0.03124707872941092,-0.04490566037735855,0.08437710437710438,-0.3879233511586452,-0.17589533454891396,FAIL,0.8103448275862069,0.9491525423728814,1.0,28,54
GSE32863,275,0.002645502645502562,-0.30002829414594134,0.004370220801316069,-0.06507936507936501,0.0716931216931217,-0.4080118411000762,-0.18937094155844153,FAIL,0.8103448275862069,0.9491525423728814,1.0,28,54
GSE32863,276,-0.056084656084656015,-0.3587584528760999,-0.09264868098790346,-0.12322033898305079,0.008928571428571397,-0.46060846560846563,-0.25296876326288104,FAIL,0.8103448275862069,0.9491525423728814,1.0,28,54
GSE32863,277,-0.05674603174603171,-0.3594198285374756,-0.09374123618823257,-0.12085253456221201,0.006937799043062298,-0.4621246400658166,-0.2501847290640394,FAIL,0.8103448275862069,0.9491525423728814,1.0,28,54
GSE32863,278,0.005952380952380987,-0.2967214158390629,0.009832996802961522,-0.0681288819875776,0.08382284382284383,-0.40815287307032583,-0.17728702967673554,FAIL,0.8103448275862069,0.9491525423728814,1.0,28,54
GSE32863,279,-0.01812169312169315,-0.32079548991313706,-0.029936012489016065,-0.0656637717121587,0.027935222672064774,-0.41331699346405215,-0.21620265151515144,FAIL,0.8103448275862069,0.9491525423728814,1.0,28,54
GSE32863,280,-0.0027777777777777124,-0.3054515745692216,-0.004588731841381909,-0.07211538461538464,0.0623899371069182,-0.4098608590441621,-0.19593611638203656,FAIL,0.8103448275862069,0.9491525423728814,1.0,28,54
GSE32863,281,0.03558201058201055,-0.26709178620943336,0.058779469777702924,-0.028959131545338634,0.09929245283018867,-0.3722222222222222,-0.15512987012987017,FAIL,0.8103448275862069,0.9491525423728814,1.0,28,54
GSE32863,282,0.013888888888888895,-0.288784907902555,0.022943659206910095,-0.04548933843630398,0.07196078431372549,-0.388171568627451,-0.18091203703703704,FAIL,0.8103448275862069,0.9491525423728814,1.0,28,54
GSE32863,283,-0.026984126984127055,-0.32965792377557096,-0.044576252173425424,-0.09705329153605013,0.04423701298701305,-0.4366047310917593,-0.21751919002196485,FAIL,0.8103448275862069,0.9491525423728814,1.0,28,54
GSE32863,284,0.056216931216931276,-0.24645686557451263,0.09286719202796949,-0.008964285714285758,0.12592592592592594,-0.34877036340852124,-0.13116185070519426,FAIL,0.8103448275862069,0.9491525423728814,1.0,28,54
GSE32863,285,0.03253968253968259,-0.2701341142517613,0.053753715856189425,-0.028481481481481385,0.09725925925925921,-0.37504901960784315,-0.16038306451612902,FAIL,0.8103448275862069,0.9491525423728814,1.0,28,54
GSE32863,286,0.0317460317460318,-0.2709277650454121,0.05244264961579457,-0.037018867924528354,0.09827586206896538,-0.37575542717086835,-0.1579870837223779,FAIL,0.8103448275862069,0.9491525423728814,1.0,28,54
GSE32863,287,-0.002645502645502562,-0.30531929943694647,-0.004370220801316069,-0.09192872117400408,0.07999999999999996,-0.4306372549019607,-0.18668644951539703,FAIL,0.8103448275862069,0.9491525423728814,1.0,28,54
GSE32863,288,-0.008465608465608454,-0.31113940525705236,-0.013984706564211843,-0.08765394088669959,0.06857585139318878,-0.4272321428571428,-0.19217171717171727,FAIL,0.8103448275862069,0.9491525423728814,1.0,28,54
GSE32863,289,0.005423280423280441,-0.29725051636816346,0.008958952642698253,-0.06227598566308251,0.07725155279503099,-0.40190327646209995,-0.181402229845626,FAIL,0.8103448275862069,0.9491525423728814,1.0,28,54
GSE32863,290,0.04312169312169323,-0.2595521036697507,0.07123459906145435,-0.03035714285714286,0.11628458498023714,-0.36699346405228767,-0.14367063492063503,FAIL,0.8103448275862069,0.9491525423728814,1.0,28,54
GSE32863,291,0.019312169312169336,-0.28336162747927457,0.031902611849608346,-0.04190251572327053,0.08207547169811319,-0.38502753831417624,-0.1741828643461289,FAIL,0.8103448275862069,0.9491525423728814,1.0,28,54
GSE32863,292,0.007407407407407363,-0.29526638938403654,0.012236618243685306,-0.052586206896551635,0.06454545454545457,-0.39698879551820726,-0.19036669580419574,FAIL,0.8103448275862069,0.9491525423728814,1.0,28,54
GSE32863,293,0.00793650793650802,-0.2947372888549359,0.013110662403948757,-0.05538961038961038,0.06899744572158362,-0.39789107950872654,-0.18589188589188593,FAIL,0.8103448275862069,0.9491525423728814,1.0,28,54
GSE32863,294,0.02169312169312171,-0.2809806750983222,0.03583581057079292,-0.04848484848484841,0.09551948051948056,-0.3915838574423481,-0.17092592592592593,FAIL,0.8103448275862069,0.9491525423728814,1.0,28,54
GSE32863,295,-0.03465608465608461,-0.3373298814475285,-0.05724989249724223,-0.11071428571428577,0.045337995337995374,-0.44982979559748426,-0.2175187956336297,FAIL,0.8103448275862069,0.9491525423728814,1.0,28,54
GSE32863,296,0.0064814814814815325,-0.2961923153099624,0.01070704096322479,-0.06438596491228066,0.0760582010582011,-0.4050339366515837,-0.18333333333333335,FAIL,0.8103448275862069,0.9491525423728814,1.0,28,54
GSE32863,297,0.031746031746031744,-0.27092776504541216,0.05244264961579448,-0.03241239892183295,0.09415954415954408,-0.37491396103896096,-0.16039997870493222,FAIL,0.8103448275862069,0.9491525423728814,1.0,28,54
GSE32863,298,0.041402116402116385,-0.2612716803893275,0.06839395554059861,-0.0352657004830918,0.11470588235294116,-0.3757311213015673,-0.14198051948051943,FAIL,0.8103448275862069,0.9491525423728814,1.0,28,54
GSE32863,299,-0.0005291005291005457,-0.30320289732054445,-0.0008740441602632688,-0.0532075471698113,0.054761904761904734,-0.3971718014128728,-0.20148809523809527,FAIL,0.8103448275862069,0.9491525423728814,1.0,28,54
GSE32863,300,-0.008465608465608399,-0.3111394052570523,-0.013984706564211751,-0.08467857142857138,0.0823773584905661,-0.4242749897161662,-0.18488888888888882,FAIL,0.8103448275862069,0.9491525423728814,1.0,28,54
GSE32863,301,0.07142857142857129,-0.23124522536287262,0.11799596163553736,0.001245048104131341,0.14294339622641516,-0.3410776233570352,-0.11425535189921382,FAIL,0.8103448275862069,0.9491525423728814,1.0,28,54
GSE32863,302,-0.06706349206349199,-0.3697372888549359,-0.11078509731336572,-0.12527233115468406,-0.007854406130268221,-0.46861111111111103,-0.26285575550975127,FAIL,0.8103448275862069,0.9491525423728814,1.0,28,54
GSE32863,303,0.010846560846560827,-0.2918272359448831,0.017917905285396416,-0.07678571428571423,0.09492605813360522,-0.41384376993892985,-0.16814458689458678,FAIL,0.8103448275862069,0.9491525423728814,1.0,28,54
GSE32863,304,-0.02632275132275136,-0.32899654811419526,-0.04348369697309632,-0.1078544061302682,0.052705627705627756,-0.44719251336898397,-0.21165598290598286,FAIL,0.8103448275862069,0.9491525423728814,1.0,28,54
GSE32863,305,-0.010185185185185186,-0.3128589819766291,-0.016825350085067397,-0.07356643356643355,0.0555094339622641,-0.41699893673577876,-0.2037229437229439,FAIL,0.8103448275862069,0.9491525423728814,1.0,28,54
GSE32863,306,-0.059391534391534384,-0.3620653311829783,-0.09811145698954883,-0.13187830687830682,0.012893462469733663,-0.47002641965877257,-0.24591397849462363,FAIL,0.8103448275862069,0.9491525423728814,1.0,28,54
GSE32863,307,0.029365079365079372,-0.27330871742636453,0.04850945089460991,-0.029074074074073974,0.08767295597484287,-0.37437052984965696,-0.16811621966794377,FAIL,0.8103448275862069,0.9491525423728814,1.0,28,54
GSE32863,308,-0.04550264550264549,-0.3481764422940894,-0.07516779778263874,-0.12398601398601405,0.03756631299734747,-0.46414828431372546,-0.22986699759729728,FAIL,0.8103448275862069,0.9491525423728814,1.0,28,54
GSE32863,309,-0.045899470899470884,-0.3485732676909148,-0.07582333090283616,-0.10641025641025637,0.01341692789968657,-0.45101654646532946,-0.23811197434948828,FAIL,0.8103448275862069,0.9491525423728814,1.0,28,54
GSE32863,310,-0.09986772486772477,-0.4025415216591687,-0.16497583524968665,-0.17161803713527846,-0.02874583795782465,-0.5109769616348564,-0.2897274633123689,FAIL,0.8103448275862069,0.9491525423728814,1.0,28,54
GSE32863,311,0.0014550264550264869,-0.3012187703364174,0.0024036214407239663,-0.06705653021442504,0.06577380952380951,-0.40858262108262106,-0.19428510510787392,FAIL,0.8103448275862069,0.9491525423728814,1.0,28,54
GSE32863,312,-0.05793650793650795,-0.36061030472795186,-0.09570783554882496,-0.1267307692307692,0.012173913043478257,-0.46642296640141473,-0.2487098173746342,FAIL,0.8103448275862069,0.9491525423728814,1.0,28,54
GSE32863,313,-0.0015873015873015817,-0.3042610983787455,-0.002622132480789715,-0.07380688124306328,0.06981132075471702,-0.4129311987802553,-0.19528995560488344,FAIL,0.8103448275862069,0.9491525423728814,1.0,28,54
GSE32863,314,0.010714285714285676,-0.29195951107715823,0.017699394245330576,-0.05743589743589739,0.08051242236024853,-0.39939178468590236,-0.1799383521524552,FAIL,0.8103448275862069,0.9491525423728814,1.0,28,54
GSE32863,315,0.0007936507936506798,-0.3018801459977932,0.001311066240394674,-0.06784313725490193,0.06754545454545435,-0.4048385331143952,-0.18859427609427612,FAIL,0.8103448275862069,0.9491525423728814,1.0,28,54
GSE32863,316,-0.05304232804232806,-0.35571612483377196,-0.08762292706638997,-0.11795454545454542,0.008630952380952295,-0.4580827294685989,-0.24852512788935202,FAIL,0.8103448275862069,0.9491525423728814,1.0,28,54
GSE32863,317,0.0092592592592593,-0.2934145375321846,0.015295772804606792,-0.060138248847926234,0.08007142857142852,-0.3974605119825707,-0.17938161375661377,FAIL,0.8103448275862069,0.9491525423728814,1.0,28,54
GSE32863,318,-0.04801587301587301,-0.3506896698073169,-0.07931950754388915,-0.11693548387096786,0.023939393939393927,-0.45768236665295475,-0.24327001633986925,FAIL,0.8103448275862069,0.9491525423728814,1.0,28,54
GSE32863,319,-0.0031746031746031633,-0.30584839996604707,-0.00524426496157943,-0.06203703703703706,0.05363636363636365,-0.4062811942959002,-0.19919957493486906,FAIL,0.8103448275862069,0.9491525423728814,1.0,28,54
GSE32863,320,0.03267195767195774,-0.27000183911948616,0.05397222689625527,-0.042201257861635144,0.10909090909090918,-0.37949632198920624,-0.15390795206971675,FAIL,0.8103448275862069,0.9491525423728814,1.0,28,54
GSE32863,321,0.042195767195767286,-0.2604780295956766,0.06970502178099365,-0.030555555555555614,0.11717752234993606,-0.37363769271664016,-0.1444143446852426,FAIL,0.8103448275862069,0.9491525423728814,1.0,28,54
GSE32863,322,0.020502645502645522,-0.2821711512887984,0.03386921121020064,-0.05054945054945048,0.08703703703703702,-0.3941720779220778,-0.17093048128342242,FAIL,0.8103448275862069,0.9491525423728814,1.0,28,54
GSE32863,323,-0.012566137566137559,-0.31523993435758146,-0.02075854880625197,-0.0985185185185185,0.07432950191570875,-0.43052504290841015,-0.19586435070306052,FAIL,0.8103448275862069,0.9491525423728814,1.0,28,54
GSE32863,324,0.04854497354497356,-0.25412882324647035,0.08019355170415242,-0.018103448275861966,0.11521164021164015,-0.35755241090146755,-0.1446198830409357,FAIL,0.8103448275862069,0.9491525423728814,1.0,28,54
GSE32863,325,0.004629629629629539,-0.29804416716181437,0.007647886402303213,-0.060264550264550354,0.0687631027253669,-0.40256493506493507,-0.19256740196078442,FAIL,0.8103448275862069,0.9491525423728814,1.0,28,54
GSE32863,326,0.03743386243386254,-0.26523993435758136,0.061838624338624505,-0.026918238993710653,0.10248447204968952,-0.375,-0.1530877742946706,FAIL,0.8103448275862069,0.9491525423728814,1.0,28,54
GSE32863,327,-0.03941798941798952,-0.3420917862094334,-0.06511628993961165,-0.09755681818181822,0.02122994652406407,-0.44260101010101,-0.23370442591235924,FAIL,0.8103448275862069,0.9491525423728814,1.0,28,54
GSE32863,328,0.058730158730158744,-0.24394363806128516,0.09701890178921982,0.004848484848484824,0.12076246334310853,-0.3439951400800457,-0.13442561807331627,FAIL,0.8103448275862069,0.9491525423728814,1.0,28,54
GSE32863,329,0.03518518518518521,-0.2674886116062587,0.05812393665750559,-0.03374840357598974,0.10129310344827597,-0.3765909090909092,-0.15443181818181823,FAIL,0.8103448275862069,0.9491525423728814,1.0,28,54
GSE32863,330,-0.10925925925925922,-0.41193305605070313,-0.18049011909435927,-0.17055944055944056,-0.05072100313479616,-0.5117857142857142,-0.3055285047677014,FAIL,0.8103448275862069,0.9491525423728814,1.0,28,54
GSE32863,331,0.018915343915343885,-0.2837584528761,0.031247078729410828,-0.04666666666666669,0.08925264550264539,-0.3914269553975437,-0.17221566212691983,FAIL,0.8103448275862069,0.9491525423728814,1.0,28,54
GSE32863,332,-0.05502645502645509,-0.357700251817899,-0.09090059266737721,-0.12427055702917778,0.017428003972194683,-0.4692745316832353,-0.2403214285714284,FAIL,0.8103448275862069,0.9491525423728814,1.0,28,54
GSE32863,333,0.05396825396825383,-0.24870554282319007,0.08915250434685039,-0.004415954415954382,0.11516690856313494,-0.3453738311496932,-0.14261618229634807,FAIL,0.8103448275862069,0.9491525423728814,1.0,28,54
GSE32863,334,-0.09947089947089949,-0.4021446962623434,-0.1643203021294894,-0.1785454545454545,-0.02173020527859243,-0.5173815359477124,-0.2840706839562676,FAIL,0.8103448275862069,0.9491525423728814,1.0,28,54
GSE32863,335,0.07830687830687816,-0.22436691848456575,0.12935853571895947,-0.0006064690026955089,0.15708061002178636,-0.3391025641025642,-0.10461538461538467,FAIL,0.8103448275862069,0.9491525423728814,1.0,28,54
GSE32863,336,0.055291005291005446,-0.24738279150043846,0.09133761474750898,-0.029702380952380925,0.13915384615384613,-0.36720085470085473,-0.12558170995670997,FAIL,0.8103448275862069,0.9491525423728814,1.0,28,54
GSE32863,337,0.05105820105820108,-0.2516155957332428,0.08434526146540283,-0.035423197492162994,0.1345833333333334,-0.3705639948287008,-0.13380909711554873,FAIL,0.8103448275862069,0.9491525423728814,1.0,28,54
GSE32863,338,-0.06243386243386245,-0.36510765922530636,-0.10313721091106251,-0.14878787878787875,0.022037037037037077,-0.48479986038302475,-0.24686011904761906,FAIL,0.8103448275862069,0.9491525423728814,1.0,28,54
GSE32863,339,-0.0407407407407408,-0.3434145375321847,-0.06730140034026968,-0.12030048916841374,0.03557951482479793,-0.4595055646779785,-0.22499659586056642,FAIL,0.8103448275862069,0.9491525423728814,1.0,28,54
GSE32863,340,0.03584656084656085,-0.26682723594488306,0.059216491857834605,-0.03651960784313729,0.11060025542784169,-0.37679424333836103,-0.14612960568842925,FAIL,0.8103448275862069,0.9491525423728814,1.0,28,54
GSE32863,341,-0.04814814814814816,-0.35082194493959207,-0.07953801858395498,-0.1240829346092504,0.026522187822497434,-0.4633463595228302,-0.23026729559748432,FAIL,0.8103448275862069,0.9491525423728814,1.0,28,54
GSE32863,342,-0.003835978835978804,-0.3065097756274227,-0.006336820161908447,-0.09047619047619043,0.0832455562870309,-0.4272222222222223,-0.18504629629629626,FAIL,0.8103448275862069,0.9491525423728814,1.0,28,54
GSE32863,343,0.010582010582010637,-0.29209178620943327,0.01748088320526492,-0.07777429467084629,0.08985185185185185,-0.4070079365079365,-0.17194847178683387,FAIL,0.8103448275862069,0.9491525423728814,1.0,28,54
GSE32863,344,-0.02261904761904765,-0.32529284441049156,-0.037365387851253616,-0.0834549071618037,0.038458994708994665,-0.42836134453781527,-0.2189036827049189,FAIL,0.8103448275862069,0.9491525423728814,1.0,28,54
GSE32863,345,0.03505291005291006,-0.26762088673853385,0.05790542561743975,-0.03569295101553166,0.1023584905660378,-0.37596491228070184,-0.1572858731924361,FAIL,0.8103448275862069,0.9491525423728814,1.0,28,54
GSE32863,346,-0.012566137566137614,-0.3152399343575815,-0.020758548806252063,-0.09452861952861957,0.06280701754385964,-0.43035879629629636,-0.19971736596736595,FAIL,0.8103448275862069,0.9491525423728814,1.0,28,54
GSE32863,347,-0.010582010582010637,-0.31325580737345454,-0.01748088320526492,-0.07647058823529418,0.05857228195937875,-0.4218374629178515,-0.20231481481481484,FAIL,0.8103448275862069,0.9491525423728814,1.0,28,54
GSE32863,348,-0.011640211640211673,-0.3143140084316556,-0.019228971525791363,-0.0892082111436951,0.06407337128399754,-0.4280753968253969,-0.19629629629629625,FAIL,0.8103448275862069,0.9491525423728814,1.0,28,54
GSE32863,349,-0.03822751322751322,-0.3409013100189571,-0.06314969057901917,-0.09492857142857142,0.02261904761904765,-0.4396915795495917,-0.23313381661442004,FAIL,0.8103448275862069,0.9491525423728814,1.0,28,54
GSE32863,350,0.041137566137566195,-0.2615362306538777,0.0679569334604671,-0.029510489510489457,0.10695054945054944,-0.3696593915343915,-0.15071054283782473,FAIL,0.8103448275862069,0.9491525423728814,1.0,28,54
GSE32863,351,-0.029497354497354522,-0.3321711512887984,-0.04872796193467575,-0.09462989840348335,0.0355437665782492,-0.43792780748663107,-0.22064223057644117,FAIL,0.8103448275862069,0.9491525423728814,1.0,28,54
GSE32863,352,0.045634920634920584,-0.2570388761565233,0.07538630882270449,-0.039703703703703686,0.12521367521367516,-0.3733551040154814,-0.1389877769289533,FAIL,0.8103448275862069,0.9491525423728814,1.0,28,54
GSE32863,353,0.015079365079365026,-0.2875944317120789,0.02491025856750229,-0.05238993710691825,0.08850000000000002,-0.3935362243120864,-0.17156565656565664,FAIL,0.8103448275862069,0.9491525423728814,1.0,28,54
GSE32863,354,0.03425925925925921,-0.2684145375321847,0.0565943593770448,-0.03367346938775506,0.09784090909090909,-0.37242156862745096,-0.16024932614555254,FAIL,0.8103448275862069,0.9491525423728814,1.0,28,54
GSE32863,355,0.006613756613756627,-0.2960600401776873,0.01092555200329054,-0.057005649717513984,0.0706957547169812,-0.40109371705671515,-0.1832335964688907,FAIL,0.8103448275862069,0.9491525423728814,1.0,28,54
GSE32863,356,-0.030687830687830653,-0.33336162747927456,-0.05069456129526794,-0.09406130268199242,0.03685714285714298,-0.4325919918039785,-0.22364010120177097,FAIL,0.8103448275862069,0.9491525423728814,1.0,28,54
GSE32863,357,-0.02116402116402122,-0.3238378179554651,-0.03496176641052975,-0.08355795148247974,0.04147465437788017,-0.4248355538796716,-0.2201007326007327,FAIL,0.8103448275862069,0.9491525423728814,1.0,28,54
GSE32863,358,0.05806878306878305,-0.24460501372266086,0.09592634658889071,-0.011342592592592626,0.130026455026455,-0.3521183473389356,-0.12437062937062937,FAIL,0.8103448275862069,0.9491525423728814,1.0,28,54
GSE32863,359,0.06190476190476191,-0.240769034886682,0.10226316675079924,-0.028030303030303072,0.15408653846153836,-0.36113409969072147,-0.11360841410451053,FAIL,0.8103448275862069,0.9491525423728814,1.0,28,54
GSE32863,360,-0.0665343915343915,-0.3692081883258354,-0.10991105315310255,-0.13162907268170432,-0.00215633423180589,-0.4742752100840337,-0.25738705738705736,FAIL,0.8103448275862069,0.9491525423728814,1.0,28,54
GSE32863,361,-0.020105820105820127,-0.32277961689726403,-0.03321367809000321,-0.08909803921568621,0.05416927899686519,-0.43466755793226386,-0.20546448511166263,FAIL,0.8103448275862069,0.9491525423728814,1.0,28,54
GSE32863,362,-0.009788359788359846,-0.31246215657980375,-0.016169816964870062,-0.07074509803921564,0.053103448275862,-0.416111111111111,-0.20489661319073071,FAIL,0.8103448275862069,0.9491525423728814,1.0,28,54
GSE32863,363,0.020634920634920673,-0.28203887615652323,0.034087722250266475,-0.05267857142857141,0.08981481481481479,-0.39031543505227706,-0.1707393483709273,FAIL,0.8103448275862069,0.9491525423728814,1.0,28,54
GSE32863,364,0.01031746031746028,-0.2923563364739836,0.017043861125133147,-0.07367724867724873,0.09150246305418719,-0.4133183021492349,-0.1722930194805194,FAIL,0.8103448275862069,0.9491525423728814,1.0,28,54
GSE32863,365,0.04391534391534402,-0.2587584528760999,0.07254566530184921,-0.02178571428571424,0.1078490566037737,-0.3619626696832579,-0.15088888888888902,FAIL,0.8103448275862069,0.9491525423728814,1.0,28,54
GSE32863,366,0.0030423280423280685,-0.29963146874911584,0.005025753921513681,-0.06250873515024458,0.0706281833616299,-0.4056363795518207,-0.18643366437484094,FAIL,0.8103448275862069,0.9491525423728814,1.0,28,54
GSE32863,367,-0.011640211640211562,-0.31431400843165547,-0.019228971525791182,-0.08636363636363625,0.06304713804713807,-0.42392690058479515,-0.19851009332521802,FAIL,0.8103448275862069,0.9491525423728814,1.0,28,54
GSE32863,368,0.056613756613756616,-0.2460600401776873,0.09352272514816683,0.0030219780219780668,0.10772727272727267,-0.34346405228758164,-0.14546982429335353,FAIL,0.8103448275862069,0.9491525423728814,1.0,28,54
GSE32863,369,-0.027248677248677244,-0.32992247404012115,-0.045013274253556924,-0.10645863570391878,0.046666666666666634,-0.44274630541871923,-0.21728683897801548,FAIL,0.8103448275862069,0.9491525423728814,1.0,28,54
GSE32863,370,0.10396825396825404,-0.19870554282318986,0.17174967749172707,0.012105263157894841,0.19003537735849052,-0.3246944989897266,-0.07545698924731181,FAIL,0.8103448275862069,0.9491525423728814,1.0,28,54
GSE32863,371,-0.10648148148148151,-0.4091552782729254,-0.17590138725297738,-0.17320788530465947,-0.03541666666666671,-0.5131514999162057,-0.29487728619966747,FAIL,0.8103448275862069,0.9491525423728814,1.0,28,54
GSE32863,372,0.007407407407407474,-0.29526638938403643,0.012236618243685488,-0.057586206896551695,0.07484848484848483,-0.39823863636363643,-0.18288216984586694,FAIL,0.8103448275862069,0.9491525423728814,1.0,28,54
GSE32863,373,-0.010714285714285732,-0.31338808250572964,-0.017699394245330666,-0.08225925925925931,0.06519607843137254,-0.42657926378098404,-0.19449550653594772,FAIL,0.8103448275862069,0.9491525423728814,1.0,28,54
GSE32863,374,-0.0025132275132274673,-0.3051870243046714,-0.0041517097612503205,-0.06359761295822675,0.05769230769230771,-0.41057692307692295,-0.20113301282051269,FAIL,0.8103448275862069,0.9491525423728814,1.0,28,54
GSE32863,375,-0.05026455026455029,-0.3529383470559942,-0.08303419522500798,-0.12821428571428567,0.031678321678321686,-0.46593057677616495,-0.2357550569634968,FAIL,0.8103448275862069,0.9491525423728814,1.0,28,54
GSE32863,376,-0.05621693121693133,-0.35889072800837524,-0.09286719202796959,-0.13954545454545458,0.02802419354838709,-0.4772201178451178,-0.239386574074074,FAIL,0.8103448275862069,0.9491525423728814,1.0,28,54
GSE32863,377,-0.04232804232804238,-0.3450018391194863,-0.0699235328210594,-0.10727762803234497,0.02155555555555566,-0.45040764790764787,-0.23456312709030103,FAIL,0.8103448275862069,0.9491525423728814,1.0,28,54
GSE32863,378,-0.026322751322751303,-0.3289965481141952,-0.043483696973096224,-0.11204644412191583,0.0600694444444444,-0.44730639730639726,-0.202642857142857,FAIL,0.8103448275862069,0.9491525423728814,1.0,28,54
GSE32863,379,0.06812169312169308,-0.23455210366975082,0.11253318563389227,0.009482758620689702,0.1266317733990147,-0.3282868275515333,-0.1302440805381981,FAIL,0.8103448275862069,0.9491525423728814,1.0,28,54
GSE32863,380,-0.016005291005291078,-0.318679087796735,-0.02643983584796317,-0.0798076923076923,0.04774294670846402,-0.4205753205128204,-0.20482843137254908,FAIL,0.8103448275862069,0.9491525423728814,1.0,28,54
GSE32863,381,-0.02169312169312171,-0.3243669184845656,-0.03583581057079292,-0.09332075471698115,0.047178683385579956,-0.43259958071278815,-0.21268778737910257,FAIL,0.8103448275862069,0.9491525423728814,1.0,28,54
GSE32863,382,0.011111111111111127,-0.2915626856803328,0.018354927365528094,-0.06386066763425263,0.08703703703703702,-0.40043859649122804,-0.17890897973445152,FAIL,0.8103448275862069,0.9491525423728814,1.0,28,54
GSE32863,383,-0.02354497354497348,-0.3262187703364174,-0.038894965131714136,-0.08463497453310687,0.04107142857142854,-0.4284241452991451,-0.21710455894516614,FAIL,0.8103448275862069,0.9491525423728814,1.0,28,54
GSE32863,384,-0.006878306878306761,-0.30955210366975067,-0.011362574083421945,-0.07719780219780215,0.06337020169160706,-0.4189930555555556,-0.19342925849585113,FAIL,0.8103448275862069,0.9491525423728814,1.0,28,54
GSE32863,385,0.05251322751322768,-0.2501605692782162,0.08674888290612698,-0.006133952254641806,0.10988888888888887,-0.3506907308377896,-0.14242735042735044,FAIL,0.8103448275862069,0.9491525423728814,1.0,28,54
GSE32863,386,-0.06283068783068774,-0.36550448462213164,-0.10379274403125976,-0.13467532467532473,0.010833333333333306,-0.474769786457093,-0.24794706805704547,FAIL,0.8103448275862069,0.9491525423728814,1.0,28,54
GSE32863,387,-0.021428571428571463,-0.32410236822001537,-0.03539878849066133,-0.08070370370370372,0.03879608294930864,-0.4242155067155066,-0.21082792207792195,FAIL,0.8103448275862069,0.9491525423728814,1.0,28,54
GSE32863,388,0.011904761904761862,-0.29076903488668204,0.01966599360592286,-0.05163522012578614,0.07868788819875766,-0.3952095118327307,-0.1800040584415586,FAIL,0.8103448275862069,0.9491525423728814,1.0,28,54
GSE32863,389,-0.00846560846560851,-0.3111394052570524,-0.013984706564211935,-0.07879901960784308,0.06279761904761916,-0.4185387612797373,-0.1964262820512821,FAIL,0.8103448275862069,0.9491525423728814,1.0,28,54
GSE32863,390,0.04193121693121693,-0.260742579860227,0.06926799970086188,-0.014377358490566039,0.09861635220125797,-0.35570054945054946,-0.15502450980392157,FAIL,0.8103448275862069,0.9491525423728814,1.0,28,54
GSE32863,391,0.07592592592592595,-0.22674787086551795,0.1254253369977752,0.005626598465473254,0.14017857142857149,-0.33144830659536545,-0.12067290552584675,FAIL,0.8103448275862069,0.9491525423728814,1.0,28,54
GSE32863,392,-0.015873015873015817,-0.3185468126644597,-0.02622132480789715,-0.11121212121212115,0.07642857142857146,-0.4428750171397231,-0.18929679359666574,FAIL,0.8103448275862069,0.9491525423728814,1.0,28,54
GSE32863,393,0.11018518518518516,-0.19248861160625874,0.18201969637482,0.05338923829489872,0.1683599419448476,-0.29180911680911686,-0.08370154151404158,FAIL,0.8103448275862069,0.9491525423728814,1.0,28,54
GSE32863,394,-0.01759259259259266,-0.32026638938403656,-0.029061968328752887,-0.09355158730158725,0.05789760348583878,-0.4289269553975436,-0.20128034662481592,FAIL,0.8103448275862069,0.9491525423728814,1.0,28,54
GSE32863,395,0.0054232804232803855,-0.2972505163681635,0.008958952642698161,-0.05055555555555552,0.06727272727272726,-0.39451089845826687,-0.1881422825540472,FAIL,0.8103448275862069,0.9491525423728814,1.0,28,54
GSE32863,396,-0.021428571428571408,-0.3241023682200153,-0.03539878849066124,-0.08303030303030295,0.03942307692307684,-0.424892623716153,-0.20888348610324192,FAIL,0.8103448275862069,0.9491525423728814,1.0,28,54
GSE32863,397,0.02420634920634923,-0.2784674475850947,0.039987520332043336,-0.05363636363636365,0.10179549604382232,-0.39393844345106227,-0.15957558036505406,FAIL,0.8103448275862069,0.9491525423728814,1.0,28,54
GSE32863,398,-0.027910052910052996,-0.3305838497014969,-0.046105829453886124,-0.09438596491228068,0.04083733699382297,-0.44257138532943197,-0.2161603102779573,FAIL,0.8103448275862069,0.9491525423728814,1.0,28,54
GSE32863,399,-0.004232804232804199,-0.3069066010242481,-0.006992353282105876,-0.06402597402597404,0.04746117084826773,-0.4056031509978879,-0.2032600021140531,FAIL,0.8103448275862069,0.9491525423728814,1.0,28,54
GSE32863,400,-0.042195767195767175,-0.3448695639872111,-0.06970502178099347,-0.11568627450980395,0.03363636363636374,-0.4567860300618922,-0.23094047619047614,FAIL,0.8103448275862069,0.9491525423728814,1.0,28,54
GSE32863,401,-0.04722222222222222,-0.3498960190136661,-0.0780084413034943,-0.11044973544973541,0.01826923076923087,-0.4494004329004331,-0.2379050925925927,FAIL,0.8103448275862069,0.9491525423728814,1.0,28,54
GSE32863,402,-0.025793650793650702,-0.3284674475850946,-0.04260965281283287,-0.08894736842105261,0.03282051282051279,-0.43165344299306563,-0.21977825926608882,FAIL,0.8103448275862069,0.9491525423728814,1.0,28,54
GSE32863,403,-0.007671957671957719,-0.3103457544634016,-0.012673640323817077,-0.08541364296081283,0.07287933094384719,-0.42183760683760685,-0.19618506493506488,FAIL,0.8103448275862069,0.9491525423728814,1.0,28,54
GSE32863,404,-0.021560846560846558,-0.32423464335229046,-0.03561729953072708,-0.0948484848484849,0.051785714285714324,-0.43787205168142074,-0.20749663072776278,FAIL,0.8103448275862069,0.9491525423728814,1.0,28,54
GSE32863,405,-0.04140211640211633,-0.34407591319356023,-0.06839395554059852,-0.1083116883116883,0.02588888888888896,-0.45105218855218854,-0.23495034377387314,FAIL,0.8103448275862069,0.9491525423728814,1.0,28,54
GSE32863,406,-0.03439153439153442,-0.3370653311829783,-0.05681287041711073,-0.08542024013722122,0.01741071428571428,-0.4323039215686274,-0.22888544251447465,FAIL,0.8103448275862069,0.9491525423728814,1.0,28,54
GSE32863,407,0.026587301587301604,-0.2760864952041423,0.043920719053227905,-0.04191374663072778,0.0922939068100358,-0.3840811965811966,-0.1640179843304842,FAIL,0.8103448275862069,0.9491525423728814,1.0,28,54
GSE32863,408,0.014417989417989385,-0.2882558073734545,0.023817703367173274,-0.04577352472089313,0.07621794871794868,-0.3906797385620914,-0.1851851851851851,FAIL,0.8103448275862069,0.9491525423728814,1.0,28,54
GSE32863,409,-0.04775132275132288,-0.3504251195427668,-0.07888248546375774,-0.1147098515519569,0.022818396226415072,-0.4588304093567252,-0.23370320855614973,FAIL,0.8103448275862069,0.9491525423728814,1.0,28,54
GSE32863,410,-0.0488095238095238,-0.3514833206009677,-0.08063057378428401,-0.10377358490566035,0.01055194805194798,-0.45022727272727275,-0.24397321428571428,FAIL,0.8103448275862069,0.9491525423728814,1.0,28,54
GSE32863,411,-0.06666666666666671,-0.3693404634581106,-0.11012956419316848,-0.14428152492668617,0.010308441558441572,-0.4857915005886609,-0.25258766968325796,FAIL,0.8103448275862069,0.9491525423728814,1.0,28,54
GSE32863,412,0.04986772486772495,-0.25280607192371896,0.08237866210481064,-0.03133696309739875,0.13345238095238082,-0.36999076903488665,-0.12920278944141328,FAIL,0.8103448275862069,0.9491525423728814,1.0,28,54
GSE32863,413,0.012037037037037068,-0.29063675975440684,0.019884504645988794,-0.04493361285814107,0.07264150943396225,-0.39043546630121573,-0.18217697335344407,FAIL,0.8103448275862069,0.9491525423728814,1.0,28,54
GSE32863,414,0.001984126984126977,-0.30068966980731693,0.0032776656009871437,-0.06959259259259248,0.07166666666666666,-0.40489601901366606,-0.1897638146167558,FAIL,0.8103448275862069,0.9491525423728814,1.0,28,54
GSE32863,415,-0.03849206349206352,-0.3411658602835074,-0.06358671265915086,-0.10937106918239003,0.029038461538461513,-0.4484090909090908,-0.22906477051213894,FAIL,0.8103448275862069,0.9491525423728814,1.0,28,54
GSE32863,416,-0.10052910052910058,-0.4032028973205445,-0.16606839045001595,-0.17113095238095238,-0.026212938005390762,-0.5118952080106354,-0.2860086667896,FAIL,0.8103448275862069,0.9491525423728814,1.0,28,54
GSE32863,417,0.013492063492063555,-0.28918173329938035,0.02228812608671276,-0.06259259259259259,0.09220085470085465,-0.4011841100076395,-0.17034374938786714,FAIL,0.8103448275862069,0.9491525423728814,1.0,28,54
GSE32863,418,-0.08095238095238094,-0.38362617774382485,-0.1337287565202759,-0.15347222222222218,-0.012400793650793607,-0.49337962962962967,-0.26941269841269844,FAIL,0.8103448275862069,0.9491525423728814,1.0,28,54
GSE32863,419,0.02645502645502651,-0.2762187703364174,0.04370220801316216,-0.05384615384615388,0.10936139332365741,-0.38963636363636356,-0.1519880952380952,FAIL,0.8103448275862069,0.9491525423728814,1.0,28,54
GSE32863,420,-0.09695767195767185,-0.39963146874911576,-0.1601685923682388,-0.17193877551020392,-0.024229691876750614,-0.5119518213268213,-0.283945012787724,FAIL,0.8103448275862069,0.9491525423728814,1.0,28,54
GSE32863,421,0.03134920634920629,-0.2713245904422376,0.05178711649559696,-0.042226255293405845,0.10260188087774308,-0.38578296703296705,-0.1583058608058608,FAIL,0.8103448275862069,0.9491525423728814,1.0,28,54
GSE32863,422,-0.011904761904761751,-0.31457855869620566,-0.019665993605922676,-0.0691997518610421,0.050000000000000044,-0.4109646962233168,-0.2055303030303029,FAIL,0.8103448275862069,0.9491525423728814,1.0,28,54
GSE32863,423,-0.01018518518518513,-0.31285898197662904,-0.016825350085067307,-0.08252314814814815,0.05454545454545462,-0.42301014957264965,-0.1997625786163521,FAIL,0.8103448275862069,0.9491525423728814,1.0,28,54
GSE32863,424,-0.01865079365079364,-0.32132459044223755,-0.03081005664927924,-0.07678571428571429,0.04719696969696974,-0.4225193107546049,-0.2129004020963225,FAIL,0.8103448275862069,0.9491525423728814,1.0,28,54
GSE32863,425,-0.03955026455026456,-0.34222406134170846,-0.06533480097967731,-0.10283018867924526,0.02133526850507983,-0.4447724867724869,-0.23537581699346405,FAIL,0.8103448275862069,0.9491525423728814,1.0,28,54
GSE32863,426,-0.025529100529100512,-0.3282028973205444,-0.04217263073270137,-0.0846013390139988,0.03509615384615378,-0.4322156862745098,-0.22175822262029163,FAIL,0.8103448275862069,0.9491525423728814,1.0,28,54
GSE32863,427,-0.00965608465608464,-0.31232988144752855,-0.015951305924804128,-0.08726851851851852,0.0630952380952381,-0.4279083942877045,-0.19875603864734304,FAIL,0.8103448275862069,0.9491525423728814,1.0,28,54
GSE32863,428,0.03280423280423278,-0.2698695639872111,0.054190737936320926,-0.024889310562934752,0.09241071428571429,-0.3675156739811913,-0.16271645021645026,FAIL,0.8103448275862069,0.9491525423728814,1.0,28,54
GSE32863,429,0.01957671957671947,-0.28309707721472444,0.03233963392973976,-0.044046844502277194,0.08209486166007907,-0.38292741993782986,-0.1770182595182596,FAIL,0.8103448275862069,0.9491525423728814,1.0,28,54
GSE32863,430,-0.013095238095238104,-0.315769034886682,-0.02163259296651524,-0.07521885521885519,0.0498427672955975,-0.4202064479638008,-0.20768849206349202,FAIL,0.8103448275862069,0.9491525423728814,1.0,28,54
GSE32863,431,0.021428571428571408,-0.2812452253628725,0.03539878849066124,-0.04817444219066935,0.08916666666666667,-0.3858194444444445,-0.17258522727272735,FAIL,0.8103448275862069,0.9491525423728814,1.0,28,54
GSE32863,432,-0.0137566137566138,-0.3164304105480577,-0.022725148166844348,-0.07670370370370372,0.04854497354497356,-0.4209106098579783,-0.2106501604473206,FAIL,0.8103448275862069,0.9491525423728814,1.0,28,54
GSE32863,433,-0.04986772486772484,-0.35254152165916874,-0.08237866210481046,-0.11722222222222223,0.018427672955974805,-0.4623513849984437,-0.2384630619924737,FAIL,0.8103448275862069,0.9491525423728814,1.0,28,54
GSE32863,434,-0.0038359788359787483,-0.30650977562742265,-0.006336820161908356,-0.0820483749055177,0.07727272727272727,-0.41820940691147634,-0.18273087206910726,FAIL,0.8103448275862069,0.9491525423728814,1.0,28,54
GSE32863,435,-0.0092592592592593,-0.3119330560507032,-0.015295772804606792,-0.08444444444444443,0.06496865203761748,-0.4223484848484849,-0.20144689188806847,FAIL,0.8103448275862069,0.9491525423728814,1.0,28,54
GSE32863,436,0.015343915343915382,-0.2873298814475285,0.025347280647634064,-0.055077658303464894,0.09068627450980377,-0.3986090953072085,-0.16968466107617058,FAIL,0.8103448275862069,0.9491525423728814,1.0,28,54
GSE32863,437,-0.02341269841269844,-0.32608649520414235,-0.03867645409164848,-0.08809869375907109,0.04298941798941808,-0.4321947415329767,-0.21383442265795213,FAIL,0.8103448275862069,0.9491525423728814,1.0,28,54
GSE32863,438,0.029629629629629617,-0.2730441671618143,0.048946472974741494,-0.031000000000000028,0.0905278592375367,-0.37285472668599595,-0.16580438401775802,FAIL,0.8103448275862069,0.9491525423728814,1.0,28,54
GSE32863,439,0.0544973544973546,-0.2481764422940893,0.09002654850711403,-0.01863636363636373,0.12607843137254904,-0.35713383838383833,-0.1347475532236908,FAIL,0.8103448275862069,0.9491525423728814,1.0,28,54
GSE32863,440,0.06746031746031755,-0.23521347933112635,0.11144063043356343,-0.0008928571428571397,0.1386274509803921,-0.3425921955403086,-0.12216435185185195,FAIL,0.8103448275862069,0.9491525423728814,1.0,28,54
GSE32863,441,0.10555555555555557,-0.19711824123588834,0.17437180997251667,0.02023809523809522,0.18688769414575868,-0.31637806637806637,-0.07862591431556948,FAIL,0.8103448275862069,0.9491525423728814,1.0,28,54
GSE32863,442,0.02566137566137555,-0.27701242113006835,0.042391141772767024,-0.05604395604395618,0.10625000000000001,-0.39461057947900063,-0.156704260651629,FAIL,0.8103448275862069,0.9491525423728814,1.0,28,54
GSE32863,443,0.02208994708994716,-0.28058384970149675,0.03649134369099044,-0.04818181818181816,0.09363636363636368,-0.3837899355546414,-0.16613636363636358,FAIL,0.8103448275862069,0.9491525423728814,1.0,28,54
GSE32863,444,-0.0038359788359788594,-0.30650977562742276,-0.006336820161908539,-0.07427609427609422,0.06194743130227004,-0.41301523297491044,-0.1977769779240367,FAIL,0.8103448275862069,0.9491525423728814,1.0,28,54
GSE32863,445,-0.02420634920634923,-0.32688014599779314,-0.039987520332043336,-0.10327380952380955,0.05089285714285713,-0.43484006734006747,-0.21010732323232323,FAIL,0.8103448275862069,0.9491525423728814,1.0,28,54
GSE32863,446,0.05251322751322762,-0.2501605692782163,0.08674888290612688,-0.024545454545454537,0.123,-0.3650098039215688,-0.14010673234811172,FAIL,0.8103448275862069,0.9491525423728814,1.0,28,54
GSE32863,447,-0.04788359788359786,-0.35055739467504177,-0.07910099650382331,-0.11953385127635963,0.03014705882352936,-0.46066468253968257,-0.2374177631578948,FAIL,0.8103448275862069,0.9491525423728814,1.0,28,54
GSE32863,448,0.020370370370370317,-0.2823034264210736,0.033650700170134704,-0.0402116402116402,0.08192848020434224,-0.3829523463957426,-0.17289300202839755,FAIL,0.8103448275862069,0.9491525423728814,1.0,28,54
GSE32863,449,0.021693121693121542,-0.28098067509832236,0.035835810570792645,-0.044711538461538414,0.08238498789346249,-0.38303571428571426,-0.17417155541461865,FAIL,0.8103448275862069,0.9491525423728814,1.0,28,54
GSE32863,450,0.013756613756613745,-0.28891718303483016,0.022725148166844258,-0.05690909090909102,0.08425925925925937,-0.39855520557029184,-0.1758576336517513,FAIL,0.8103448275862069,0.9491525423728814,1.0,28,54
GSE32863,451,-0.07050264550264551,-0.3731764422940894,-0.11646638435507693,-0.12609649122807015,-0.008333333333333304,-0.47397486772486763,-0.2620774371069181,FAIL,0.8103448275862069,0.9491525423728814,1.0,28,54
GSE32863,452,0.04100529100529099,-0.2616685057861529,0.06773842242040118,-0.027499999999999913,0.11130434782608695,-0.3669269200626959,-0.15100748194014454,FAIL,0.8103448275862069,0.9491525423728814,1.0,28,54
GSE32863,453,-0.014947089947089987,-0.3176208867385339,-0.024691747527436633,-0.07967532467532473,0.054113207547169806,-0.4202764632703589,-0.2067641936607454,FAIL,0.8103448275862069,0.9491525423728814,1.0,28,54
GSE32863,454,-0.017195767195767153,-0.31986956398721106,-0.028406435208555274,-0.09107142857142853,0.057456140350877205,-0.4247737556561086,-0.20672514619883042,FAIL,0.8103448275862069,0.9491525423728814,1.0,28,54
GSE32863,455,-0.014021164021164045,-0.31669496081260795,-0.023162170246975936,-0.09258241758241764,0.06826145552560647,-0.43198005698005704,-0.1955735294117647,FAIL,0.8103448275862069,0.9491525423728814,1.0,28,54
GSE32863,456,0.04312169312169317,-0.25955210366975073,0.07123459906145425,-0.023097643097643117,0.10433333333333333,-0.3620299145299144,-0.15215813598166533,FAIL,0.8103448275862069,0.9491525423728814,1.0,28,54
GSE32863,457,0.00806878306878317,-0.29460501372266074,0.013329173444014597,-0.05605285592497866,0.07374686716791995,-0.3971424774056352,-0.18538961038961044,FAIL,0.8103448275862069,0.9491525423728814,1.0,28,54
GSE32863,458,0.021164021164021163,-0.28150977562742274,0.03496176641052965,-0.04800000000000004,0.09375,-0.3898926000899685,-0.1676724137931035,FAIL,0.8103448275862069,0.9491525423728814,1.0,28,54
GSE32863,459,-0.012830687830687859,-0.31550448462213176,-0.02119557088638365,-0.08247978436657682,0.05350877192982467,-0.42369210977701527,-0.2050302904180539,FAIL,0.8103448275862069,0.9491525423728814,1.0,28,54
GSE32863,460,0.02777777777777779,-0.2748960190136661,0.04588731841382019,-0.03826970443349759,0.09337606837606832,-0.3785670184549903,-0.16159090909090928,FAIL,0.8103448275862069,0.9491525423728814,1.0,28,54
GSE32863,461,-0.04854497354497356,-0.35121877033641746,-0.08019355170415242,-0.10701754385964912,0.01234848484848472,-0.45479977375565617,-0.24014240443652213,FAIL,0.8103448275862069,0.9491525423728814,1.0,28,54
GSE32863,462,-0.032142857142857195,-0.3348166539343011,-0.053098182735992,-0.12156084656084659,0.05368373764600187,-0.452330743618202,-0.21307471264367805,FAIL,0.8103448275862069,0.9491525423728814,1.0,28,54
GSE32863,463,0.02235449735449735,-0.28031929943694656,0.03692836577112194,-0.034099616858237536,0.07909803921568614,-0.38237877373171475,-0.17108134920634913,FAIL,0.8103448275862069,0.9491525423728814,1.0,28,54
GSE32863,464,-0.027910052910052885,-0.3305838497014968,-0.046105829453885944,-0.11395575797007162,0.05763090676883775,-0.4494251336898395,-0.20525793650793664,FAIL,0.8103448275862069,0.9491525423728814,1.0,28,54
GSE32863,465,-0.03108465608465616,-0.33375845287610006,-0.05135009441546556,-0.10833333333333334,0.04642857142857143,-0.4452689075630253,-0.21740901571546714,FAIL,0.8103448275862069,0.9491525423728814,1.0,28,54
GSE32863,466,0.007804232804232758,-0.29486956398721115,0.012892151363882734,-0.06209273182957392,0.0739607843137256,-0.4039567147613763,-0.18745754877633442,FAIL,0.8103448275862069,0.9491525423728814,1.0,28,54
GSE32863,467,-0.04179894179894178,-0.3444727385903857,-0.06904948866079604,-0.10909090909090907,0.019061224489795858,-0.4526018099547512,-0.2348733464677737,FAIL,0.8103448275862069,0.9491525423728814,1.0,28,54
GSE32863,468,-0.02910052910052907,-0.331774325891973,-0.04807242881447823,-0.10469230769230764,0.04537037037037034,-0.4476110619686472,-0.2164581741787626,FAIL,0.8103448275862069,0.9491525423728814,1.0,28,54
GSE32863,469,0.0002645502645501896,-0.3024092465268937,0.0004370220801314969,-0.07495543672014265,0.07389601139601126,-0.4127272727272728,-0.1838858363858365,FAIL,0.8103448275862069,0.9491525423728814,1.0,28,54
GSE32863,470,0.007010582010581912,-0.295663214780862,0.011581085123487786,-0.06813186813186817,0.08237547892720298,-0.4081279497268436,-0.18046140678493605,FAIL,0.8103448275862069,0.9491525423728814,1.0,28,54
GSE32863,471,0.0580687830687831,-0.2446050137226608,0.09592634658889079,-0.01346153846153858,0.12351190476190482,-0.3520224171539961,-0.13126149425287353,FAIL,0.8103448275862069,0.9491525423728814,1.0,28,54
GSE32863,472,-0.04378306878306876,-0.34645686557451266,-0.07232715426178318,-0.11014588859416446,0.018518518518518434,-0.45236677115987467,-0.23519345238095238,FAIL,0.8103448275862069,0.9491525423728814,1.0,28,54
GSE32863,473,-0.013756613756613745,-0.31643041054805765,-0.022725148166844258,-0.08012820512820518,0.05444947209653095,-0.42395152505446604,-0.20646896896896905,FAIL,0.8103448275862069,0.9491525423728814,1.0,28,54
GSE32863,474,-0.034259259259259156,-0.33693305605070306,-0.05659435937704471,-0.10783744557329461,0.03828689370485039,-0.4488101604278075,-0.2234283625730994,FAIL,0.8103448275862069,0.9491525423728814,1.0,28,54
GSE32863,475,0.016402116402116418,-0.2862716803893275,0.027095368968160508,-0.05312500000000003,0.09532163742690059,-0.39409556878306884,-0.17069444444444454,FAIL,0.8103448275862069,0.9491525423728814,1.0,28,54
GSE32863,476,0.013756613756613745,-0.28891718303483016,0.022725148166844258,-0.05871305418719208,0.0817385444743936,-0.3973214285714287,-0.17671296296296296,FAIL,0.8103448275862069,0.9491525423728814,1.0,28,54
GSE32863,477,0.06243386243386234,-0.24023993435758156,0.10313721091106233,-0.002467532467532285,0.12999999999999995,-0.34343749999999995,-0.12867063492063494,FAIL,0.8103448275862069,0.9491525423728814,1.0,28,54
GSE32863,478,0.02658730158730155,-0.27608649520414236,0.043920719053227815,-0.04328571428571426,0.09448717948717944,-0.3826121794871793,-0.15994343891402713,FAIL,0.8103448275862069,0.9491525423728814,1.0,28,54
GSE32863,479,0.05304232804232806,-0.24963146874911585,0.08762292706638997,-0.00814102564102559,0.11879084967320258,-0.3465496156533893,-0.1381515382659549,FAIL,0.8103448275862069,0.9491525423728814,1.0,28,54
GSE32863,480,-0.02460317460317457,-0.3272769713946185,-0.040643053452240674,-0.0798539257455872,0.03570691434468526,-0.42713107575536413,-0.22034965034965037,FAIL,0.8103448275862069,0.9491525423728814,1.0,28,54
GSE32863,481,0.025529100529100512,-0.2771446962623434,0.04217263073270137,-0.05354406130268197,0.10412531017369725,-0.39156689016602814,-0.15845773000945415,FAIL,0.8103448275862069,0.9491525423728814,1.0,28,54
GSE32863,482,0.0447089947089947,-0.2579648020824492,0.07385673154224388,-0.015836526181353783,0.10592307692307695,-0.3593767343767343,-0.1482610588645072,FAIL,0.8103448275862069,0.9491525423728814,1.0,28,54
GSE32863,483,0.016534391534391457,-0.28613940525705245,0.027313880008226165,-0.0637019230769229,0.09750402576489536,-0.39999999999999997,-0.16856151894720153,FAIL,0.8103448275862069,0.9491525423728814,1.0,28,54
GSE32863,484,-0.04907407407407399,-0.3517478708655179,-0.0810675958644155,-0.12507763975155278,0.0262820512820513,-0.4637429971988795,-0.24211538461538462,FAIL,0.8103448275862069,0.9491525423728814,1.0,28,54
GSE32863,485,-0.03359788359788363,-0.33627168038932753,-0.05550180417671587,-0.09888190076869319,0.031465517241379304,-0.43900762527233117,-0.22823529411764706,FAIL,0.8103448275862069,0.9491525423728814,1.0,28,54
GSE32863,486,0.05052910052910048,-0.2521446962623434,0.08347121730513947,-0.020451127819548942,0.1275324675324675,-0.3595743853096794,-0.1330478896103896,FAIL,0.8103448275862069,0.9491525423728814,1.0,28,54
GSE32863,487,0.06587301587301586,-0.23680078091842804,0.10881849795277353,-0.00864849833147946,0.13404558404558403,-0.34611823361823363,-0.11999043426147885,FAIL,0.8103448275862069,0.9491525423728814,1.0,28,54
GSE32863,488,0.06640211640211652,-0.2362716803893274,0.10969254211303699,0.003913630229419707,0.13,-0.3403867497652181,-0.12979170613868893,FAIL,0.8103448275862069,0.9491525423728814,1.0,28,54
GSE32863,489,-0.04735449735449726,-0.35002829414594117,-0.07822695234355995,-0.10814116002795243,0.016363636363636413,-0.44996031746031756,-0.2381655538435199,FAIL,0.8103448275862069,0.9491525423728814,1.0,28,54
GSE32863,490,-0.09642857142857142,-0.3991023682200153,-0.15929454820797573,-0.16339285714285723,-0.030116959064327542,-0.5043215240641711,-0.28597374847374857,FAIL,0.8103448275862069,0.9491525423728814,1.0,28,54
GSE32863,491,0.03452380952380962,-0.2681499872676343,0.057031381457176664,-0.044736842105263075,0.11106050748210805,-0.38250754147812965,-0.15104561766833563,FAIL,0.8103448275862069,0.9491525423728814,1.0,28,54
GSE32863,492,-0.09947089947089938,-0.4021446962623433,-0.16432030212948923,-0.14988310929281123,-0.04540598290598291,-0.4990548128342244,-0.29555310055056516,FAIL,0.8103448275862069,0.9491525423728814,1.0,28,54
GSE32863,493,0.016798941798941813,-0.2858748549925021,0.027750902088357936,-0.05290043290043295,0.08318209316394432,-0.39615380560826485,-0.1753095238095238,FAIL,0.8103448275862069,0.9491525423728814,1.0,28,54
GSE32863,494,-0.028703703703703787,-0.3313775004951477,-0.04741689569428098,-0.11940559440559445,0.061481481481481415,-0.45048524460289185,-0.20919382904677014,FAIL,0.8103448275862069,0.9491525423728814,1.0,28,54
GSE32863,495,0.03558201058201049,-0.2670917862094334,0.058779469777702834,-0.05462962962962964,0.12524350649350646,-0.38847314011367845,-0.1381305513658455,FAIL,0.8103448275862069,0.9491525423728814,1.0,28,54
GSE32863,496,-0.04814814814814805,-0.35082194493959196,-0.0795380185839548,-0.1185893416927899,0.025136116152450094,-0.4577958683473388,-0.23179631062951503,FAIL,0.8103448275862069,0.9491525423728814,1.0,28,54
GSE32863,497,0.055687830687830675,-0.24698596610361323,0.09199314786770614,-0.010714285714285732,0.1218339307048984,-0.3516844266844267,-0.1349786324786325,FAIL,0.8103448275862069,0.9491525423728814,1.0,28,54
GSE32863,498,-0.007010582010581967,-0.3096843788020259,-0.011581085123487876,-0.08529000698812028,0.07062211981566824,-0.4235947712418299,-0.19206349206349205,FAIL,0.8103448275862069,0.9491525423728814,1.0,28,54
GSE32863,499,-0.07724867724867712,-0.379922474040121,-0.12761044739843302,-0.14559440559440556,-0.008653846153846234,-0.48714726450020573,-0.26558144796380095,FAIL,0.8103448275862069,0.9491525423728814,1.0,28,54
GSE32863,500,-0.025793650793650813,-0.3284674475850947,-0.04260965281283305,-0.0835185185185186,0.036724137931034406,-0.4274387254901962,-0.21956075740759423,FAIL,0.8103448275862069,0.9491525423728814,1.0,28,54
GSE32863,501,0.0674603174603175,-0.2352134793311264,0.11144063043356334,0.015503246753246824,0.12012987012987009,-0.33015109890109895,-0.13125059208033338,FAIL,0.8103448275862069,0.9491525423728814,1.0,28,54
GSE32863,502,0.018650793650793696,-0.2840230031406502,0.030810056649279334,-0.04679487179487174,0.080489417989418,-0.3884838432980847,-0.17209595959595955,FAIL,0.8103448275862069,0.9491525423728814,1.0,28,54
GSE32863,503,-0.0749999999999999,-0.3776737967914438,-0.1238957597173143,-0.14169230769230767,-0.015275862068965529,-0.4815210932857992,-0.27370483059124034,FAIL,0.8103448275862069,0.9491525423728814,1.0,28,54
GSE32863,504,0.00833333333333336,-0.29434046345811055,0.013766195524146095,-0.06824561403508772,0.08360714285714282,-0.4076962481962481,-0.17841295306001187,FAIL,0.8103448275862069,0.9491525423728814,1.0,28,54
GSE32863,505,0.0015873015873015817,-0.3010864952041423,0.002622132480789715,-0.06324999999999997,0.06611635220125794,-0.4042726996458962,-0.1900208333333332,FAIL,0.8103448275862069,0.9491525423728814,1.0,28,54
GSE32863,506,-0.05291005291005285,-0.35558384970149676,-0.08740441602632404,-0.11753285543608127,0.01602809706257985,-0.46127344877344884,-0.24232549857549862,FAIL,0.8103448275862069,0.9491525423728814,1.0,28,54
GSE32863,507,0.0661375661375661,-0.2365362306538778,0.10925552003290512,-0.010016025641025605,0.14523809523809533,-0.346695754716981,-0.11259740259740253,FAIL,0.8103448275862069,0.9491525423728814,1.0,28,54
GSE32863,508,-0.0018518518518519378,-0.30452564864329584,-0.003059154560921487,-0.06772727272727275,0.06263616557734208,-0.4086656746031746,-0.19267147435897433,FAIL,0.8103448275862069,0.9491525423728814,1.0,28,54
GSE32863,509,0.024603174603174738,-0.27807062218826917,0.040643053452240945,-0.040931372549019684,0.09004120879120875,-0.38092592592592595,-0.1671348964113947,FAIL,0.8103448275862069,0.9491525423728814,1.0,28,54
GSE32863,510,-0.04365079365079366,-0.34632459044223757,-0.07210864322171744,-0.1105896805896806,0.02526455026455038,-0.45034382284382285,-0.2371191749427044,FAIL,0.8103448275862069,0.9491525423728814,1.0,28,54
GSE32863,511,0.1390211640211641,-0.1636526327702798,0.2296551031091668,0.06902056277056284,0.20454545454545453,-0.2704883040935673,-0.051423160173160176,FAIL,0.8103448275862069,0.9491525423728814,1.0,28,54
GSE32863,512,-0.013624338624338816,-0.3162981354157827,-0.02250663712677878,-0.08999999999999991,0.0633333333333333,-0.42854881101376724,-0.1977799773755656,FAIL,0.8103448275862069,0.9491525423728814,1.0,28,54
GSE32863,513,-0.025000000000000022,-0.3276737967914439,-0.04129858657243819,-0.09563492063492057,0.04428571428571426,-0.43736635220125786,-0.21513347763347762,FAIL,0.8103448275862069,0.9491525423728814,1.0,28,54
GSE32863,514,-0.05833333333333329,-0.3610071301247772,-0.0963633686690223,-0.10587761674718199,-0.011285714285714177,-0.45436342592592593,-0.2603105407523511,FAIL,0.8103448275862069,0.9491525423728814,1.0,28,54
GSE32863,515,-0.071957671957672,-0.3746314687491159,-0.1188700057958009,-0.1485994397759105,0.009424414927261315,-0.4893998496432573,-0.2576908449056015,FAIL,0.8103448275862069,0.9491525423728814,1.0,28,54
GSE32863,516,0.10119047619047616,-0.20148332060096774,0.16716094565034487,0.03969696969696973,0.16402116402116412,-0.30394732226006876,-0.09374183006535944,FAIL,0.8103448275862069,0.9491525423728814,1.0,28,54
GSE32863,517,0.0858465608465609,-0.216827235944883,0.141813665002711,0.02031063321385912,0.15187969924812023,-0.3230339635854343,-0.10785842082828556,FAIL,0.8103448275862069,0.9491525423728814,1.0,28,54
GSE32863,518,-0.035582010582010604,-0.3382558073734545,-0.05877946977770302,-0.10904550499445059,0.037272727272727235,-0.4466951703494434,-0.22049436583919352,FAIL,0.8103448275862069,0.9491525423728814,1.0,28,54
GSE32863,519,-0.02433862433862438,-0.3270124211300683,-0.04020603137210917,-0.09376218323586738,0.04861635220125776,-0.4352671784737003,-0.2148230249218041,FAIL,0.8103448275862069,0.9491525423728814,1.0,28,54
GSE32863,520,-0.0002645502645502451,-0.30293834705599415,-0.00043702208013158856,-0.061893939393939446,0.06641509433962256,-0.40374021403433175,-0.18865737203972494,FAIL,0.8103448275862069,0.9491525423728814,1.0,28,54
GSE32863,521,0.02433862433862427,-0.27833517245281963,0.04020603137210899,-0.06181818181818188,0.11024535809018554,-0.3976361214751308,-0.15423202614379092,FAIL,0.8103448275862069,0.9491525423728814,1.0,28,54
GSE32863,522,-0.01944444444444443,-0.32211824123588834,-0.0321211228896741,-0.09060520760028146,0.04708333333333331,-0.4312539682539682,-0.21135181867940492,FAIL,0.8103448275862069,0.9491525423728814,1.0,28,54
GSE32863,523,0.12354497354497357,-0.17912882324647034,0.2040893114214669,0.052402597402597395,0.1876923076923076,-0.2921732202982203,-0.06794047619047613,FAIL,0.8103448275862069,0.9491525423728814,1.0,28,54
GSE32863,524,-0.017195767195767098,-0.319869563987211,-0.028406435208555184,-0.08937621832358678,0.049643493761140745,-0.42612179487179486,-0.2062908669486011,FAIL,0.8103448275862069,0.9491525423728814,1.0,28,54
GSE32863,525,0.028439153439153375,-0.27423464335229053,0.04697987361414912,-0.03637566137566145,0.0948484848484848,-0.3799603174603174,-0.16231481481481483,FAIL,0.8103448275862069,0.9491525423728814,1.0,28,54
GSE32863,526,-0.025264550264550267,-0.3279383470559942,-0.04173560865256978,-0.10555555555555551,0.057239057239057145,-0.4417584670231729,-0.20421939456955435,FAIL,0.8103448275862069,0.9491525423728814,1.0,28,54
GSE32863,527,-0.014417989417989385,-0.3170917862094333,-0.023817703367173274,-0.06898148148148153,0.04474025974025975,-0.4120003770739066,-0.20909632034632042,FAIL,0.8103448275862069,0.9491525423728814,1.0,28,54
GSE32863,528,0.03690476190476194,-0.26576903488668197,0.06096458017836114,-0.027597402597402565,0.10020979020979026,-0.36691285403050095,-0.15278379772961814,FAIL,0.8103448275862069,0.9491525423728814,1.0,28,54
GSE32863,529,0.041666666666666685,-0.2610071301247772,0.06883097762073029,-0.024298469387755206,0.1082264957264959,-0.36587750484809295,-0.1494329237071172,FAIL,0.8103448275862069,0.9491525423728814,1.0,28,54
GSE32863,530,0.07010582010582012,-0.2325679766856238,0.1158108512348795,-0.008843159065628436,0.15356902356902347,-0.348276587716243,-0.1109154164370591,FAIL,0.8103448275862069,0.9491525423728814,1.0,28,54
GSE32863,531,0.011243386243386222,-0.2914304105480577,0.018573438405593844,-0.0580862533692722,0.0803571428571429,-0.3967592592592593,-0.17870244872142402,FAIL,0.8103448275862069,0.9491525423728814,1.0,28,54
GSE32863,532,0.01375661375661369,-0.2889171830348302,0.022725148166844164,-0.047722836694859994,0.07547021943573662,-0.3944185631812407,-0.17722370400915982,FAIL,0.8103448275862069,0.9491525423728814,1.0,28,54
GSE32863,533,0.03267195767195774,-0.27000183911948616,0.05397222689625527,-0.038923076923076894,0.1037335722819594,-0.3781504561746498,-0.1533186705767351,FAIL,0.8103448275862069,0.9491525423728814,1.0,28,54
GSE32863,534,-0.03412698412698406,-0.33680078091842797,-0.05637584833697896,-0.12614555256064686,0.05127272727272725,-0.4588931403282316,-0.21205206220419193,FAIL,0.8103448275862069,0.9491525423728814,1.0,28,54
GSE32863,535,-0.007010582010581967,-0.3096843788020259,-0.011581085123487876,-0.07174329501915722,0.06294729993493825,-0.41330128205128197,-0.19523072562358273,FAIL,0.8103448275862069,0.9491525423728814,1.0,28,54
GSE32863,536,-0.022619047619047594,-0.3252928444104915,-0.037365387851253526,-0.09150132275132272,0.041948051948051956,-0.42985215857024955,-0.208913675754283,FAIL,0.8103448275862069,0.9491525423728814,1.0,28,54
GSE32863,537,-0.050396825396825384,-0.3530706221882693,-0.08325270626507372,-0.1277073732718894,0.03601965601965601,-0.46339406207827266,-0.22973246287762406,FAIL,0.8103448275862069,0.9491525423728814,1.0,28,54
GSE32863,538,0.07513227513227527,-0.22754152165916863,0.1241142707573805,-0.002860411899313464,0.14537037037037037,-0.338415343915344,-0.1087623018556082,FAIL,0.8103448275862069,0.9491525423728814,1.0,28,54
GSE32863,539,0.0634920634920636,-0.2391817332993803,0.10488529923158914,0.008791208791208815,0.11221674876847282,-0.33641269841269844,-0.13733969883163433,FAIL,0.8103448275862069,0.9491525423728814,1.0,28,54
GSE32863,540,-0.02433862433862438,-0.3270124211300683,-0.04020603137210917,-0.09016290726817039,0.04274509803921572,-0.43133838383838374,-0.2148789241742765,FAIL,0.8103448275862069,0.9491525423728814,1.0,28,54
GSE32863,541,-0.037169312169312185,-0.3398431089607561,-0.061401602258492734,-0.10428571428571431,0.03420684835779181,-0.4396742664851785,-0.22191697191697202,FAIL,0.8103448275862069,0.9491525423728814,1.0,28,54
GSE32863,542,0.10978835978835971,-0.1928854370030842,0.18136416325462246,0.03713207547169817,0.1838527851458886,-0.3009848177453169,-0.07509803921568625,FAIL,0.8103448275862069,0.9491525423728814,1.0,28,54
GSE32863,543,-0.07248677248677254,-0.37516056927821645,-0.11974404995606416,-0.14876923076923082,0.005108556832694677,-0.48613320707070723,-0.25712301587301584,FAIL,0.8103448275862069,0.9491525423728814,1.0,28,54
GSE32863,544,-0.03492063492063491,-0.3375944317120788,-0.05768691457737391,-0.1072727272727273,0.030503144654088044,-0.4471376500857633,-0.22892992424242437,FAIL,0.8103448275862069,0.9491525423728814,1.0,28,54
GSE32863,545,-0.0047619047619048005,-0.3074357015533487,-0.007866397442369236,-0.07181818181818184,0.07129629629629625,-0.4101200341912417,-0.19216374269005848,FAIL,0.8103448275862069,0.9491525423728814,1.0,28,54
GSE32863,546,0.07896825396825397,-0.22370554282318994,0.13045109091928878,0.0009746588693956282,0.15328554360812424,-0.3362106918238994,-0.10895487614237609,FAIL,0.8103448275862069,0.9491525423728814,1.0,28,54
GSE32863,547,0.06283068783068779,-0.2398431089607561,0.10379274403125985,-0.010632183908045989,0.13664638269100732,-0.35385655588495346,-0.12168876262626258,FAIL,0.8103448275862069,0.9491525423728814,1.0,28,54
GSE32863,548,0.03664021164021164,-0.26603358515123227,0.06052755809822946,-0.022446949602122013,0.09029787234042552,-0.36706976059654634,-0.15437091503267977,FAIL,0.8103448275862069,0.9491525423728814,1.0,28,54
GSE32863,549,-0.017195767195767264,-0.31986956398721117,-0.02840643520855546,-0.08975276512687047,0.05603715170278639,-0.42857782898105473,-0.20257519603038487,FAIL,0.8103448275862069,0.9491525423728814,1.0,28,54
GSE32863,550,0.025661375661375663,-0.27701242113006824,0.04239114177276721,-0.03959131545338446,0.093051948051948,-0.3787767425810904,-0.16270833333333334,FAIL,0.8103448275862069,0.9491525423728814,1.0,28,54
GSE32863,551,-0.0224867724867725,-0.3251605692782164,-0.03714687681118778,-0.08878406708595377,0.044234800838574506,-0.4266137793024585,-0.21484010270774978,FAIL,0.8103448275862069,0.9491525423728814,1.0,28,54
GSE32863,552,-0.006613756613756627,-0.30928755340520053,-0.01092555200329054,-0.08061840120663655,0.06575757575757574,-0.41980324074074077,-0.19383986928104577,FAIL,0.8103448275862069,0.9491525423728814,1.0,28,54
GSE32863,553,-0.061507936507936456,-0.36418173329938036,-0.10160763363060173,-0.12303030303030299,9.404388714728817e-05,-0.4670625610948192,-0.2555753968253968,FAIL,0.8103448275862069,0.9491525423728814,1.0,28,54
GSE32863,554,0.027513227513227434,-0.27516056927821647,0.04545029633368842,-0.03876623376623384,0.09586056644880181,-0.3758928571428572,-0.15970695970695964,FAIL,0.8103448275862069,0.9491525423728814,1.0,28,54
GSE32863,555,0.008994708994709055,-0.29367908779673485,0.014858750724475204,-0.06044973544973553,0.07962962962962966,-0.40174206349206354,-0.17398626117113514,FAIL,0.8103448275862069,0.9491525423728814,1.0,28,54
GSE32863,556,-0.0035714285714285587,-0.30624522536287246,-0.005899798081776858,-0.08138736263736257,0.0704907161803714,-0.418052318052318,-0.19378746253746248,FAIL,0.8103448275862069,0.9491525423728814,1.0,28,54
GSE32863,557,-0.011243386243386277,-0.3139171830348302,-0.018573438405593935,-0.07314814814814818,0.057142857142857106,-0.4176777759445637,-0.20457777122964751,FAIL,0.8103448275862069,0.9491525423728814,1.0,28,54
GSE32863,558,0.041269841269841345,-0.26140395552160256,0.06817544450053295,-0.04004629629629636,0.12350574712643675,-0.3800728927934811,-0.1464529914529915,FAIL,0.8103448275862069,0.9491525423728814,1.0,28,54
GSE32863,559,0.016666666666666607,-0.2860071301247773,0.027532391048292006,-0.049638802889576894,0.0816470588235294,-0.38775252525252535,-0.1763504795857737,FAIL,0.8103448275862069,0.9491525423728814,1.0,28,54
GSE32863,560,0.0320105820105821,-0.2706632147808618,0.05287967169592625,-0.029099462365591355,0.0940476190476191,-0.37336754643206266,-0.16234788359788366,FAIL,0.8103448275862069,0.9491525423728814,1.0,28,54
GSE32863,561,-0.06494708994708986,-0.36762088673853377,-0.10728892067231274,-0.12511494252873562,-0.00035612535612539187,-0.4721898642154809,-0.258075258075258,FAIL,0.8103448275862069,0.9491525423728814,1.0,28,54
GSE32863,562,-0.024206349206349287,-0.3268801459977932,-0.039987520332043426,-0.09615384615384615,0.05240740740740735,-0.43513655462184886,-0.2085602108768035,FAIL,0.8103448275862069,0.9491525423728814,1.0,28,54
GSE32863,563,-0.0224867724867725,-0.3251605692782164,-0.03714687681118778,-0.09747169811320744,0.050909090909090904,-0.43841522887027884,-0.20810708898944186,FAIL,0.8103448275862069,0.9491525423728814,1.0,28,54
GSE32863,564,-0.03518518518518515,-0.33785898197662906,-0.058123936657505496,-0.11136363636363633,0.04122807017543856,-0.4489360754985755,-0.22462797619047617,FAIL,0.8103448275862069,0.9491525423728814,1.0,28,54
GSE32863,565,0.03968253968253965,-0.26299125710890425,0.06555331201974306,-0.02167207792207787,0.09935897435897417,-0.36527759740259746,-0.15495268620268626,FAIL,0.8103448275862069,0.9491525423728814,1.0,28,54
GSE32863,566,0.001719576719576732,-0.3009542200718672,0.0028406435208555548,-0.06304713804713807,0.07194694694694709,-0.4080575980392156,-0.19116264756331353,FAIL,0.8103448275862069,0.9491525423728814,1.0,28,54
GSE32863,567,0.03068783068783071,-0.2719859661036132,0.05069456129526803,-0.0333750000000001,0.09121462264150954,-0.3766347978397314,-0.15916794674859186,FAIL,0.8103448275862069,0.9491525423728814,1.0,28,54
GSE32863,568,-0.018783068783068735,-0.32145686557451264,-0.03102856768934499,-0.07142064372918971,0.033579545454545445,-0.41853072558907917,-0.21982620320855611,FAIL,0.8103448275862069,0.9491525423728814,1.0,28,54
GSE32863,569,-0.01746031746031751,-0.3201341142517614,-0.028843457288687046,-0.09420949902407288,0.06386904761904766,-0.42955260148656377,-0.1998304473304472,FAIL,0.8103448275862069,0.9491525423728814,1.0,28,54
GSE32863,570,0.03624338624338613,-0.26643041054805777,0.05987202497803185,-0.033086253369272345,0.10517241379310349,-0.37230489417989415,-0.15825534759358295,FAIL,0.8103448275862069,0.9491525423728814,1.0,28,54
GSE32863,571,0.02103174603174618,-0.2816420507596977,0.03474325537046409,-0.04144562334217505,0.08363881401617251,-0.3844838274932613,-0.17218137254901972,FAIL,0.8103448275862069,0.9491525423728814,1.0,28,54
GSE32863,572,-0.05277777777777787,-0.3554515745692218,-0.08718590498625847,-0.12789725209080055,0.01869588744588757,-0.46516018907563034,-0.24141414141414136,FAIL,0.8103448275862069,0.9491525423728814,1.0,28,54
GSE32863,573,-0.0943121693121694,-0.3969859661036133,-0.15579837156692292,-0.16896551724137926,-0.022121212121212153,-0.5073477044776856,-0.28380492715170136,FAIL,0.8103448275862069,0.9491525423728814,1.0,28,54
GSE32863,574,0.010978835978835866,-0.29169496081260804,0.018136416325462073,-0.05714285714285716,0.0815710872162485,-0.39946078431372556,-0.17848956824108952,FAIL,0.8103448275862069,0.9491525423728814,1.0,28,54
GSE32863,575,-0.05648148148148158,-0.3591552782729255,-0.09330421410810118,-0.13839285714285715,0.02228607918263087,-0.47132936507936507,-0.2352972837347837,FAIL,0.8103448275862069,0.9491525423728814,1.0,28,54
GSE32863,576,0.023280423280423346,-0.27939337351102056,0.038457943051582726,-0.036173740053050296,0.08290909090909077,-0.3801601307189545,-0.17275723335045362,FAIL,0.8103448275862069,0.9491525423728814,1.0,28,54
GSE32863,577,-0.031084656084656048,-0.33375845287609995,-0.05135009441546537,-0.10897852960312288,0.04098893949251797,-0.4441271551724138,-0.2230295510940672,FAIL,0.8103448275862069,0.9491525423728814,1.0,28,54
GSE32863,578,-0.09140211640211637,-0.3940759131935603,-0.1509911286854749,-0.15537749287749286,-0.025123152709359664,-0.4986372831961068,-0.2837111928104576,FAIL,0.8103448275862069,0.9491525423728814,1.0,28,54
GSE32863,579,0.02738095238095245,-0.27529284441049146,0.04523178529362286,-0.04474074074074075,0.09809907834101383,-0.3774678063445057,-0.1638247863247863,FAIL,0.8103448275862069,0.9491525423728814,1.0,28,54
GSE32863,580,-0.10780423280423285,-0.41047802959567675,-0.1780864976536355,-0.16901960784313724,-0.05047892720306518,-0.5142209112994263,-0.30220502536679006,FAIL,0.8103448275862069,0.9491525423728814,1.0,28,54
GSE32863,581,0.06507936507936507,-0.23759443171207884,0.10750743171237867,-0.01579937304075235,0.13809523809523822,-0.3538139311668724,-0.1234426695616212,FAIL,0.8103448275862069,0.9491525423728814,1.0,28,54
GSE32863,582,-0.0013227513227513366,-0.30399654811419524,-0.002185110400658126,-0.06580882352941181,0.06264150943396235,-0.4075272331154684,-0.1949783549783548,FAIL,0.8103448275862069,0.9491525423728814,1.0,28,54
GSE32863,583,-0.032671957671957685,-0.3353457544634016,-0.05397222689625518,-0.10636363636363638,0.045014245014245,-0.44462144212523713,-0.2233355614973263,FAIL,0.8103448275862069,0.9491525423728814,1.0,28,54
GSE32863,584,-0.025264550264550212,-0.3279383470559941,-0.041735608652569686,-0.09251336898395723,0.04008004574042301,-0.4322694088319088,-0.2215443869855634,FAIL,0.8103448275862069,0.9491525423728814,1.0,28,54
GSE32863,585,-0.01759259259259255,-0.32026638938403645,-0.029061968328752703,-0.09556451612903227,0.06300395256916991,-0.4309671269941669,-0.20148809523809516,FAIL,0.8103448275862069,0.9491525423728814,1.0,28,54
GSE32863,586,0.0006613756613757515,-0.30201242113006815,0.0010925552003292008,-0.06190476190476191,0.06549707602339178,-0.4038267288267288,-0.19263392857142853,FAIL,0.8103448275862069,0.9491525423728814,1.0,28,54
GSE32863,587,-0.012433862433862353,-0.31510765922530626,-0.02054003776618604,-0.08592156862745098,0.05590277777777786,-0.42589285714285713,-0.2039168552036199,FAIL,0.8103448275862069,0.9491525423728814,1.0,28,54
GSE32863,588,0.01613756613756606,-0.28653623065387784,0.026658346888028737,-0.053333333333333455,0.08181522446324002,-0.39025757575757575,-0.16995370370370366,FAIL,0.8103448275862069,0.9491525423728814,1.0,28,54
GSE32863,589,-0.042592592592592626,-0.34526638938403653,-0.07036055490119099,-0.10200000000000004,0.021969696969697028,-0.4460609243697479,-0.23796296296296282,FAIL,0.8103448275862069,0.9491525423728814,1.0,28,54
GSE32863,590,-0.01759259259259266,-0.32026638938403656,-0.029061968328752887,-0.10133333333333339,0.06688664596273292,-0.4362233169129722,-0.20254875535119704,FAIL,0.8103448275862069,0.9491525423728814,1.0,28,54
GSE32863,591,-0.060317460317460325,-0.36299125710890423,-0.09964103427000953,-0.13406862745098036,0.014277180406212675,-0.4730701754385965,-0.24797732426303853,FAIL,0.8103448275862069,0.9491525423728814,1.0,28,54
GSE32863,592,0.010582010582010581,-0.2920917862094333,0.017480883205264825,-0.0678062678062678,0.08599999999999997,-0.40617265087853327,-0.1767405626780626,FAIL,0.8103448275862069,0.9491525423728814,1.0,28,54
GSE32863,593,-0.011772486772486823,-0.31444628356393073,-0.019447482565857203,-0.09420454545454549,0.07368972746331237,-0.4328240740740741,-0.1926900584795322,FAIL,0.8103448275862069,0.9491525423728814,1.0,28,54
GSE32863,594,0.0035714285714285587,-0.29910236822001535,0.005899798081776858,-0.0627680311890838,0.0759259259259259,-0.4021001796945193,-0.18099431818181816,FAIL,0.8103448275862069,0.9491525423728814,1.0,28,54
GSE32863,595,-0.060185185185185175,-0.3628589819766291,-0.09942252322994369,-0.12777777777777782,0.010218253968254098,-0.4683751684636119,-0.24812845312290388,FAIL,0.8103448275862069,0.9491525423728814,1.0,28,54
GSE32863,596,0.056746031746031655,-0.24592776504541225,0.09374123618823249,-0.01903846153846156,0.12392795883361929,-0.355560263653484,-0.13244047619047616,FAIL,0.8103448275862069,0.9491525423728814,1.0,28,54
GSE32863,597,0.053968253968254054,-0.24870554282318985,0.08915250434685076,-0.011538461538461497,0.11696428571428591,-0.3517094017094016,-0.14144654088050312,FAIL,0.8103448275862069,0.9491525423728814,1.0,28,54
GSE32863,598,-0.10687830687830674,-0.40955210366975064,-0.17655692037317453,-0.18584905660377354,-0.026631701631701588,-0.5221717091854663,-0.29492857142857154,FAIL,0.8103448275862069,0.9491525423728814,1.0,28,54
GSE32863,599,-0.003174603174603219,-0.3058483999660471,-0.005244264961579521,-0.06597402597402602,0.06068349753694591,-0.4097222222222222,-0.19217651683314843,FAIL,0.8103448275862069,0.9491525423728814,1.0,28,54
GSE32863,600,0.018915343915343885,-0.2837584528761,0.031247078729410828,-0.045951929158760285,0.08551612903225814,-0.38904786862334023,-0.17174999999999996,FAIL,0.8103448275862069,0.9491525423728814,1.0,28,54
GSE32863,601,-0.06746031746031744,-0.37013411425176135,-0.11144063043356324,-0.13519593613933228,0.00827359617682194,-0.47451923076923075,-0.25527155306567073,FAIL,0.8103448275862069,0.9491525423728814,1.0,28,54
GSE32863,602,0.01931216931216939,-0.2833616274792745,0.031902611849608443,-0.05865384615384617,0.09782608695652173,-0.39424705806284754,-0.16298529411764712,FAIL,0.8103448275862069,0.9491525423728814,1.0,28,54
GSE32863,603,0.0013227513227513366,-0.30135104546869257,0.002185110400658126,-0.08081761006289306,0.08199300699300693,-0.4188283775048479,-0.1818506828568748,FAIL,0.8103448275862069,0.9491525423728814,1.0,28,54
GSE32863,604,0.03611111111111115,-0.26656268568033276,0.059653513937966286,-0.0449404761904762,0.11409090909090902,-0.3808779761904762,-0.1488676470588236,FAIL,0.8103448275862069,0.9491525423728814,1.0,28,54
GSE32863,605,-0.053968253968254,-0.3566420507596979,-0.08915250434685067,-0.11426415094339626,0.005371352785145889,-0.45820954644484063,-0.24626436781609207,FAIL,0.8103448275862069,0.9491525423728814,1.0,28,54
GSE32863,606,0.010978835978836032,-0.2916949608126079,0.018136416325462347,-0.060096153846153744,0.07965034965034967,-0.3961195054945055,-0.17957706781236193,FAIL,0.8103448275862069,0.9491525423728814,1.0,28,54
GSE32863,607,0.07910052910052917,-0.22357326769091473,0.1306696019593547,0.0017482517482517168,0.15377990430622018,-0.3323882623224728,-0.11065820345232119,FAIL,0.8103448275862069,0.9491525423728814,1.0,28,54
GSE32863,608,0.012037037037037013,-0.2906367597544069,0.0198845046459887,-0.060488505747126387,0.07777777777777772,-0.40143652915711747,-0.17864583333333342,FAIL,0.8103448275862069,0.9491525423728814,1.0,28,54
GSE32863,609,0.03439153439153442,-0.2682822623999095,0.05681287041711073,-0.04163961038961028,0.10849999999999999,-0.3797289146911789,-0.1502890086852352,FAIL,0.8103448275862069,0.9491525423728814,1.0,28,54
GSE32863,610,0.010449735449735487,-0.2922240613417084,0.017262372165199078,-0.05676767676767669,0.07757575757575769,-0.3961315616393308,-0.17960075843202772,FAIL,0.8103448275862069,0.9491525423728814,1.0,28,54
GSE32863,611,0.025925925925925908,-0.276747870865518,0.042828163852898796,-0.032071428571428584,0.08529780564263328,-0.3759184443007972,-0.16811900939035673,FAIL,0.8103448275862069,0.9491525423728814,1.0,28,54
GSE32863,612,-0.04007936507936505,-0.34275316187080895,-0.06620884513994048,-0.1074074074074074,0.02761755485893419,-0.44922889610389616,-0.23013186406638125,FAIL,0.8103448275862069,0.9491525423728814,1.0,28,54
GSE32863,613,0.05092592592592593,-0.251747870865518,0.08412675042533699,-0.026000000000000023,0.13221153846153855,-0.3630279503105589,-0.12879979035639422,FAIL,0.8103448275862069,0.9491525423728814,1.0,28,54
GSE32863,614,-0.002248677248677333,-0.30492247404012124,-0.0037146876811189155,-0.07438423645320202,0.06776315789473686,-0.4160606060606061,-0.1938131313131313,FAIL,0.8103448275862069,0.9491525423728814,1.0,28,54
GSE32863,615,0.09973544973544984,-0.20293834705599406,0.1647573242096212,0.02999999999999997,0.16826923076923078,-0.30744047619047615,-0.09302777777777782,FAIL,0.8103448275862069,0.9491525423728814,1.0,28,54
GSE32863,616,0.04854497354497356,-0.25412882324647035,0.08019355170415242,-0.01576340326340331,0.1128978779840849,-0.35602900124069475,-0.14886904761904762,FAIL,0.8103448275862069,0.9491525423728814,1.0,28,54
GSE32863,617,0.029232804232804332,-0.2734409925586396,0.04829093985454425,-0.03569295101553155,0.09715099715099718,-0.3764251207729468,-0.1617604800540906,FAIL,0.8103448275862069,0.9491525423728814,1.0,28,54
GSE32863,618,-0.001058201058201036,-0.30373199784964494,-0.001748088320526446,-0.06600914808461966,0.0642183288409704,-0.4072341057635177,-0.19337218337218337,FAIL,0.8103448275862069,0.9491525423728814,1.0,28,54
GSE32863,619,-0.004232804232804366,-0.30690660102424827,-0.006992353282106151,-0.08842838196286473,0.07866666666666666,-0.4228102453102453,-0.18911995041122398,FAIL,0.8103448275862069,0.9491525423728814,1.0,28,54
GSE32863,620,-0.030158730158730107,-0.332832526950174,-0.049820517135004676,-0.09615384615384615,0.038146167557932265,-0.43788356251591537,-0.2191003168944346,FAIL,0.8103448275862069,0.9491525423728814,1.0,28,54
GSE32863,621,-0.030158730158730107,-0.332832526950174,-0.049820517135004676,-0.10055555555555562,0.04293706293706279,-0.44033199643493753,-0.21996274623209616,FAIL,0.8103448275862069,0.9491525423728814,1.0,28,54
GSE32863,622,-0.0010582010582010914,-0.303731997849645,-0.0017480883205265377,-0.07446949602122016,0.07520128824476652,-0.41460311587947546,-0.18958603896103887,FAIL,0.8103448275862069,0.9491525423728814,1.0,28,54
GSE32863,623,-0.0756613756613756,-0.3783351724528195,-0.12498831491764341,-0.14432142857142866,-0.011111111111111127,-0.4886439647309213,-0.267148292883587,FAIL,0.8103448275862069,0.9491525423728814,1.0,28,54
GSE32863,624,-0.018518518518518545,-0.32119231530996245,-0.030591545609213493,-0.08930817610062897,0.05217121588089335,-0.4292659072426626,-0.20353275401069518,FAIL,0.8103448275862069,0.9491525423728814,1.0,28,54
GSE32863,625,-0.0035714285714285587,-0.30624522536287246,-0.005899798081776858,-0.07993138936535166,0.07540431266846365,-0.4183710407239819,-0.18912613122171948,FAIL,0.8103448275862069,0.9491525423728814,1.0,28,54
GSE32863,626,-0.016931216931216908,-0.3196050137226608,-0.027969413128423687,-0.06995645863570388,0.03769841269841273,-0.4171271338724169,-0.21117889463477707,FAIL,0.8103448275862069,0.9491525423728814,1.0,28,54
GSE32863,627,-0.032407407407407385,-0.3350812041988513,-0.0535352048161235,-0.10326923076923067,0.039249011857707405,-0.44301716801716806,-0.22524725274725282,FAIL,0.8103448275862069,0.9491525423728814,1.0,28,54
GSE32863,628,0.05436507936507945,-0.24830871742636446,0.08980803746704819,-0.015408805031446593,0.12755555555555548,-0.35329710144927545,-0.12580290736984448,FAIL,0.8103448275862069,0.9491525423728814,1.0,28,54
GSE32863,629,-0.011507936507936467,-0.3141817332993804,-0.019010460485725432,-0.08244755244755242,0.059724238026124865,-0.42092138551628006,-0.20352564102564097,FAIL,0.8103448275862069,0.9491525423728814,1.0,28,54
GSE32863,630,0.03928571428571426,-0.26338808250572965,0.06489777889954562,-0.023806366047745442,0.102121212121212,-0.3635148656375072,-0.15392579445571336,FAIL,0.8103448275862069,0.9491525423728814,1.0,28,54
GSE32863,631,0.07923280423280421,-0.2234409925586397,0.13088811299942035,0.005705300988319839,0.15140350877192982,-0.33383853541416564,-0.10851851851851857,FAIL,0.8103448275862069,0.9491525423728814,1.0,28,54
GSE32863,632,0.04140211640211633,-0.2612716803893276,0.06839395554059852,-0.03485135989879812,0.11781818181818182,-0.3736378205128205,-0.14716386554621863,FAIL,0.8103448275862069,0.9491525423728814,1.0,28,54
GSE32863,633,0.017460317460317343,-0.28521347933112656,0.028843457288686772,-0.055208333333333304,0.08933962264150935,-0.3971212121212121,-0.17073553667980906,FAIL,0.8103448275862069,0.9491525423728814,1.0,28,54
GSE32863,634,0.056084656084656126,-0.24658914070678778,0.09264868098790366,-0.018934169278996826,0.1326650943396226,-0.3552947579612396,-0.12598572837543415,FAIL,0.8103448275862069,0.9491525423728814,1.0,28,54
GSE32863,635,-0.04999999999999999,-0.3526737967914439,-0.08259717314487629,-0.12637362637362642,0.025381263616557737,-0.46636745607333846,-0.23379148629148627,FAIL,0.8103448275862069,0.9491525423728814,1.0,28,54
GSE32863,636,0.012962962962962954,-0.28971083382848095,0.021414081926449398,-0.05766625615763554,0.081986531986532,-0.3988245577951461,-0.17958994708994697,FAIL,0.8103448275862069,0.9491525423728814,1.0,28,54
GSE32863,637,-0.027248677248677244,-0.32992247404012115,-0.045013274253556924,-0.09671445639187576,0.043122337188070625,-0.43739597390913176,-0.21245331465919703,FAIL,0.8103448275862069,0.9491525423728814,1.0,28,54
GSE32863,638,-0.04179894179894167,-0.3444727385903856,-0.06904948866079585,-0.12941176470588223,0.04545755968169751,-0.4670732255166217,-0.21858402014652017,FAIL,0.8103448275862069,0.9491525423728814,1.0,28,54
GSE32863,639,-0.0037037037037037646,-0.30637750049514767,-0.00611830912184279,-0.0699579831932774,0.0661103047895501,-0.4108974358974359,-0.19748677248677246,FAIL,0.8103448275862069,0.9491525423728814,1.0,28,54
GSE32863,640,0.0267195767195767,-0.2759542200718672,0.04413923009329365,-0.04659259259259252,0.09969696969696967,-0.3843297101449275,-0.15811069126781543,FAIL,0.8103448275862069,0.9491525423728814,1.0,28,54
GSE32863,641,0.01335978835978835,-0.28931400843165556,0.022069615046646826,-0.04025054466230943,0.06666666666666676,-0.38553665010318233,-0.1845459236326109,FAIL,0.8103448275862069,0.9491525423728814,1.0,28,54
GSE32863,642,0.0031746031746031633,-0.29949919361684074,0.00524426496157943,-0.06646378575776019,0.0706730769230769,-0.4092076023391813,-0.18756364249785318,FAIL,0.8103448275862069,0.9491525423728814,1.0,28,54
GSE32863,643,0.04444444444444451,-0.2582293523469994,0.07341970946211238,-0.03920595533498761,0.11759259259259253,-0.3734610695817592,-0.14269005847953237,FAIL,0.8103448275862069,0.9491525423728814,1.0,28,54
GSE32863,644,-0.04298941798941802,-0.3456632147808619,-0.07101608802138841,-0.10568181818181821,0.019856459330143572,-0.4455195686050291,-0.23784223366766052,FAIL,0.8103448275862069,0.9491525423728814,1.0,28,54
GSE32863,645,0.05555555555555558,-0.24711824123588833,0.09177463682764038,-0.022631987577639734,0.1286309523809525,-0.3636040360501568,-0.1319139194139194,FAIL,0.8103448275862069,0.9491525423728814,1.0,28,54
GSE32863,646,-0.007010582010581912,-0.3096843788020258,-0.011581085123487786,-0.06732142857142853,0.05030788177339918,-0.41338235294117653,-0.2014436188811189,FAIL,0.8103448275862069,0.9491525423728814,1.0,28,54
GSE32863,647,-0.06600529100529101,-0.3686790877967349,-0.10903700899283937,-0.1388814016172507,0.010016025641025605,-0.481455676676265,-0.24994043974128352,FAIL,0.8103448275862069,0.9491525423728814,1.0,28,54
GSE32863,648,-0.009920634920634941,-0.31259443171207885,-0.01638832800493581,-0.08247863247863235,0.06684952978056441,-0.4207173545408838,-0.1952580337690632,FAIL,0.8103448275862069,0.9491525423728814,1.0,28,54
GSE32863,649,0.000661375661375696,-0.3020124211300682,0.001092555200329109,-0.0669519420671496,0.06618518518518524,-0.40828772121875573,-0.19171580188679255,FAIL,0.8103448275862069,0.9491525423728814,1.0,28,54
GSE32863,650,0.045370370370370394,-0.2573034264210735,0.07494928674257299,-0.01619458128078821,0.10757575757575755,-0.3581228448275861,-0.1496380859284085,FAIL,0.8103448275862069,0.9491525423728814,1.0,28,54
GSE32863,651,0.000661375661375585,-0.3020124211300683,0.0010925552003289256,-0.06373626373626379,0.0667813267813267,-0.40509259259259256,-0.190300586510264,FAIL,0.8103448275862069,0.9491525423728814,1.0,28,54
GSE32863,652,0.05092592592592593,-0.251747870865518,0.08412675042533699,-0.03224598930481282,0.12647727272727277,-0.3668901821862349,-0.13510809778456845,FAIL,0.8103448275862069,0.9491525423728814,1.0,28,54
GSE32863,653,-0.0398148148148148,-0.3424886116062587,-0.06577182305980889,-0.10391849529780561,0.026767676767676774,-0.4493443539031775,-0.23391812865497075,FAIL,0.8103448275862069,0.9491525423728814,1.0,28,54
GSE32863,654,-0.0362433862433863,-0.3389171830348302,-0.05987202497803213,-0.10467836257309937,0.03614035087719297,-0.4450247079964061,-0.22625442560584078,FAIL,0.8103448275862069,0.9491525423728814,1.0,28,54
GSE32863,655,-0.0034391534391534084,-0.3061129502305973,-0.0056812870417110185,-0.07881773399014774,0.06979166666666664,-0.41811740890688254,-0.18958870562286112,FAIL,0.8103448275862069,0.9491525423728814,1.0,28,54
GSE32863,656,-0.015211640211640232,-0.31788543700308414,-0.025128769607568224,-0.09188679245283032,0.06569872958257716,-0.43590686274509804,-0.19236322501028386,FAIL,0.8103448275862069,0.9491525423728814,1.0,28,54
GSE32863,657,-0.04576719576719579,-0.3484409925586397,-0.07560481986277041,-0.10183413078149911,0.015370370370370368,-0.4484331896551724,-0.23883101851851846,FAIL,0.8103448275862069,0.9491525423728814,1.0,28,54
GSE32863,658,-0.015608465608465572,-0.3182822623999095,-0.025784302727765558,-0.09472396925227122,0.06610576923076927,-0.43540404040404046,-0.19818587662337678,FAIL,0.8103448275862069,0.9491525423728814,1.0,28,54
GSE32863,659,0.0630952380952381,-0.2395785586962058,0.10422976611139154,0.0032562385879488787,0.1205026455026455,-0.3361788048552755,-0.13699561403508786,FAIL,0.8103448275862069,0.9491525423728814,1.0,28,54
GSE32863,660,0.003174603174603219,-0.2994991936168407,0.005244264961579521,-0.05211640211640206,0.06282131661442009,-0.39825471097529935,-0.1901164874551971,FAIL,0.8103448275862069,0.9491525423728814,1.0,28,54
GSE32863,661,-0.03743386243386232,-0.3401076592253062,-0.06183862433862414,-0.09600179694519306,0.021555555555555606,-0.4420811229000885,-0.23364042207792218,FAIL,0.8103448275862069,0.9491525423728814,1.0,28,54
GSE32863,662,0.014550264550264536,-0.28812353224117937,0.024036214407239114,-0.05402097902097891,0.08682336182336181,-0.3931939223057644,-0.17474816849816835,FAIL,0.8103448275862069,0.9491525423728814,1.0,28,54
GSE32863,663,0.015211640211640232,-0.2874621565798037,0.025128769607568224,-0.050558213716108524,0.0827214452214452,-0.39266621743036834,-0.1767307692307692,FAIL,0.8103448275862069,0.9491525423728814,1.0,28,54
GSE32863,664,0.03664021164021164,-0.26603358515123227,0.06052755809822946,-0.028214285714285692,0.10223214285714283,-0.37177801120448184,-0.15650000000000008,FAIL,0.8103448275862069,0.9491525423728814,1.0,28,54
GSE32863,665,-0.01415343915343914,-0.31682723594488305,-0.023380681287041686,-0.08787061994609169,0.05871428571428566,-0.42707602339181283,-0.2039340448823207,FAIL,0.8103448275862069,0.9491525423728814,1.0,28,54
GSE32863,666,-0.02354497354497348,-0.3262187703364174,-0.038894965131714136,-0.09366096866096857,0.0494444444444444,-0.43441669937205646,-0.2098074737141234,FAIL,0.8103448275862069,0.9491525423728814,1.0,28,54
GSE32863,667,-0.011904761904761807,-0.3145785586962057,-0.01966599360592277,-0.07640316205533598,0.056266846361185896,-0.41810479003875234,-0.20136066547831255,FAIL,0.8103448275862069,0.9491525423728814,1.0,28,54
GSE32863,668,-0.026190476190476264,-0.32886427298192017,-0.04326518593303057,-0.0858517260894171,0.03789850357839947,-0.4291096056721058,-0.21868261455525614,FAIL,0.8103448275862069,0.9491525423728814,1.0,28,54
GSE32863,669,0.04087301587301584,-0.26180078091842807,0.06751991138033533,-0.029096638655462248,0.11031746031746026,-0.36925820507414436,-0.15070872754696296,FAIL,0.8103448275862069,0.9491525423728814,1.0,28,54
GSE32863,670,0.01970899470899473,-0.2829648020824492,0.03255814496980578,-0.048787878787878824,0.09126984126984128,-0.3896527777777778,-0.17362250178663852,FAIL,0.8103448275862069,0.9491525423728814,1.0,28,54
GSE32863,671,0.010846560846560827,-0.2918272359448831,0.017917905285396416,-0.06493055555555549,0.08553030303030307,-0.4027764965334333,-0.17630053908355808,FAIL,0.8103448275862069,0.9491525423728814,1.0,28,54
GSE32863,672,0.012169312169312219,-0.2905044846221317,0.02010301568605463,-0.06394129979035645,0.08571428571428569,-0.40104679802955673,-0.17790849673202613,FAIL,0.8103448275862069,0.9491525423728814,1.0,28,54
GSE32863,673,-0.02050264550264541,-0.3231764422940893,-0.03386921121020045,-0.08356481481481487,0.04385714285714298,-0.4268429487179487,-0.21291890420899856,FAIL,0.8103448275862069,0.9491525423728814,1.0,28,54
GSE32863,674,0.03187830687830684,-0.27079548991313707,0.052661160655860226,-0.03392592592592597,0.10034615384615392,-0.37548292902066494,-0.15811906005871532,FAIL,0.8103448275862069,0.9491525423728814,1.0,28,54
GSE32863,675,-0.010185185185185186,-0.3128589819766291,-0.016825350085067397,-0.078327922077922,0.06353046594982087,-0.4180172258297257,-0.20075235222294047,FAIL,0.8103448275862069,0.9491525423728814,1.0,28,54
GSE32863,676,0.0007936507936508463,-0.30188014599779306,0.001311066240394949,-0.060646900269541726,0.05962962962962959,-0.4041458818650829,-0.19937062937062933,FAIL,0.8103448275862069,0.9491525423728814,1.0,28,54
GSE32863,677,-0.04431216931216936,-0.34698596610361326,-0.07320119842204655,-0.10968013468013471,0.025137362637362548,-0.451611590038314,-0.23203345673933912,FAIL,0.8103448275862069,0.9491525423728814,1.0,28,54
GSE32863,678,0.09470899470899469,-0.20796480208244922,0.15645390468712017,0.022619047619047594,0.17262626262626257,-0.3156150793650794,-0.08993386243386248,FAIL,0.8103448275862069,0.9491525423728814,1.0,28,54
GSE32863,679,-0.033333333333333326,-0.33600713012477723,-0.05506478209658419,-0.09539124668435017,0.03472306755934268,-0.43933551198257065,-0.22649572649572652,FAIL,0.8103448275862069,0.9491525423728814,1.0,28,54
GSE32863,680,-0.0034391534391534084,-0.3061129502305973,-0.0056812870417110185,-0.07250000000000001,0.0694736842105263,-0.4134880996423726,-0.1898065476190475,FAIL,0.8103448275862069,0.9491525423728814,1.0,28,54
GSE32863,681,-0.0743386243386242,-0.3770124211300681,-0.12280320451698519,-0.13584415584415577,-0.012846632710809325,-0.4776658090337336,-0.2661992734361156,FAIL,0.8103448275862069,0.9491525423728814,1.0,28,54
GSE32863,682,0.042592592592592626,-0.2600812041988513,0.07036055490119099,-0.022939560439560414,0.1086363636363637,-0.3646772767462423,-0.1505242272347535,FAIL,0.8103448275862069,0.9491525423728814,1.0,28,54
GSE32863,683,0.0019841269841270326,-0.3006896698073169,0.003277665600987235,-0.06351851851851859,0.06616883116883121,-0.4057098007098006,-0.18546936274509818,FAIL,0.8103448275862069,0.9491525423728814,1.0,28,54
GSE32863,684,-0.031349206349206404,-0.3340230031406503,-0.05178711649559714,-0.11033653846153857,0.0454931972789116,-0.44793169793169796,-0.2135032451208921,FAIL,0.8103448275862069,0.9491525423728814,1.0,28,54
GSE32863,685,-0.0064814814814814214,-0.3091552782729253,-0.010707040963224607,-0.06595496894409936,0.05596153846153856,-0.4065502645502646,-0.19896715126978293,FAIL,0.8103448275862069,0.9491525423728814,1.0,28,54
GSE32863,686,-0.06283068783068779,-0.3655044846221317,-0.10379274403125985,-0.12708333333333333,0.0010480054090601376,-0.4693732193732193,-0.2585241147741149,FAIL,0.8103448275862069,0.9491525423728814,1.0,28,54
GSE32863,687,-0.014417989417989496,-0.3170917862094334,-0.023817703367173457,-0.07794312169312162,0.0499069478908189,-0.41735068072024595,-0.2077711640211641,FAIL,0.8103448275862069,0.9491525423728814,1.0,28,54
GSE32863,688,-0.0035714285714285587,-0.30624522536287246,-0.005899798081776858,-0.0656060606060605,0.06745337995337991,-0.4133738610325444,-0.18983437539472026,FAIL,0.8103448275862069,0.9491525423728814,1.0,28,54
GSE32863,689,-0.019312169312169336,-0.32198596610361324,-0.031902611849608346,-0.07527308838133079,0.0391304347826088,-0.4172775974025974,-0.2143067226890757,FAIL,0.8103448275862069,0.9491525423728814,1.0,28,54
GSE32863,690,0.032539682539682535,-0.27013411425176137,0.053753715856189335,-0.035235294117646976,0.09970238095238088,-0.3775266138473685,-0.1606010101010102,FAIL,0.8103448275862069,0.9491525423728814,1.0,28,54
GSE32863,691,-0.08108465608465604,-0.38375845287609994,-0.13394726756034167,-0.1618181818181818,-0.003450980392156966,-0.49744572158365263,-0.27188245025057173,FAIL,0.8103448275862069,0.9491525423728814,1.0,28,54
GSE32863,692,-0.0087301587301587,-0.3114039555216026,-0.014421728644343431,-0.05916965352449233,0.04193825042881655,-0.40619182016240835,-0.20637949511788528,FAIL,0.8103448275862069,0.9491525423728814,1.0,28,54
GSE32863,693,-0.008068783068783059,-0.31074257986022696,-0.013329173444014413,-0.07788461538461533,0.05727272727272725,-0.41704901960784313,-0.19675133689839563,FAIL,0.8103448275862069,0.9491525423728814,1.0,28,54
GSE32863,694,0.07976190476190481,-0.2229118920295391,0.13176215715968373,0.01103571428571437,0.15487179487179475,-0.33047693920335436,-0.10890151515151514,FAIL,0.8103448275862069,0.9491525423728814,1.0,28,54
GSE32863,695,0.07288359788359794,-0.22979019890784597,0.12039958307626158,-0.007909429280397007,0.15673076923076928,-0.34093254137649254,-0.1107348111658456,FAIL,0.8103448275862069,0.9491525423728814,1.0,28,54
GSE32863,696,0.020105820105820127,-0.2825679766856238,0.03321367809000321,-0.04773584905660383,0.08640109890109893,-0.3892959770114942,-0.1712037037037038,FAIL,0.8103448275862069,0.9491525423728814,1.0,28,54
GSE32863,697,-0.06177248677248687,-0.3644462835639308,-0.10204465571073358,-0.1262183235867445,0.0077044025157232965,-0.4687719298245615,-0.24858299595141703,FAIL,0.8103448275862069,0.9491525423728814,1.0,28,54
GSE32863,698,-0.03478835978835981,-0.3374621565798037,-0.05746840353730816,-0.10289562289562282,0.03866995073891638,-0.4446879863056334,-0.2249745624745626,FAIL,0.8103448275862069,0.9491525423728814,1.0,28,54
GSE32863,699,-0.007010582010582023,-0.30968437880202593,-0.011581085123487968,-0.07592256503327272,0.062037037037037,-0.4165225464190981,-0.19943272906646936,FAIL,0.8103448275862069,0.9491525423728814,1.0,28,54
GSE32863,700,0.004629629629629595,-0.2980441671618143,0.007647886402303304,-0.07195767195767194,0.07957342083675145,-0.40615079365079365,-0.1844191919191919,FAIL,0.8103448275862069,0.9491525423728814,1.0,28,54
GSE32863,701,0.01468253968253963,-0.2879912571089043,0.02425472544730486,-0.050358422939068115,0.07900000000000013,-0.3927777777777777,-0.1763452380952381,FAIL,0.8103448275862069,0.9491525423728814,1.0,28,54
GSE32863,702,-0.05555555555555558,-0.3582293523469995,-0.09177463682764038,-0.12243589743589745,0.01142857142857151,-0.46179590017825317,-0.25048798798798805,FAIL,0.8103448275862069,0.9491525423728814,1.0,28,54
GSE32863,703,-0.05158730158730157,-0.3542610983787455,-0.085219305625666,-0.12090909090909097,0.020370370370370317,-0.46072440087145977,-0.23524509803921567,FAIL,0.8103448275862069,0.9491525423728814,1.0,28,54
GSE32863,704,-0.028968253968253976,-0.3316420507596979,-0.04785391777441248,-0.09603174603174597,0.03861660079051393,-0.43813005390835585,-0.2182426948051947,FAIL,0.8103448275862069,0.9491525423728814,1.0,28,54
GSE32863,705,0.007671957671957663,-0.29500183911948624,0.012673640323816985,-0.06704545454545457,0.08050000000000013,-0.4012494210770072,-0.18324096880131358,FAIL,0.8103448275862069,0.9491525423728814,1.0,28,54
GSE32863,706,0.016402116402116473,-0.28627168038932743,0.027095368968160602,-0.052688172043010684,0.08275862068965523,-0.39607090643274856,-0.17572329631153163,FAIL,0.8103448275862069,0.9491525423728814,1.0,28,54
GSE32863,707,0.017724867724867588,-0.2849489290665763,0.02928047936881836,-0.05116110304789545,0.09031986531986541,-0.3926142669760873,-0.16825757575757572,FAIL,0.8103448275862069,0.9491525423728814,1.0,28,54
GSE32863,708,0.03015873015873005,-0.27251506663271385,0.04982051713500458,-0.05032206119162641,0.11232142857142863,-0.3879894179894181,-0.15677353896103896,FAIL,0.8103448275862069,0.9491525423728814,1.0,28,54
GSE32863,709,-0.031084656084656048,-0.33375845287609995,-0.05135009441546537,-0.09038461538461529,0.02428774928774924,-0.43377686409040467,-0.22644841269841276,FAIL,0.8103448275862069,0.9491525423728814,1.0,28,54
GSE32863,710,0.05370370370370381,-0.2489700930877401,0.08871548226671917,-0.017063492063492003,0.1240384615384616,-0.3536067178443703,-0.1364580712788261,FAIL,0.8103448275862069,0.9491525423728814,1.0,28,54
GSE32863,711,-0.07791005291005293,-0.38058384970149683,-0.12870300259876233,-0.14307400379506635,-0.010547504025764876,-0.48674599771297894,-0.26506755822793565,FAIL,0.8103448275862069,0.9491525423728814,1.0,28,54
GSE32863,712,0.06851851851851853,-0.23415527827292537,0.11318871875408978,-0.009119496855345854,0.15210526315789474,-0.3445772058823528,-0.11268648763853356,FAIL,0.8103448275862069,0.9491525423728814,1.0,28,54
GSE32863,713,-0.029365079365079316,-0.3320388761565232,-0.04850945089460981,-0.09646293152235424,0.033475783475783616,-0.4374520202020203,-0.22321095571095562,FAIL,0.8103448275862069,0.9491525423728814,1.0,28,54
GSE32863,714,-0.003968253968253954,-0.30664205075969786,-0.006555331201974287,-0.060477941176470595,0.05318181818181822,-0.40682813355227154,-0.20180415699727583,FAIL,0.8103448275862069,0.9491525423728814,1.0,28,54
GSE32863,715,-0.0078042328042328135,-0.3104780295956767,-0.012892151363882826,-0.06788124156545211,0.04917857142857146,-0.4119310351136101,-0.2055851619644724,FAIL,0.8103448275862069,0.9491525423728814,1.0,28,54
GSE32863,716,-0.06812169312169308,-0.370795489913137,-0.11253318563389227,-0.1371205906480722,0.0007246376811593236,-0.47722222222222216,-0.258459595959596,FAIL,0.8103448275862069,0.9491525423728814,1.0,28,54
GSE32863,717,-0.0275132275132276,-0.3301870243046715,-0.045450296333688696,-0.09816870144284134,0.04648148148148151,-0.4392420634920635,-0.21301481030635022,FAIL,0.8103448275862069,0.9491525423728814,1.0,28,54
GSE32863,718,0.00886243386243385,-0.29381136292901006,0.014640239684409272,-0.06901886792452822,0.08505291005291016,-0.4067929292929292,-0.17840099715099722,FAIL,0.8103448275862069,0.9491525423728814,1.0,28,54
GSE32863,719,-0.003835978835978804,-0.3065097756274227,-0.006336820161908447,-0.06926536731634186,0.06292207792207788,-0.40973959408324734,-0.19646296296296298,FAIL,0.8103448275862069,0.9491525423728814,1.0,28,54
GSE32863,720,-0.0579365079365079,-0.3606103047279518,-0.09570783554882487,-0.11397405660377358,-0.0002352941176471668,-0.4582837301587301,-0.25411535303776683,FAIL,0.8103448275862069,0.9491525423728814,1.0,28,54
GSE32863,721,-0.01455026455026448,-0.3172240613417084,-0.02403621440723902,-0.09677601809954739,0.06427267194157038,-0.4377810175794456,-0.19394612004394293,FAIL,0.8103448275862069,0.9491525423728814,1.0,28,54
GSE32863,722,0.07857142857142851,-0.2241023682200154,0.12979555779909124,-0.0019607843137255387,0.15684723067559336,-0.33926136363636367,-0.10335804132973953,FAIL,0.8103448275862069,0.9491525423728814,1.0,28,54
GSE32863,723,0.016534391534391513,-0.2861394052570524,0.02731388000822626,-0.05346041055718476,0.08701298701298704,-0.3943732193732193,-0.17011553197760104,FAIL,0.8103448275862069,0.9491525423728814,1.0,28,54
GSE32863,724,0.011111111111111183,-0.2915626856803327,0.018354927365528188,-0.05316678395496116,0.07698412698412704,-0.3960511982570806,-0.1802287581699346,FAIL,0.8103448275862069,0.9491525423728814,1.0,28,54
GSE32863,725,-0.021693121693121653,-0.32436691848456556,-0.03583581057079283,-0.08168880455407962,0.03776628119293968,-0.42252723311546836,-0.21861112391665125,FAIL,0.8103448275862069,0.9491525423728814,1.0,28,54
GSE32863,726,0.06626984126984126,-0.23640395552160265,0.10947403107297096,-0.0039215686274509665,0.13928571428571423,-0.34838279177718834,-0.12141913746630739,FAIL,0.8103448275862069,0.9491525423728814,1.0,28,54
GSE32863,727,0.029365079365079316,-0.2733087174263646,0.04850945089460981,-0.04818181818181816,0.096551724137931,-0.3809428316781257,-0.1585774138715316,FAIL,0.8103448275862069,0.9491525423728814,1.0,28,54
GSE32863,728,-0.006746031746031722,-0.3094198285374756,-0.011144063043356288,-0.06715686274509813,0.05358851674641152,-0.4082826257861635,-0.20535868429421655,FAIL,0.8103448275862069,0.9491525423728814,1.0,28,54
GSE32863,729,0.012962962962962898,-0.289710833828481,0.021414081926449308,-0.05879629629629629,0.08797979797979805,-0.3981325757575758,-0.1708728995019318,FAIL,0.8103448275862069,0.9491525423728814,1.0,28,54
GSE32863,730,-0.006746031746031722,-0.3094198285374756,-0.011144063043356288,-0.060284280936454826,0.05237475601821723,-0.4047449149280448,-0.20341361182154016,FAIL,0.8103448275862069,0.9491525423728814,1.0,28,54
GSE32863,731,-0.052513227513227456,-0.35518702430467136,-0.08674888290612662,-0.1109090909090909,0.010957910014513739,-0.4542929292929294,-0.24510220125786153,FAIL,0.8103448275862069,0.9491525423728814,1.0,28,54
GSE32863,732,-0.06772486772486769,-0.3703986645163116,-0.11187765251369483,-0.14425925925925925,0.006753246753246733,-0.48124480095068334,-0.2528693800752625,FAIL,0.8103448275862069,0.9491525423728814,1.0,28,54
GSE32863,733,-0.09589947089947087,-0.3985732676909148,-0.15842050404771246,-0.1568627450980392,-0.03454415954415957,-0.4990227087902611,-0.29057389937106914,FAIL,0.8103448275862069,0.9491525423728814,1.0,28,54
GSE32863,734,-0.10476190476190472,-0.40743570155334863,-0.17306074373212174,-0.16140819964349373,-0.051446540880503044,-0.5072106626694975,-0.3020721925133689,FAIL,0.8103448275862069,0.9491525423728814,1.0,28,54
GSE32863,735,-0.025793650793650813,-0.3284674475850947,-0.04260965281283305,-0.09217506631299732,0.04725985221674883,-0.4332727544991695,-0.21411973443223442,FAIL,0.8103448275862069,0.9491525423728814,1.0,28,54
GSE32863,736,-0.04748677248677252,-0.3501605692782164,-0.07844546338362597,-0.12128342245989304,0.022115384615384592,-0.45659885655141824,-0.24004627794514036,FAIL,0.8103448275862069,0.9491525423728814,1.0,28,54
GSE32863,737,0.013756613756613745,-0.28891718303483016,0.022725148166844258,-0.04439655172413798,0.07696428571428582,-0.3888668929110106,-0.180313216195569,FAIL,0.8103448275862069,0.9491525423728814,1.0,28,54
GSE32863,738,0.003968253968253954,-0.29870554282318995,0.006555331201974287,-0.07506493506493506,0.08397271952259167,-0.41008403361344536,-0.18246550609633772,FAIL,0.8103448275862069,0.9491525423728814,1.0,28,54
GSE32863,739,-0.02447089947089942,-0.3271446962623433,-0.04042454241217483,-0.0923863636363636,0.0368842364532021,-0.43112290008841725,-0.22021446078431373,FAIL,0.8103448275862069,0.9491525423728814,1.0,28,54
GSE32863,740,0.0030423280423280685,-0.29963146874911584,0.005025753921513681,-0.07493734335839597,0.07519493177387909,-0.4114692189054008,-0.1870231729055258,FAIL,0.8103448275862069,0.9491525423728814,1.0,28,54
GSE32863,741,0.04444444444444434,-0.25822935234699956,0.07341970946211211,-0.03375331564986733,0.12019230769230771,-0.36740445089501694,-0.13674648913619503,FAIL,0.8103448275862069,0.9491525423728814,1.0,28,54
GSE32863,742,-0.037698412698412676,-0.3403722094898566,-0.06227564641875591,-0.10590863952333657,0.032274081429990054,-0.4468571428571429,-0.22367438811188806,FAIL,0.8103448275862069,0.9491525423728814,1.0,28,54
GSE32863,743,0.07566137566137576,-0.22701242113006814,0.12498831491764369,-0.00022883295194503495,0.14889162561576347,-0.3352677121891031,-0.11366042780748659,FAIL,0.8103448275862069,0.9491525423728814,1.0,28,54
GSE32863,744,0.038095238095238015,-0.2645785586962059,0.06293117953895325,-0.038914027149321295,0.11120689655172417,-0.37339349718381987,-0.1465628597664603,FAIL,0.8103448275862069,0.9491525423728814,1.0,28,54
GSE32863,745,0.0025132275132274673,-0.30016056927821644,0.0041517097612503205,-0.06517857142857147,0.07390648567119146,-0.40576227500569617,-0.18543010752688163,FAIL,0.8103448275862069,0.9491525423728814,1.0,28,54
GSE32863,746,-0.10555555555555557,-0.4082293523469995,-0.17437180997251667,-0.18515151515151512,-0.029713804713804692,-0.5213892065307161,-0.29006026867868995,FAIL,0.8103448275862069,0.9491525423728814,1.0,28,54
GSE32863,747,0.008994708994709055,-0.29367908779673485,0.014858750724475204,-0.06069604086845465,0.07773109243697479,-0.40346561259340163,-0.18207482993197271,FAIL,0.8103448275862069,0.9491525423728814,1.0,28,54
GSE32863,748,-0.008597883597883604,-0.3112716803893275,-0.014203217604277682,-0.0760606060606061,0.05644268774703559,-0.41351461038961035,-0.20002289377289365,FAIL,0.8103448275862069,0.9491525423728814,1.0,28,54
GSE32863,749,0.0001322751322750948,-0.3025415216591688,0.00021851104006574844,-0.05530612244897953,0.05722222222222223,-0.4039915966386557,-0.19601608187134512,FAIL,0.8103448275862069,0.9491525423728814,1.0,28,54
GSE32863,750,-0.026984126984126888,-0.3296579237755708,-0.04457625217342515,-0.10133333333333322,0.04720279720279713,-0.4415622612681437,-0.2158680555555556,FAIL,0.8103448275862069,0.9491525423728814,1.0,28,54
GSE32863,751,-0.03412698412698412,-0.336800780918428,-0.056375848336979055,-0.09753571428571428,0.029044834307992262,-0.4414148351648352,-0.23118710691823896,FAIL,0.8103448275862069,0.9491525423728814,1.0,28,54
GSE32863,752,-0.07949735449735457,-0.38217115128879847,-0.13132513507955212,-0.1416422287390029,-0.01620370370370383,-0.48443821973233736,-0.27162014230979764,FAIL,0.8103448275862069,0.9491525423728814,1.0,28,54
GSE32863,753,0.010052910052909925,-0.292620886738534,0.016606839045001376,-0.05700483091787445,0.08051681706316643,-0.4011948529411765,-0.185231092436975,FAIL,0.8103448275862069,0.9491525423728814,1.0,28,54
GSE32863,754,-0.04179894179894178,-0.3444727385903857,-0.06904948866079604,-0.11047619047619056,0.02499999999999991,-0.453599617813227,-0.2344742063492065,FAIL,0.8103448275862069,0.9491525423728814,1.0,28,54
GSE32863,755,-0.10462962962962952,-0.4073034264210734,-0.17284223269205579,-0.175,-0.03162393162393157,-0.5169150326797385,-0.29139696712018137,FAIL,0.8103448275862069,0.9491525423728814,1.0,28,54
GSE32863,756,-0.016402116402116362,-0.31907591319356027,-0.027095368968160418,-0.0879716981132076,0.05162337662337657,-0.43276143790849675,-0.20677170868347336,FAIL,0.8103448275862069,0.9491525423728814,1.0,28,54
GSE32863,757,-0.032936507936507875,-0.3356103047279518,-0.05440924897638667,-0.10860849056603761,0.0441071428571429,-0.4481344645137748,-0.21698298777246147,FAIL,0.8103448275862069,0.9491525423728814,1.0,28,54
GSE32863,758,-0.0177248677248677,-0.3203986645163116,-0.029280479368818543,-0.08899999999999991,0.05399999999999994,-0.42808156916612805,-0.20862262737262732,FAIL,0.8103448275862069,0.9491525423728814,1.0,28,54
GSE32863,759,0.03783068783068777,-0.26484310896075614,0.062494157458821656,-0.018181818181818188,0.09193121693121692,-0.36046277252159603,-0.16081349206349208,FAIL,0.8103448275862069,0.9491525423728814,1.0,28,54
GSE32863,760,0.09682539682539687,-0.20584839996604704,0.15995008132817323,0.012121212121212144,0.1812499999999999,-0.3238391812865496,-0.08115079365079372,FAIL,0.8103448275862069,0.9491525423728814,1.0,28,54
GSE32863,761,0.0018518518518518823,-0.300821944939592,0.003059154560921395,-0.06371753246753253,0.06965034965034966,-0.4037847222222222,-0.18840797682709448,FAIL,0.8103448275862069,0.9491525423728814,1.0,28,54
GSE32863,762,0.006746031746031778,-0.29592776504541213,0.01114406304335638,-0.06538461538461549,0.08247978436657688,-0.4026451466418571,-0.18163674560733392,FAIL,0.8103448275862069,0.9491525423728814,1.0,28,54
GSE32863,763,-0.0007936507936507908,-0.3034674475850947,-0.0013110662403948575,-0.07248774509803935,0.07090909090909087,-0.41232987600634663,-0.1864182692307692,FAIL,0.8103448275862069,0.9491525423728814,1.0,28,54
GSE32863,764,0.03492063492063485,-0.26775316187080905,0.057686914577373814,-0.03715780998389695,0.1054511278195489,-0.3762309368191722,-0.15038314176245215,FAIL,0.8103448275862069,0.9491525423728814,1.0,28,54
GSE32863,765,-0.022089947089947104,-0.324763743881391,-0.03649134369099035,-0.09353099730458209,0.04907407407407405,-0.4327238447826683,-0.2126984126984126,FAIL,0.8103448275862069,0.9491525423728814,1.0,28,54
GSE32863,766,-0.017460317460317454,-0.32013411425176136,-0.028843457288686956,-0.08312937062937054,0.04485951468710081,-0.42444444444444446,-0.20841727716727712,FAIL,0.8103448275862069,0.9491525423728814,1.0,28,54
GSE32863,767,-0.05251322751322762,-0.35518702430467153,-0.08674888290612688,-0.1356363636363636,0.03192668371696489,-0.4711799719887956,-0.23066964285714286,FAIL,0.8103448275862069,0.9491525423728814,1.0,28,54
GSE32863,768,-0.07116402116402115,-0.37383781795546506,-0.11755893955540594,-0.13853046594982082,-0.00467532467532461,-0.476725986277873,-0.2606159635571401,FAIL,0.8103448275862069,0.9491525423728814,1.0,28,54
GSE32863,769,-0.030687830687830653,-0.33336162747927456,-0.05069456129526794,-0.10028011204481801,0.044230769230769185,-0.43707808794015685,-0.21943497124407219,FAIL,0.8103448275862069,0.9491525423728814,1.0,28,54
GSE32863,770,0.00423280423280431,-0.2984409925586396,0.006992353282106059,-0.0608391608391608,0.07020408163265301,-0.4023181165099269,-0.18535353535353544,FAIL,0.8103448275862069,0.9491525423728814,1.0,28,54
GSE32863,771,0.041402116402116385,-0.2612716803893275,0.06839395554059861,-0.02685185185185196,0.1078787878787878,-0.3665966386554622,-0.15072721396250807,FAIL,0.8103448275862069,0.9491525423728814,1.0,28,54
GSE32863,772,0.019444444444444375,-0.28322935234699953,0.032121122889674,-0.0545755968169761,0.09041509433962253,-0.39414488017429183,-0.1681858766233768,FAIL,0.8103448275862069,0.9491525423728814,1.0,28,54
GSE32863,773,0.03611111111111115,-0.26656268568033276,0.059653513937966286,-0.03246753246753248,0.10565476190476192,-0.3766203703703704,-0.15510057471264366,FAIL,0.8103448275862069,0.9491525423728814,1.0,28,54
GSE32863,774,0.0312169312169312,-0.2714568655745127,0.05156860545553121,-0.02894736842105261,0.09381868131868137,-0.36995129870129867,-0.15953514739229027,FAIL,0.8103448275862069,0.9491525423728814,1.0,28,54
GSE32863,775,-0.024338624338624326,-0.32701242113006823,-0.04020603137210908,-0.07499999999999984,0.028768472906403886,-0.42134552538964304,-0.22411191749427034,FAIL,0.8103448275862069,0.9491525423728814,1.0,28,54
GSE32863,776,0.09404761904761905,-0.20862617774382486,0.15536134948679114,0.02912801484230071,0.1584952978056426,-0.31275635767022164,-0.10100081699346403,FAIL,0.8103448275862069,0.9491525423728814,1.0,28,54
GSE32863,777,0.0177248677248677,-0.2849489290665762,0.029280479368818543,-0.04859943977591036,0.08617224880382784,-0.38755503144654074,-0.17856181917211317,FAIL,0.8103448275862069,0.9491525423728814,1.0,28,54
GSE32863,778,0.034391534391534306,-0.2682822623999096,0.05681287041711055,-0.033333333333333326,0.10136268343815508,-0.3757089512921156,-0.1548671310629515,FAIL,0.8103448275862069,0.9491525423728814,1.0,28,54
GSE32863,779,-0.046164021164021185,-0.3488378179554651,-0.07626035298296785,-0.11862745098039212,0.029100529100529127,-0.45926173499702905,-0.23250291375291388,FAIL,0.8103448275862069,0.9491525423728814,1.0,28,54
GSE32863,780,-0.011111111111111072,-0.313784907902555,-0.018354927365528004,-0.06881868131868141,0.04583333333333334,-0.4151291627762216,-0.21056704671577037,FAIL,0.8103448275862069,0.9491525423728814,1.0,28,54
GSE32863,781,-0.035978835978836055,-0.33865263277027996,-0.05943500289790054,-0.0968045112781954,0.025616835994194453,-0.4395779712949524,-0.23220029239766077,FAIL,0.8103448275862069,0.9491525423728814,1.0,28,54
GSE32863,782,-0.01812169312169315,-0.32079548991313706,-0.029936012489016065,-0.07797657774886135,0.04503676470588236,-0.4228485510432771,-0.21317959001782527,FAIL,0.8103448275862069,0.9491525423728814,1.0,28,54
GSE32863,783,-0.03505291005291017,-0.3377267068443541,-0.057905425617439936,-0.11779556650246298,0.05151020408163265,-0.4555389055389055,-0.20950452488687776,FAIL,0.8103448275862069,0.9491525423728814,1.0,28,54
GSE32863,784,-0.07116402116402115,-0.37383781795546506,-0.11755893955540594,-0.13928571428571423,-0.0006060606060605545,-0.48099787179975867,-0.2625695216907675,FAIL,0.8103448275862069,0.9491525423728814,1.0,28,54
GSE32863,785,0.021296296296296147,-0.28137750049514776,0.03518027745059522,-0.03596059113300493,0.08205128205128204,-0.38145299145299144,-0.1716517857142857,FAIL,0.8103448275862069,0.9491525423728814,1.0,28,54
GSE32863,786,0.02764550264550275,-0.27502829414594115,0.04566880737375453,-0.028175990675990636,0.08379772961816306,-0.37534425133689836,-0.16996187363834414,FAIL,0.8103448275862069,0.9491525423728814,1.0,28,54
GSE32863,787,-0.008730158730158644,-0.31140395552160255,-0.014421728644343339,-0.08461038961038964,0.0630604288499026,-0.42347694633408933,-0.19435185185185194,FAIL,0.8103448275862069,0.9491525423728814,1.0,28,54
GSE32863,788,-0.002116402116402072,-0.304790198907846,-0.003496176641052892,-0.06781481481481488,0.06582167832167823,-0.4152871148459385,-0.19148672321593216,FAIL,0.8103448275862069,0.9491525423728814,1.0,28,54
GSE32863,789,0.020767195767195767,-0.28190660102424814,0.03430623329033222,-0.04797008547008552,0.09226190476190488,-0.39006410256410246,-0.1679964133089133,FAIL,0.8103448275862069,0.9491525423728814,1.0,28,54
GSE32863,790,0.05198412698412702,-0.2506896698073169,0.08587483874586353,-0.018872549019607943,0.12814285714285722,-0.35473971821432976,-0.135839333314361,FAIL,0.8103448275862069,0.9491525423728814,1.0,28,54
GSE32863,791,0.0402116402116402,-0.2624621565798037,0.06642735618000632,-0.010595611285266315,0.08611111111111114,-0.3593947669977081,-0.16313893653516298,FAIL,0.8103448275862069,0.9491525423728814,1.0,28,54
GSE32863,792,0.02328042328042329,-0.2793933735110206,0.038457943051582635,-0.03818181818181826,0.08870370370370378,-0.38137201240649515,-0.17259358288770055,FAIL,0.8103448275862069,0.9491525423728814,1.0,28,54
GSE32863,793,-0.007804232804232869,-0.3104780295956768,-0.012892151363882918,-0.06545893719806761,0.0437889812889814,-0.40851641414141426,-0.2080605005159958,FAIL,0.8103448275862069,0.9491525423728814,1.0,28,54
GSE32863,794,0.01243386243386252,-0.2902399343575814,0.020540037766186313,-0.057017543859649134,0.07893416927899682,-0.3976209463051567,-0.1759715117931232,FAIL,0.8103448275862069,0.9491525423728814,1.0,28,54
GSE32863,795,0.020634920634920617,-0.2820388761565233,0.034087722250266385,-0.04150943396226403,0.08388888888888896,-0.38209401709401714,-0.1708333333333333,FAIL,0.8103448275862069,0.9491525423728814,1.0,28,54
GSE32863,796,0.030423280423280463,-0.27225051636816344,0.05025753921513645,-0.035851648351648446,0.09563492063492068,-0.3764583333333334,-0.16048135434545174,FAIL,0.8103448275862069,0.9491525423728814,1.0,28,54
GSE32863,797,-0.04814814814814811,-0.350821944939592,-0.0795380185839549,-0.11552419354838711,0.026719576719576643,-0.45852606951871655,-0.23311688311688314,FAIL,0.8103448275862069,0.9491525423728814,1.0,28,54
GSE32863,798,0.00978835978835979,-0.2928854370030841,0.01616981696486997,-0.063,0.08100961538461537,-0.40784037136867335,-0.18080160580160576,FAIL,0.8103448275862069,0.9491525423728814,1.0,28,54
GSE32863,799,-0.03611111111111104,-0.33878490790255494,-0.059653513937966106,-0.11176470588235293,0.036152882205513714,-0.44733354880413706,-0.2219949494949495,FAIL,0.8103448275862069,0.9491525423728814,1.0,28,54
GSE32863,800,-0.024206349206349287,-0.3268801459977932,-0.039987520332043426,-0.08834586466165417,0.038178733031674184,-0.4297117314358695,-0.21633167907361478,FAIL,0.8103448275862069,0.9491525423728814,1.0,28,54
GSE32863,801,-0.047619047619047616,-0.3502928444104915,-0.07866397442369172,-0.1276363636363636,0.02996865203761756,-0.46424540133779263,-0.230550604080016,FAIL,0.8103448275862069,0.9491525423728814,1.0,28,54
GSE32863,802,0.050925925925925986,-0.2517478708655179,0.08412675042533709,-0.019301994301994252,0.12047930283224406,-0.35895299145299137,-0.13901960784313727,FAIL,0.8103448275862069,0.9491525423728814,1.0,28,54
GSE32863,803,0.04589947089947094,-0.25677432589197297,0.07582333090283626,-0.028248587570621375,0.11711590296495944,-0.36285014005602245,-0.1357125603864734,FAIL,0.8103448275862069,0.9491525423728814,1.0,28,54
GSE32863,804,-0.004894179894179951,-0.30756797668562386,-0.008084908482435076,-0.07613916256157632,0.06774193548387086,-0.4184722222222223,-0.19486531986531985,FAIL,0.8103448275862069,0.9491525423728814,1.0,28,54
GSE32863,805,0.04272486772486772,-0.2599489290665762,0.07057906594125674,-0.029411764705882304,0.1159498207885305,-0.36915478312537137,-0.14531045751633984,FAIL,0.8103448275862069,0.9491525423728814,1.0,28,54
GSE32863,806,-0.013888888888888729,-0.31656268568033263,-0.02294365920690982,-0.07668269230769242,0.054561403508771866,-0.4230982905982907,-0.2033247218731089,FAIL,0.8103448275862069,0.9491525423728814,1.0,28,54
GSE32863,807,-0.015476190476190477,-0.3181499872676344,-0.02556579168769981,-0.08576802507836989,0.05532051282051281,-0.42424656364722974,-0.20582581350834028,FAIL,0.8103448275862069,0.9491525423728814,1.0,28,54
GSE32863,808,-0.04034391534391535,-0.34301771213535925,-0.06664586722007217,-0.11176100628930813,0.03474025974025985,-0.4548317516563484,-0.2265503607103218,FAIL,0.8103448275862069,0.9491525423728814,1.0,28,54
GSE32863,809,0.10621693121693132,-0.19645686557451258,0.1754643651728459,0.04166666666666663,0.1695754716981132,-0.29834402492668616,-0.08914682539682556,FAIL,0.8103448275862069,0.9491525423728814,1.0,28,54
GSE32863,810,-0.005952380952380987,-0.3086261777438249,-0.009832996802961522,-0.07149595687331539,0.06440886699507392,-0.4117491830065359,-0.19384032634032633,FAIL,0.8103448275862069,0.9491525423728814,1.0,28,54
GSE32863,811,0.02923280423280422,-0.2734409925586397,0.048290939854544065,-0.03923160173160173,0.0928461538461538,-0.3794586702605571,-0.16412037037037042,FAIL,0.8103448275862069,0.9491525423728814,1.0,28,54
GSE32863,812,0.0033068783068783136,-0.2993669184845656,0.00546277600164527,-0.06689814814814815,0.07156862745098047,-0.4067460317460318,-0.18596949891067543,FAIL,0.8103448275862069,0.9491525423728814,1.0,28,54
GSE32863,813,-0.03492063492063491,-0.3375944317120788,-0.05768691457737391,-0.09152492668621698,0.02178014766201808,-0.4330146705146705,-0.2274074074074074,FAIL,0.8103448275862069,0.9491525423728814,1.0,28,54
GSE32863,814,-0.05119047619047623,-0.35386427298192014,-0.08456377250546868,-0.11410714285714274,0.010892857142857149,-0.4566055268261151,-0.24922729618163048,FAIL,0.8103448275862069,0.9491525423728814,1.0,28,54
GSE32863,815,0.02870370370370373,-0.2739700930877402,0.04741689569428089,-0.0396491228070176,0.09484848484848485,-0.38201286261631096,-0.16118762509891538,FAIL,0.8103448275862069,0.9491525423728814,1.0,28,54
GSE32863,816,0.028835978835978826,-0.2738378179554651,0.04763540673434664,-0.03892679900744417,0.09146245059288544,-0.3783769063180828,-0.1661481481481481,FAIL,0.8103448275862069,0.9491525423728814,1.0,28,54
GSE32863,817,0.01626984126984138,-0.2864039555216025,0.02687685792809485,-0.05431034482758623,0.08303571428571427,-0.3949438454627134,-0.1733485060690943,FAIL,0.8103448275862069,0.9491525423728814,1.0,28,54
GSE32863,818,-0.026058201058201114,-0.328731997849645,-0.04304667489296473,-0.10002858776443668,0.04366666666666663,-0.4389786096256684,-0.2163779863002949,FAIL,0.8103448275862069,0.9491525423728814,1.0,28,54
GSE32863,819,0.018783068783068735,-0.28389072800837517,0.03102856768934499,-0.056761006289308136,0.09701754385964906,-0.3930244392484416,-0.1646488469601678,FAIL,0.8103448275862069,0.9491525423728814,1.0,28,54
GSE32863,820,-0.030026455026455012,-0.3327002518178989,-0.04960200609493892,-0.11275211450878331,0.05062893081761005,-0.451624649859944,-0.21058697838109613,FAIL,0.8103448275862069,0.9491525423728814,1.0,28,54
GSE32863,821,-0.045899470899470884,-0.3485732676909148,-0.07582333090283616,-0.11255545696539487,0.023018867924528397,-0.4525852130325815,-0.23840536214485786,FAIL,0.8103448275862069,0.9491525423728814,1.0,28,54
GSE32863,822,0.003835978835978804,-0.2988378179554651,0.006336820161908447,-0.0619727891156463,0.06764132553606239,-0.40362394957983205,-0.1886009067658685,FAIL,0.8103448275862069,0.9491525423728814,1.0,28,54
GSE32863,823,-0.051058201058201136,-0.35373199784964504,-0.08434526146540292,-0.11865079365079362,0.022000000000000075,-0.46157261162810553,-0.24119919897783676,FAIL,0.8103448275862069,0.9491525423728814,1.0,28,54
GSE32863,824,-0.05859788359788354,-0.36127168038932744,-0.09680039074915388,-0.11616402116402108,0.001021711366539002,-0.46099964985994407,-0.2513957496280476,FAIL,0.8103448275862069,0.9491525423728814,1.0,28,54
GSE32863,825,0.010449735449735431,-0.2922240613417085,0.017262372165198988,-0.06216931216931221,0.0827272727272727,-0.4023238317440996,-0.17596726190476183,FAIL,0.8103448275862069,0.9491525423728814,1.0,28,54
GSE32863,826,-0.038359788359788316,-0.3410335851512322,-0.06336820161908492,-0.10464709993011889,0.03161375661375665,-0.44923252129134494,-0.23043929110105585,FAIL,0.8103448275862069,0.9491525423728814,1.0,28,54
GSE32863,827,-0.023809523809523836,-0.32648332060096774,-0.03933198721184591,-0.08047138047138042,0.0306293706293706,-0.42496357808857804,-0.22178571428571425,FAIL,0.8103448275862069,0.9491525423728814,1.0,28,54
GSE32863,828,0.012698412698412709,-0.2899753840930312,0.02097705984631781,-0.046969696969696884,0.0723557692307692,-0.3923737373737374,-0.18566565515094924,FAIL,0.8103448275862069,0.9491525423728814,1.0,28,54
GSE32863,829,-0.026190476190476153,-0.32886427298192006,-0.04326518593303039,-0.09951871657754013,0.04993674889310573,-0.442695707070707,-0.21352040816326534,FAIL,0.8103448275862069,0.9491525423728814,1.0,28,54
GSE32863,830,0.016666666666666607,-0.2860071301247773,0.027532391048292006,-0.048842592592592604,0.0861111111111112,-0.39429144385026754,-0.1721965811965812,FAIL,0.8103448275862069,0.9491525423728814,1.0,28,54
GSE32863,831,-0.012301587301587313,-0.3149753840930312,-0.020321526726120382,-0.09201149425287358,0.06491228070175431,-0.42911198124849614,-0.19478088319375775,FAIL,0.8103448275862069,0.9491525423728814,1.0,28,54
GSE32863,832,0.026058201058201114,-0.2766155957332428,0.04304667489296473,-0.04056280027453674,0.0895628078817734,-0.37860997174368793,-0.16647938662644546,FAIL,0.8103448275862069,0.9491525423728814,1.0,28,54
GSE32863,833,0.03134920634920635,-0.27132459044223756,0.05178711649559705,-0.03342857142857153,0.09656829100892239,-0.3746196847507332,-0.16051515151515156,FAIL,0.8103448275862069,0.9491525423728814,1.0,28,54
GSE32863,834,0.01997354497354492,-0.282700251817899,0.032995167049937275,-0.04412191582002911,0.08047138047138053,-0.38641523917259213,-0.17080024381748526,FAIL,0.8103448275862069,0.9491525423728814,1.0,28,54
GSE32863,835,0.00462962962962965,-0.29804416716181426,0.007647886402303396,-0.06538461538461532,0.07046957671957665,-0.401501562163327,-0.186979564553094,FAIL,0.8103448275862069,0.9491525423728814,1.0,28,54
GSE32863,836,0.041137566137566084,-0.2615362306538778,0.06795693346046693,-0.02415458937198056,0.10482654600301644,-0.3656831322272499,-0.15092922870140635,FAIL,0.8103448275862069,0.9491525423728814,1.0,28,54
GSE32863,837,-0.008730158730158644,-0.31140395552160255,-0.014421728644343339,-0.0767295597484276,0.06175438596491234,-0.4188247863247864,-0.19574929971988786,FAIL,0.8103448275862069,0.9491525423728814,1.0,28,54
GSE32863,838,0.03518518518518515,-0.26748861160625875,0.058123936657505496,-0.040246305418719264,0.11495956873315372,-0.383076563958917,-0.14933243034055738,FAIL,0.8103448275862069,0.9491525423728814,1.0,28,54
GSE32863,839,0.04814814814814811,-0.2545256486432958,0.0795380185839549,-0.016203703703703665,0.11111111111111122,-0.3581313131313132,-0.14585573476702512,FAIL,0.8103448275862069,0.9491525423728814,1.0,28,54
GSE32863,840,0.03201058201058199,-0.2706632147808619,0.05287967169592607,-0.01915708812260547,0.08511396011396011,-0.3691782407407407,-0.16861574074074068,FAIL,0.8103448275862069,0.9491525423728814,1.0,28,54
GSE32863,841,-0.03253968253968259,-0.3352134793311265,-0.053753715856189425,-0.10277777777777775,0.04277210884353738,-0.4425712719298245,-0.22060185185185188,FAIL,0.8103448275862069,0.9491525423728814,1.0,28,54
GSE32863,842,-0.04563492063492064,-0.34830871742636454,-0.07538630882270457,-0.1073489010989011,0.014682539682539741,-0.45313245577951466,-0.2389156081719901,FAIL,0.8103448275862069,0.9491525423728814,1.0,28,54
GSE32863,843,0.012830687830687804,-0.2898431089607561,0.021195570886383557,-0.06298076923076917,0.08703557312252969,-0.40326252723311556,-0.17856982178102893,FAIL,0.8103448275862069,0.9491525423728814,1.0,28,54
GSE32863,844,0.021825396825396914,-0.280848399966047,0.03605432161085886,-0.06111111111111106,0.10702917771883291,-0.3967612044817928,-0.15865665584415578,FAIL,0.8103448275862069,0.9491525423728814,1.0,28,54
GSE32863,845,0.0025132275132274673,-0.30016056927821644,0.0041517097612503205,-0.05394006659267497,0.06150530503978785,-0.4002714437874967,-0.19287037037037047,FAIL,0.8103448275862069,0.9491525423728814,1.0,28,54
GSE32863,846,-0.0035714285714285587,-0.30624522536287246,-0.005899798081776858,-0.07224880382775117,0.06787878787878787,-0.41522727272727283,-0.19635416666666666,FAIL,0.8103448275862069,0.9491525423728814,1.0,28,54
GSE32863,847,-0.04801587301587301,-0.3506896698073169,-0.07931950754388915,-0.10909090909090902,0.011607142857142816,-0.45516233766233766,-0.2434149184149183,FAIL,0.8103448275862069,0.9491525423728814,1.0,28,54
GSE32863,848,-0.02658730158730166,-0.32926109837874556,-0.043920719053227995,-0.09040747028862478,0.03496296296296292,-0.42995246583481883,-0.22347537878787888,FAIL,0.8103448275862069,0.9491525423728814,1.0,28,54
GSE32863,849,-0.045502645502645545,-0.34817644229408945,-0.07516779778263882,-0.11259259259259269,0.02129629629629637,-0.450906862745098,-0.23592261904761913,FAIL,0.8103448275862069,0.9491525423728814,1.0,28,54
GSE32863,850,-0.005158730158730085,-0.307832526950174,-0.008521930562566482,-0.06486166007905136,0.05441176470588238,-0.40902896967805696,-0.19609470390720396,FAIL,0.8103448275862069,0.9491525423728814,1.0,28,54
GSE32863,851,0.016005291005291022,-0.2866685057861529,0.02643983584796308,-0.049090909090909074,0.08412698412698416,-0.39047619047619053,-0.1783549783549786,FAIL,0.8103448275862069,0.9491525423728814,1.0,28,54
GSE32863,852,-0.007539682539682513,-0.3102134793311264,-0.012455129283751145,-0.08802139037433154,0.07341197822141571,-0.42212566844919786,-0.19112386581426818,FAIL,0.8103448275862069,0.9491525423728814,1.0,28,54
GSE32863,853,0.0584656084656085,-0.2442081883258354,0.09658187970908823,-0.00895622895622894,0.12270021645021656,-0.34719708396178983,-0.13245699409707387,FAIL,0.8103448275862069,0.9491525423728814,1.0,28,54
GSE32863,854,0.044047619047619,-0.2586261777438249,0.07276417634191477,-0.03865229110512136,0.12982142857142848,-0.3770667989417989,-0.13740740740740742,FAIL,0.8103448275862069,0.9491525423728814,1.0,28,54
GSE32863,855,-0.02579365079365087,-0.3284674475850948,-0.04260965281283314,-0.10766836445953604,0.05948616600790524,-0.44315827174853545,-0.20730229591836735,FAIL,0.8103448275862069,0.9491525423728814,1.0,28,54
GSE32863,856,-0.03677248677248668,-0.3394462835639306,-0.06074606913829512,-0.09914021164021158,0.027747252747252815,-0.4441547831253714,-0.23173480083857445,FAIL,0.8103448275862069,0.9491525423728814,1.0,28,54
GSE32863,857,-0.03835978835978837,-0.3410335851512323,-0.06336820161908502,-0.10826594788858934,0.032031692133559775,-0.4515970397406483,-0.23248617436564734,FAIL,0.8103448275862069,0.9491525423728814,1.0,28,54
GSE32863,858,-0.115079365079365,-0.4177531618708089,-0.19010460485725486,-0.17666666666666658,-0.054545454545454564,-0.5198290470494418,-0.31031898266552993,FAIL,0.8103448275862069,0.9491525423728814,1.0,28,54
GSE32863,859,0.03306878306878308,-0.2696050137226608,0.05462776001645261,-0.05138248847926269,0.1213032581453633,-0.38696581196581187,-0.14722140762463354,FAIL,0.8103448275862069,0.9491525423728814,1.0,28,54
GSE32863,860,-0.023015873015873045,-0.32568966980731695,-0.03802092097145105,-0.08657142857142858,0.04282407407407418,-0.42870678085890346,-0.21354723707664885,FAIL,0.8103448275862069,0.9491525423728814,1.0,28,54
GSE32863,861,0.04034391534391518,-0.2623298814475287,0.06664586722007189,-0.019943019943019835,0.09950000000000003,-0.3618939393939395,-0.16083333333333333,FAIL,0.8103448275862069,0.9491525423728814,1.0,28,54
GSE32863,862,0.026587301587301604,-0.2760864952041423,0.043920719053227905,-0.0570028011204482,0.11525925925925928,-0.3946801346801346,-0.15034849409849416,FAIL,0.8103448275862069,0.9491525423728814,1.0,28,54
GSE32863,863,0.060185185185185175,-0.24248861160625873,0.09942252322994369,-0.020428571428571407,0.13704545454545458,-0.35638665340744446,-0.1282323232323232,FAIL,0.8103448275862069,0.9491525423728814,1.0,28,54
GSE32863,864,-0.06190476190476174,-0.36457855869620565,-0.10226316675079897,-0.14317851959361383,0.018505079825834603,-0.4781215316315205,-0.23989144316730532,FAIL,0.8103448275862069,0.9491525423728814,1.0,28,54
GSE32863,865,0.03227513227513229,-0.2703986645163116,0.05331669377605775,-0.03913207547169811,0.09856968959220924,-0.3788239538239538,-0.16524767801857582,FAIL,0.8103448275862069,0.9491525423728814,1.0,28,54
GSE32863,866,0.00806878306878317,-0.29460501372266074,0.013329173444014597,-0.047357142857142875,0.06369975389663657,-0.38953570795676057,-0.18510841888451002,FAIL,0.8103448275862069,0.9491525423728814,1.0,28,54
GSE32863,867,-0.05264550264550266,-0.35531929943694657,-0.08696739394619254,-0.12933723196881092,0.02497949138638228,-0.4650895632597,-0.23938852813852823,FAIL,0.8103448275862069,0.9491525423728814,1.0,28,54
GSE32863,868,0.07301587301587298,-0.22965792377557093,0.12061809411632725,-0.0027058823529411136,0.14616161616161616,-0.3374014916971574,-0.11724089635854346,FAIL,0.8103448275862069,0.9491525423728814,1.0,28,54
GSE32863,869,-0.03558201058201055,-0.33825580737345445,-0.058779469777702924,-0.11440476190476179,0.04568627450980395,-0.4510040885040885,-0.21517722473604856,FAIL,0.8103448275862069,0.9491525423728814,1.0,28,54
GSE32863,870,-0.05952380952380948,-0.3621976063152534,-0.09832996802961458,-0.1337962962962964,0.014204851752021519,-0.4692160087719299,-0.23906565656565648,FAIL,0.8103448275862069,0.9491525423728814,1.0,28,54
GSE32863,871,-0.024735449735449777,-0.3274092465268937,-0.0408615644923066,-0.09411764705882347,0.043525641025641104,-0.43667954852165375,-0.2143518518518519,FAIL,0.8103448275862069,0.9491525423728814,1.0,28,54
GSE32863,872,0.0002645502645502451,-0.30240924652689366,0.00043702208013158856,-0.08780091086532194,0.08425324675324686,-0.4217487373737373,-0.18075396825396833,FAIL,0.8103448275862069,0.9491525423728814,1.0,28,54
GSE32863,873,0.012037037037037013,-0.2906367597544069,0.0198845046459887,-0.060714285714285776,0.08349999999999996,-0.3988260582010583,-0.1780907578084996,FAIL,0.8103448275862069,0.9491525423728814,1.0,28,54
GSE32863,874,-0.027380952380952506,-0.3300547491723964,-0.04523178529362295,-0.09964912280701754,0.045807692307692494,-0.43756105006105006,-0.21274756493506497,FAIL,0.8103448275862069,0.9491525423728814,1.0,28,54
GSE32863,875,0.015343915343915215,-0.2873298814475287,0.025347280647633787,-0.044159544159544095,0.07256894049346874,-0.3901082251082251,-0.18187645687645682,FAIL,0.8103448275862069,0.9491525423728814,1.0,28,54
GSE32863,876,-0.010052910052910036,-0.31272670684435394,-0.016606839045001556,-0.07857142857142851,0.057944389275074504,-0.416111111111111,-0.20001716908841172,FAIL,0.8103448275862069,0.9491525423728814,1.0,28,54
GSE32863,877,-0.030820105820105914,-0.3334939026115498,-0.050913072335333966,-0.11388888888888904,0.05454545454545445,-0.45088012477718364,-0.20549999999999996,FAIL,0.8103448275862069,0.9491525423728814,1.0,28,54
GSE32863,878,-0.01296296296296301,-0.3156367597544069,-0.02141408192644949,-0.08477443609022561,0.05766509433962269,-0.42332735961768225,-0.20091002747252734,FAIL,0.8103448275862069,0.9491525423728814,1.0,28,54
GSE32863,879,-0.032275132275132346,-0.33494892906657625,-0.05331669377605784,-0.09996632996632987,0.039111111111111097,-0.44183096315449255,-0.2236894063180827,FAIL,0.8103448275862069,0.9491525423728814,1.0,28,54
GSE32863,880,0.07962962962962966,-0.22304416716181424,0.13154364611961789,0.002129380053908392,0.1591696535244923,-0.33651154401154404,-0.10975164541341012,FAIL,0.8103448275862069,0.9491525423728814,1.0,28,54
GSE32863,881,0.011904761904761807,-0.2907690348866821,0.01966599360592277,-0.062091503267974024,0.08543859649122809,-0.40104997341839443,-0.1753882575757575,FAIL,0.8103448275862069,0.9491525423728814,1.0,28,54
GSE32863,882,0.06521164021164022,-0.23746215657980368,0.10772594275244451,0.005279034690799489,0.12293428757319458,-0.3365856481481481,-0.1319047619047619,FAIL,0.8103448275862069,0.9491525423728814,1.0,28,54
GSE32863,883,0.018386243386243395,-0.2842875534052005,0.030373034569147653,-0.06079245283018864,0.09749216300940433,-0.39935966810966816,-0.16563874119441813,FAIL,0.8103448275862069,0.9491525423728814,1.0,28,54
GSE32863,884,0.025396825396825362,-0.27727697139461854,0.04195411969263553,-0.05110356536502553,0.10319865319865318,-0.390697601010101,-0.1622834747106389,FAIL,0.8103448275862069,0.9491525423728814,1.0,28,54
GSE32863,885,0.0255291005291004,-0.2771446962623435,0.04217263073270119,-0.053750000000000075,0.10479082321187588,-0.39422955040602103,-0.15759124947633024,FAIL,0.8103448275862069,0.9491525423728814,1.0,28,54
GSE32863,886,0.04788359788359786,-0.25479019890784604,0.07910099650382331,-0.02767857142857144,0.12374999999999997,-0.36798340548340547,-0.13937413349178046,FAIL,0.8103448275862069,0.9491525423728814,1.0,28,54
GSE32863,887,0.040740740740740744,-0.26193305605070316,0.06730140034026959,-0.042884012539185,0.12169312169312163,-0.3785551948051948,-0.14227380952380955,FAIL,0.8103448275862069,0.9491525423728814,1.0,28,54
GSE32863,888,-0.013756613756613745,-0.31643041054805765,-0.022725148166844258,-0.08158947970268732,0.05509453781512602,-0.42331504702194356,-0.20370370370370364,FAIL,0.8103448275862069,0.9491525423728814,1.0,28,54
GSE32863,889,-0.03888888888888897,-0.3415626856803329,-0.06424224577934838,-0.09407407407407409,0.01599616858237557,-0.4399645385040922,-0.23865079365079375,FAIL,0.8103448275862069,0.9491525423728814,1.0,28,54
GSE32863,890,0.011772486772486768,-0.29090131001895714,0.019447482565857113,-0.04303104077906267,0.06992307692307692,-0.39257455779514605,-0.180996732026144,FAIL,0.8103448275862069,0.9491525423728814,1.0,28,54
GSE32863,891,-0.010978835978836032,-0.31365263277027994,-0.018136416325462347,-0.06709401709401708,0.044444444444444564,-0.4132194493959199,-0.20920479302832248,FAIL,0.8103448275862069,0.9491525423728814,1.0,28,54
GSE32863,892,0.003174603174603108,-0.2994991936168408,0.005244264961579338,-0.06767676767676761,0.07481481481481489,-0.4047024593763725,-0.18583401892225418,FAIL,0.8103448275862069,0.9491525423728814,1.0,28,54
GSE32863,893,-0.02830687830687828,-0.3309806750983222,-0.04676136257408337,-0.09862637362637366,0.044545454545454666,-0.4372899159663866,-0.21621323529411765,FAIL,0.8103448275862069,0.9491525423728814,1.0,28,54
GSE32863,894,0.012301587301587424,-0.2903722094898565,0.020321526726120566,-0.04766483516483516,0.07464157706093183,-0.39357142857142857,-0.18156114718614713,FAIL,0.8103448275862069,0.9491525423728814,1.0,28,54
GSE32863,895,0.05145502645502653,-0.2512187703364174,0.08500079458560035,-0.009794721407624607,0.1127547169811321,-0.3511006289308176,-0.13995921394141647,FAIL,0.8103448275862069,0.9491525423728814,1.0,28,54
GSE32863,896,0.023941798941798875,-0.27873199784964503,0.039550498251911564,-0.04806763285024146,0.09550371872887087,-0.39048830409356716,-0.16539449112978544,FAIL,0.8103448275862069,0.9491525423728814,1.0,28,54
GSE32863,897,0.05357142857142866,-0.24910236822001525,0.08849697122665333,-0.019469696969697026,0.12981481481481472,-0.3594429590017826,-0.13014485514485527,FAIL,0.8103448275862069,0.9491525423728814,1.0,28,54
GSE32863,898,0.0054232804232803855,-0.2972505163681635,0.008958952642698161,-0.05935672514619883,0.0671136653895274,-0.40202287581699353,-0.18930871212121203,FAIL,0.8103448275862069,0.9491525423728814,1.0,28,54
GSE32863,899,-0.0443121693121693,-0.3469859661036132,-0.07320119842204645,-0.12202346041055717,0.03392857142857142,-0.4601679929266137,-0.22881746031746036,FAIL,0.8103448275862069,0.9491525423728814,1.0,28,54
GSE32863,900,-0.0047619047619048005,-0.3074357015533487,-0.007866397442369236,-0.07946428571428565,0.07599681020733662,-0.4197264150943396,-0.1872455322455323,FAIL,0.8103448275862069,0.9491525423728814,1.0,28,54
GSE32863,901,0.02473544973544961,-0.2779383470559943,0.04086156449230633,-0.06018217306441115,0.10023923444976074,-0.396446103294229,-0.16174074074074068,FAIL,0.8103448275862069,0.9491525423728814,1.0,28,54
GSE32863,902,-0.023412698412698496,-0.3260864952041424,-0.03867645409164857,-0.09642857142857147,0.04867374005305042,-0.43750000000000006,-0.21080128205128218,FAIL,0.8103448275862069,0.9491525423728814,1.0,28,54
GSE32863,903,0.02619047619047621,-0.2764833206009677,0.04326518593303048,-0.05537037037037029,0.10452380952380957,-0.3921434937611409,-0.15959829059829056,FAIL,0.8103448275862069,0.9491525423728814,1.0,28,54
GSE32863,904,0.049867724867724894,-0.252806071923719,0.08237866210481054,-0.016071428571428625,0.11818181818181817,-0.35830392156862745,-0.1373969671201813,FAIL,0.8103448275862069,0.9491525423728814,1.0,28,54
GSE32863,905,0.013359788359788516,-0.2893140084316554,0.022069615046647104,-0.05092592592592582,0.07733333333333325,-0.3983457653457653,-0.1778976913345984,FAIL,0.8103448275862069,0.9491525423728814,1.0,28,54
GSE32863,906,0.02526455026455038,-0.2774092465268935,0.041735608652569964,-0.049436090225563945,0.09864864864864858,-0.3907870370370371,-0.15991830065359472,FAIL,0.8103448275862069,0.9491525423728814,1.0,28,54
GSE32863,907,0.055423280423280485,-0.24725051636816342,0.09155612578757463,-0.02979830839297326,0.13357142857142862,-0.36655982905982903,-0.13122276688453158,FAIL,0.8103448275862069,0.9491525423728814,1.0,28,54
GSE32863,908,-0.07341269841269832,-0.3760864952041422,-0.12127362723652459,-0.14234693877551025,-0.0014964216005203812,-0.4836855396065922,-0.25860711516244916,FAIL,0.8103448275862069,0.9491525423728814,1.0,28,54
GSE32863,909,0.03915343915343911,-0.2635203576380048,0.06467926785947979,-0.021232439335887587,0.10085714285714287,-0.36296296296296293,-0.15365578049401585,FAIL,0.8103448275862069,0.9491525423728814,1.0,28,54
GSE32863,910,0.055952380952380976,-0.24672141583906293,0.09243016994783781,-0.009597523219814219,0.1159726740403384,-0.34754145225843325,-0.13911931612809936,FAIL,0.8103448275862069,0.9491525423728814,1.0,28,54
GSE32863,911,-0.10449735449735442,-0.4071711512887983,-0.17262372165199005,-0.16253537068477647,-0.04415145368492218,-0.5070751633986927,-0.2946149945389296,FAIL,0.8103448275862069,0.9491525423728814,1.0,28,54
GSE32863,912,-0.00833333333333347,-0.3110071301247774,-0.013766195524146279,-0.0855769230769231,0.07358974358974363,-0.42313739719400095,-0.18828377504848112,FAIL,0.8103448275862069,0.9491525423728814,1.0,28,54
GSE32863,913,-0.0887566137566137,-0.3914304105480576,-0.14662090788415866,-0.1537164093767867,-0.01826923076923076,-0.4934382284382283,-0.27760676944887475,FAIL,0.8103448275862069,0.9491525423728814,1.0,28,54
GSE32863,914,-0.03068783068783071,-0.3333616274792746,-0.05069456129526803,-0.10381944444444452,0.04038461538461535,-0.44200127877237855,-0.22192460317460316,FAIL,0.8103448275862069,0.9491525423728814,1.0,28,54
GSE32863,915,-0.07923280423280421,-0.3819066010242481,-0.13088811299942035,-0.14652777777777787,-0.010714285714285676,-0.48727532679738567,-0.2699110695339143,FAIL,0.8103448275862069,0.9491525423728814,1.0,28,54
GSE32863,916,0.06984126984126987,-0.23283252695017403,0.1153738291547479,0.009999999999999953,0.12818181818181829,-0.3305941607412196,-0.12426470588235294,FAIL,0.8103448275862069,0.9491525423728814,1.0,28,54
GSE32863,917,-0.12142857142857144,-0.42410236822001535,-0.2005931347804139,-0.186969696969697,-0.05641509433962266,-0.5263953796128251,-0.31705516705516706,FAIL,0.8103448275862069,0.9491525423728814,1.0,28,54
GSE32863,918,0.027248677248677244,-0.27542511954276666,0.045013274253556924,-0.02429629629629615,0.08208333333333334,-0.37469896004378767,-0.1674270255271921,FAIL,0.8103448275862069,0.9491525423728814,1.0,28,54
GSE32863,919,-0.0347883597883597,-0.3374621565798036,-0.05746840353730798,-0.11618663594470047,0.04315476190476186,-0.45019978005865097,-0.22014325049330014,FAIL,0.8103448275862069,0.9491525423728814,1.0,28,54
GSE32863,920,0.0044973544973545,-0.2981764422940894,0.007429375362237556,-0.07249637155297534,0.08547077922077928,-0.40937229437229444,-0.17974667320509113,FAIL,0.8103448275862069,0.9491525423728814,1.0,28,54
GSE32863,921,0.03134920634920635,-0.27132459044223756,0.05178711649559705,-0.02939285714285711,0.09596153846153843,-0.3695436507936507,-0.16483134920634926,FAIL,0.8103448275862069,0.9491525423728814,1.0,28,54
GSE32863,922,-0.10396825396825388,-0.4066420507596978,-0.1717496774917268,-0.17069387755102033,-0.03897306397306405,-0.5048777203188968,-0.29953265125678924,FAIL,0.8103448275862069,0.9491525423728814,1.0,28,54
GSE32863,923,-0.0030423280423280685,-0.305716124833772,-0.005025753921513681,-0.06428571428571422,0.06044474393531002,-0.405334051724138,-0.19573412698412712,FAIL,0.8103448275862069,0.9491525423728814,1.0,28,54
GSE32863,924,0.01917989417989413,-0.2834939026115498,0.03168410080954242,-0.05350274725274723,0.09505087881591118,-0.39403508771929835,-0.1637987012987014,FAIL,0.8103448275862069,0.9491525423728814,1.0,28,54
GSE32863,925,0.002248677248677222,-0.3004251195427667,0.003714687681118732,-0.07018181818181812,0.07476190476190481,-0.41015109890109885,-0.1863813431428032,FAIL,0.8103448275862069,0.9491525423728814,1.0,28,54
GSE32863,926,0.021296296296296202,-0.2813775004951477,0.03518027745059531,-0.07390648567119146,0.10576923076923084,-0.40273569023569017,-0.15905660731725635,FAIL,0.8103448275862069,0.9491525423728814,1.0,28,54
GSE32863,927,-0.029497354497354467,-0.33217115128879837,-0.048727961934675657,-0.08650000000000002,0.02911184210526313,-0.42772477129788455,-0.2237093113107311,FAIL,0.8103448275862069,0.9491525423728814,1.0,28,54
GSE32863,928,0.036507936507936545,-0.26616586028350736,0.060309047058163714,-0.03177387914230029,0.10224867724867726,-0.37146377368151545,-0.1590949675324676,FAIL,0.8103448275862069,0.9491525423728814,1.0,28,54
GSE32863,929,-0.051719576719576776,-0.3543933735110207,-0.08543781666573194,-0.12282886334610488,0.016111111111111076,-0.4608317041381558,-0.2452976190476191,FAIL,0.8103448275862069,0.9491525423728814,1.0,28,54
GSE32863,930,0.027513227513227545,-0.27516056927821636,0.045450296333688606,-0.05481481481481476,0.1067307692307693,-0.3889941077441077,-0.15400238948626047,FAIL,0.8103448275862069,0.9491525423728814,1.0,28,54
GSE32863,931,0.08730158730158738,-0.21537220948985653,0.14421728644343496,0.02658730158730166,0.1425100057175529,-0.3156366595221087,-0.11158144796380093,FAIL,0.8103448275862069,0.9491525423728814,1.0,28,54
GSE32863,932,0.000661375661375696,-0.3020124211300682,0.001092555200329109,-0.07525000000000004,0.08134037819799789,-0.41481789379974865,-0.1815070845080604,FAIL,0.8103448275862069,0.9491525423728814,1.0,28,54
GSE32863,933,0.00436507936507935,-0.29830871742636456,0.0072108643221717155,-0.07486263736263743,0.0870014245014244,-0.41494252873563214,-0.18042831197659165,FAIL,0.8103448275862069,0.9491525423728814,1.0,28,54
GSE32863,934,0.061375661375661306,-0.2412981354157826,0.10138912259053588,-0.011813186813186827,0.14027777777777778,-0.3503466134164557,-0.1296296296296295,FAIL,0.8103448275862069,0.9491525423728814,1.0,28,54
GSE32863,935,-0.059259259259259234,-0.36193305605070314,-0.09789294594948299,-0.13679245283018865,0.013645224171540016,-0.4754754707245361,-0.24837301587301575,FAIL,0.8103448275862069,0.9491525423728814,1.0,28,54
GSE32863,936,-0.032539682539682535,-0.33521347933112644,-0.053753715856189335,-0.10267857142857145,0.03790322580645161,-0.443977564102564,-0.2244508416574177,FAIL,0.8103448275862069,0.9491525423728814,1.0,28,54
GSE32863,937,0.0753968253968253,-0.2272769713946186,0.12455129283751173,0.002160681679853893,0.14732905982905975,-0.33641315111903347,-0.11426136363636386,FAIL,0.8103448275862069,0.9491525423728814,1.0,28,54
GSE32863,938,-0.080026455026455,-0.3827002518178989,-0.13219917923981522,-0.14640522875816986,-0.013128930817610074,-0.4857371794871794,-0.2733610615963558,FAIL,0.8103448275862069,0.9491525423728814,1.0,28,54
GSE32863,939,0.03134920634920629,-0.2713245904422376,0.05178711649559696,-0.03400349650349649,0.09470659407138554,-0.37672186147186154,-0.15906084656084665,FAIL,0.8103448275862069,0.9491525423728814,1.0,28,54
GSE32863,940,-0.06111111111111106,-0.36378490790255497,-0.10095210051040429,-0.12228571428571428,0.0018181818181818299,-0.46207120678183305,-0.2522201577763723,FAIL,0.8103448275862069,0.9491525423728814,1.0,28,54
GSE32863,941,-0.016534391534391513,-0.3192081883258354,-0.02731388000822626,-0.07907692307692321,0.04882758620689659,-0.422337962962963,-0.2110930735930736,FAIL,0.8103448275862069,0.9491525423728814,1.0,28,54
GSE32863,942,-0.05198412698412691,-0.3546579237755708,-0.08587483874586334,-0.12181663837011886,0.01888528138528145,-0.4624925727866905,-0.24212025919573088,FAIL,0.8103448275862069,0.9491525423728814,1.0,28,54
GSE32863,943,0.04735449735449743,-0.2553192994369465,0.07822695234356022,-0.024867374005305032,0.11724565756823818,-0.36703761755485886,-0.13836805555555556,FAIL,0.8103448275862069,0.9491525423728814,1.0,28,54
GSE32863,944,-0.02182539682539686,-0.32449919361684076,-0.03605432161085876,-0.09752747252747257,0.06005215742057851,-0.43382478632478627,-0.20527674606655336,FAIL,0.8103448275862069,0.9491525423728814,1.0,28,54
GSE32863,945,0.04417989417989415,-0.25849390261154975,0.0729826873819806,-0.03543956043956037,0.12000000000000005,-0.37830392156862747,-0.14186320754716972,FAIL,0.8103448275862069,0.9491525423728814,1.0,28,54
GSE32863,946,-0.04589947089947083,-0.34857326769091473,-0.07582333090283608,-0.11078431372549019,0.016298701298701423,-0.4544031948443713,-0.2417906242956953,FAIL,0.8103448275862069,0.9491525423728814,1.0,28,54
GSE32863,947,0.03518518518518521,-0.2674886116062587,0.05812393665750559,-0.04170426065162913,0.116701607267645,-0.38133213859020315,-0.1458244206773618,FAIL,0.8103448275862069,0.9491525423728814,1.0,28,54
GSE32863,948,0.004232804232804255,-0.29844099255863965,0.006992353282105968,-0.07636363636363636,0.08345588235294116,-0.4092539682539685,-0.18233097484276733,FAIL,0.8103448275862069,0.9491525423728814,1.0,28,54
GSE32863,949,-0.06521164021164011,-0.367885437003084,-0.10772594275244433,-0.13290566037735851,0.004275862068965408,-0.47138968874262993,-0.2559343434343434,FAIL,0.8103448275862069,0.9491525423728814,1.0,28,54
GSE32863,950,-0.05145502645502642,-0.3541288232464703,-0.08500079458560017,-0.11267379679144385,0.01296296296296301,-0.4588760504201682,-0.24152930402930411,FAIL,0.8103448275862069,0.9491525423728814,1.0,28,54
GSE32863,951,-0.018650793650793696,-0.3213245904422376,-0.030810056649279334,-0.09891067538126358,0.06464646464646467,-0.4331489527629233,-0.19443367090425911,FAIL,0.8103448275862069,0.9491525423728814,1.0,28,54
GSE32863,952,0.019576719576719526,-0.2830970772147244,0.03233963392973985,-0.033300264550264524,0.07688992042440318,-0.3818287037037037,-0.17650854700854707,FAIL,0.8103448275862069,0.9491525423728814,1.0,28,54
GSE32863,953,-0.03703703703703698,-0.3397108338284809,-0.0611830912184268,-0.1052249637155297,0.03246187363834413,-0.4458290663935826,-0.22775793650793655,FAIL,0.8103448275862069,0.9491525423728814,1.0,28,54
GSE32863,954,-0.02407407407407408,-0.326747870865518,-0.03976900929197749,-0.08939393939393936,0.03782051282051285,-0.4313492063492062,-0.21757452317797155,FAIL,0.8103448275862069,0.9491525423728814,1.0,28,54
GSE32863,955,-0.046296296296296224,-0.34897009308774013,-0.0764788640230335,-0.11736842105263162,0.017037037037037017,-0.4580853174603174,-0.24249339747217497,FAIL,0.8103448275862069,0.9491525423728814,1.0,28,54
GSE32863,956,-0.029629629629629672,-0.3323034264210736,-0.04894647297474159,-0.104782116581777,0.045841784989858025,-0.4493218954248365,-0.2201719576719577,FAIL,0.8103448275862069,0.9491525423728814,1.0,28,54
GSE32863,957,0.01309523809523816,-0.28957855869620575,0.021632592966515332,-0.05161403508771922,0.07735849056603789,-0.3933303624480094,-0.17848389555936733,FAIL,0.8103448275862069,0.9491525423728814,1.0,28,54
GSE32863,958,0.004497354497354389,-0.2981764422940895,0.007429375362237372,-0.0644675925925926,0.07510775862068964,-0.4077254641909814,-0.1907522624434389,FAIL,0.8103448275862069,0.9491525423728814,1.0,28,54
GSE32863,959,0.00873015873015881,-0.2939436380612851,0.014421728644343615,-0.06470355731225291,0.08134482758620681,-0.40283751493428915,-0.1741110960513237,FAIL,0.8103448275862069,0.9491525423728814,1.0,28,54
GSE32863,960,-0.007804232804232758,-0.31047802959567666,-0.012892151363882734,-0.0893472906403941,0.07692307692307687,-0.4236653297682709,-0.18491161616161622,FAIL,0.8103448275862069,0.9491525423728814,1.0,28,54
GSE32863,961,-0.030687830687830542,-0.33336162747927445,-0.05069456129526776,-0.12433862433862441,0.06418518518518518,-0.4571444621991411,-0.20238095238095233,FAIL,0.8103448275862069,0.9491525423728814,1.0,28,54
GSE32863,962,0.012698412698412598,-0.2899753840930313,0.020977059846317626,-0.07141025641025645,0.09752747252747251,-0.4091660382101559,-0.1682442977190876,FAIL,0.8103448275862069,0.9491525423728814,1.0,28,54
GSE32863,963,-0.05899470899470899,-0.3616685057861529,-0.09745592386935141,-0.13128423615337798,0.01685185185185184,-0.4696640614287674,-0.24305584121760584,FAIL,0.8103448275862069,0.9491525423728814,1.0,28,54
GSE32863,964,-0.016402116402116418,-0.3190759131935603,-0.027095368968160508,-0.08617496807151975,0.05701754385964919,-0.42703081232493,-0.20243378052975575,FAIL,0.8103448275862069,0.9491525423728814,1.0,28,54
GSE32863,965,0.008730158730158866,-0.29394363806128504,0.014421728644343707,-0.06471590909090907,0.07886904761904767,-0.40557913601207324,-0.18126734184239734,FAIL,0.8103448275862069,0.9491525423728814,1.0,28,54
GSE32863,966,-0.007142857142857173,-0.3098166539343011,-0.011799596163553808,-0.07696969696969691,0.0645454545454544,-0.416177398989899,-0.1955984932566509,FAIL,0.8103448275862069,0.9491525423728814,1.0,28,54
GSE32863,967,-0.007407407407407418,-0.3100812041988513,-0.012236618243685398,-0.07098484848484848,0.05853846153846154,-0.41467681623931624,-0.1981327985739751,FAIL,0.8103448275862069,0.9491525423728814,1.0,28,54
GSE32863,968,0.018650793650793585,-0.2840230031406503,0.03081005664927915,-0.0541394335511981,0.09074675324675313,-0.3946641042780749,-0.1707287933094386,FAIL,0.8103448275862069,0.9491525423728814,1.0,28,54
GSE32863,969,-0.038095238095238126,-0.34076903488668203,-0.06293117953895343,-0.10364010989010985,0.032228195937873405,-0.44315079365079374,-0.2275343137254902,FAIL,0.8103448275862069,0.9491525423728814,1.0,28,54
GSE32863,970,-0.024999999999999967,-0.32767379679144387,-0.0412985865724381,-0.07731092436974785,0.02581481481481479,-0.42219887955182067,-0.223776455026455,FAIL,0.8103448275862069,0.9491525423728814,1.0,28,54
GSE32863,971,-0.030026455026455012,-0.3327002518178989,-0.04960200609493892,-0.09814814814814815,0.03730769230769221,-0.4443145743145742,-0.21468567713823877,FAIL,0.8103448275862069,0.9491525423728814,1.0,28,54
GSE32863,972,0.032539682539682535,-0.27013411425176137,0.053753715856189335,-0.05357142857142866,0.12076923076923074,-0.3934527875010672,-0.14461988304093565,FAIL,0.8103448275862069,0.9491525423728814,1.0,28,54
GSE32863,973,0.012037037037036957,-0.29063675975440695,0.01988450464598861,-0.06488095238095248,0.08835784313725487,-0.40495879851143024,-0.16900543900543907,FAIL,0.8103448275862069,0.9491525423728814,1.0,28,54
GSE32863,974,0.04748677248677252,-0.2551870243046714,0.07844546338362597,-0.010311059907834152,0.10435759209344114,-0.359589947089947,-0.14946803323451402,FAIL,0.8103448275862069,0.9491525423728814,1.0,28,54
GSE32863,975,-0.09629629629629621,-0.3989700930877401,-0.1590760371679098,-0.1656019656019656,-0.025231481481481466,-0.5087404214559388,-0.28695387700534736,FAIL,0.8103448275862069,0.9491525423728814,1.0,28,54
GSE32863,976,-0.0087301587301587,-0.3114039555216026,-0.014421728644343431,-0.08348484848484844,0.062368972746331186,-0.4205516705516705,-0.20226946041574534,FAIL,0.8103448275862069,0.9491525423728814,1.0,28,54
GSE32863,977,-0.03796296296296303,-0.34063675975440694,-0.06271266849888768,-0.12321187584345472,0.0486666666666668,-0.45995370370370364,-0.2141612200435729,FAIL,0.8103448275862069,0.9491525423728814,1.0,28,54
GSE32863,978,-0.04060846560846565,-0.34328226239990955,-0.06708288930020384,-0.11909090909090914,0.03431372549019612,-0.45490495391705066,-0.22687415266725608,FAIL,0.8103448275862069,0.9491525423728814,1.0,28,54
GSE32863,979,0.046825396825396826,-0.2558483999660471,0.07735290818329686,-0.022089947089947104,0.1206896551724137,-0.3612676626206039,-0.13894781144781154,FAIL,0.8103448275862069,0.9491525423728814,1.0,28,54
GSE32863,980,0.012566137566137559,-0.29010765922530635,0.02075854880625197,-0.05790094339622648,0.08184615384615374,-0.3976931157078217,-0.17777777777777787,FAIL,0.8103448275862069,0.9491525423728814,1.0,28,54
GSE32863,981,0.013227513227513199,-0.2894462835639307,0.02185110400658099,-0.04193548387096785,0.06945454545454549,-0.3884259259259259,-0.1810285822667899,FAIL,0.8103448275862069,0.9491525423728814,1.0,28,54
GSE32863,982,-0.08558201058201059,-0.3882558073734545,-0.14137664292257932,-0.15388888888888885,-0.013984962406015045,-0.49759917755200767,-0.2768191425120773,FAIL,0.8103448275862069,0.9491525423728814,1.0,28,54
GSE32863,983,-0.0003968253968253954,-0.3030706221882693,-0.0006555331201974288,-0.059473684210526234,0.06265527950310562,-0.4029820261437908,-0.19212676298589615,FAIL,0.8103448275862069,0.9491525423728814,1.0,28,54
GSE32863,984,-0.07010582010582,-0.3727796168972639,-0.11581085123487932,-0.1460606060606061,0.00945161290322577,-0.48086318162969116,-0.25612745098039225,FAIL,0.8103448275862069,0.9491525423728814,1.0,28,54
GSE32863,985,-0.006613756613756683,-0.3092875534052006,-0.010925552003290631,-0.0698928571428572,0.05673400673400669,-0.41189696633370343,-0.1978060380479735,FAIL,0.8103448275862069,0.9491525423728814,1.0,28,54
GSE32863,986,-0.08597883597883593,-0.38865263277027984,-0.14203217604277665,-0.16083333333333327,-0.0016129032258064835,-0.4999557913351017,-0.2643406316214308,FAIL,0.8103448275862069,0.9491525423728814,1.0,28,54
GSE32863,987,0.03677248677248668,-0.2659013100189572,0.06074606913829512,-0.03227752639517345,0.10828571428571432,-0.373655462184874,-0.153001443001443,FAIL,0.8103448275862069,0.9491525423728814,1.0,28,54
GSE32863,988,-0.059920634920634874,-0.3625944317120788,-0.09898550114981201,-0.12689655172413783,0.008823529411764786,-0.46768009596182974,-0.24933608058608056,FAIL,0.8103448275862069,0.9491525423728814,1.0,28,54
GSE32863,989,0.09298941798941807,-0.20968437880202584,0.1536132611662648,0.03694581280788167,0.1468750000000001,-0.3072053872053872,-0.1059194890077243,FAIL,0.8103448275862069,0.9491525423728814,1.0,28,54
GSE32863,990,-0.027248677248677244,-0.32992247404012115,-0.045013274253556924,-0.08871473354231985,0.03295755968169756,-0.4346118652589241,-0.22258166782507544,FAIL,0.8103448275862069,0.9491525423728814,1.0,28,54
GSE32863,991,-0.024603174603174627,-0.32727697139461853,-0.040643053452240764,-0.10486166007905129,0.04913793103448283,-0.4363442113442115,-0.2135447828670334,FAIL,0.8103448275862069,0.9491525423728814,1.0,28,54
GSE32863,992,0.06230158730158736,-0.24037220948985655,0.10291869987099676,-0.008328445747800561,0.128081797235023,-0.34669117647058817,-0.12459401709401713,FAIL,0.8103448275862069,0.9491525423728814,1.0,28,54
GSE32863,993,-0.02050264550264541,-0.3231764422940893,-0.03386921121020045,-0.09367954911433174,0.05555555555555569,-0.43161079792418544,-0.20759259259259252,FAIL,0.8103448275862069,0.9491525423728814,1.0,28,54
GSE32863,994,-0.049735449735449744,-0.35240924652689365,-0.0821601510647447,-0.11511035653650253,0.016625310173697172,-0.45738025415444783,-0.24527583527583546,FAIL,0.8103448275862069,0.9491525423728814,1.0,28,54
GSE32863,995,-0.029629629629629617,-0.3323034264210735,-0.048946472974741494,-0.0949933687002652,0.034482758620689724,-0.4378758169934641,-0.21963589324618743,FAIL,0.8103448275862069,0.9491525423728814,1.0,28,54
GSE32863,996,-0.03531746031746036,-0.33799125710890426,-0.05834244769757143,-0.10272727272727261,0.03448275862068967,-0.4429629629629631,-0.2217168860551213,FAIL,0.8103448275862069,0.9491525423728814,1.0,28,54
GSE32863,997,-0.06984126984126982,-0.3725150666327137,-0.11537382915474782,-0.1469411764705882,0.003452380952380929,-0.48253968253968255,-0.25922619047619033,FAIL,0.8103448275862069,0.9491525423728814,1.0,28,54
GSE32863,998,-0.02116402116402122,-0.3238378179554651,-0.03496176641052975,-0.09182692307692308,0.05086792452830197,-0.4327444614209321,-0.20858974358974358,FAIL,0.8103448275862069,0.9491525423728814,1.0,28,54
